series_id,week_start,value,week_end,cutoff_timestamp
ieso:ontario-demand,2002-05-05,15808.970238095239,2002-05-11,2026-09-27T23:59:00-04:00
ieso:ontario-demand,2002-05-12,16000.434523809523,2002-05-18,2026-09-27T23:59:00-04:00
ieso:ontario-demand,2002-05-19,15497.72619047619,2002-05-25,2026-09-27T23:59:00-04:00
ieso:ontario-demand,2002-05-26,16325.886904761905,2002-06-01,2026-09-27T23:59:00-04:00
ieso:ontario-demand,2002-06-02,15824.172619047618,2002-06-08,2026-09-27T23:59:00-04:00
ieso:ontario-demand,2002-06-09,16763.35714285714,2002-06-15,2026-09-27T23:59:00-04:00
ieso:ontario-demand,2002-06-16,16721.035714285714,2002-06-22,2026-09-27T23:59:00-04:00
ieso:ontario-demand,2002-06-23,18567.821428571428,2002-06-29,2026-09-27T23:59:00-04:00
ieso:ontario-demand,2002-06-30,19109.821428571428,2002-07-06,2026-09-27T23:59:00-04:00
ieso:ontario-demand,2002-07-07,17702.958333333332,2002-07-13,2026-09-27T23:59:00-04:00
ieso:ontario-demand,2002-07-14,19401.32738095238,2002-07-20,2026-09-27T23:59:00-04:00
ieso:ontario-demand,2002-07-21,18213.803571428572,2002-07-27,2026-09-27T23:59:00-04:00
ieso:ontario-demand,2002-07-28,20140.23214285714,2002-08-03,2026-09-27T23:59:00-04:00
ieso:ontario-demand,2002-08-04,17367.559523809523,2002-08-10,2026-09-27T23:59:00-04:00
ieso:ontario-demand,2002-08-11,20501.916666666668,2002-08-17,2026-09-27T23:59:00-04:00
ieso:ontario-demand,2002-08-18,17815.64285714286,2002-08-24,2026-09-27T23:59:00-04:00
ieso:ontario-demand,2002-08-25,17566.89285714286,2002-08-31,2026-09-27T23:59:00-04:00
ieso:ontario-demand,2002-09-01,17664.791666666668,2002-09-07,2026-09-27T23:59:00-04:00
ieso:ontario-demand,2002-09-08,18463.214285714286,2002-09-14,2026-09-27T23:59:00-04:00
ieso:ontario-demand,2002-09-15,17793.255952380954,2002-09-21,2026-09-27T23:59:00-04:00
ieso:ontario-demand,2002-09-22,16451.45238095238,2002-09-28,2026-09-27T23:59:00-04:00
ieso:ontario-demand,2002-09-29,16768.660714285714,2002-10-05,2026-09-27T23:59:00-04:00
ieso:ontario-demand,2002-10-06,16183.952380952382,2002-10-12,2026-09-27T23:59:00-04:00
ieso:ontario-demand,2002-10-13,16114.767857142857,2002-10-19,2026-09-27T23:59:00-04:00
ieso:ontario-demand,2002-10-20,16964.666666666668,2002-10-26,2026-09-27T23:59:00-04:00
ieso:ontario-demand,2002-10-27,17280.285714285714,2002-11-02,2026-09-27T23:59:00-04:00
ieso:ontario-demand,2002-11-03,17385.464285714286,2002-11-09,2026-09-27T23:59:00-04:00
ieso:ontario-demand,2002-11-10,17234.5,2002-11-16,2026-09-27T23:59:00-04:00
ieso:ontario-demand,2002-11-17,17714.285714285714,2002-11-23,2026-09-27T23:59:00-04:00
ieso:ontario-demand,2002-11-24,18067.869047619046,2002-11-30,2026-09-27T23:59:00-04:00
ieso:ontario-demand,2002-12-01,19147.029761904763,2002-12-07,2026-09-27T23:59:00-04:00
ieso:ontario-demand,2002-12-08,18746.54761904762,2002-12-14,2026-09-27T23:59:00-04:00
ieso:ontario-demand,2002-12-15,18677.434523809523,2002-12-21,2026-09-27T23:59:00-04:00
ieso:ontario-demand,2002-12-22,16617.910714285714,2002-12-28,2026-09-27T23:59:00-04:00
ieso:ontario-demand,2002-12-29,17171.309523809523,2003-01-04,2026-09-27T23:59:00-04:00
ieso:ontario-demand,2003-01-05,18711.309523809523,2003-01-11,2026-09-27T23:59:00-04:00
ieso:ontario-demand,2003-01-12,19765.708333333332,2003-01-18,2026-09-27T23:59:00-04:00
ieso:ontario-demand,2003-01-19,20437.07738095238,2003-01-25,2026-09-27T23:59:00-04:00
ieso:ontario-demand,2003-01-26,19708.744047619046,2003-02-01,2026-09-27T23:59:00-04:00
ieso:ontario-demand,2003-02-02,19177.29761904762,2003-02-08,2026-09-27T23:59:00-04:00
ieso:ontario-demand,2003-02-09,20227.380952380954,2003-02-15,2026-09-27T23:59:00-04:00
ieso:ontario-demand,2003-02-16,19342.630952380954,2003-02-22,2026-09-27T23:59:00-04:00
ieso:ontario-demand,2003-02-23,19399.02380952381,2003-03-01,2026-09-27T23:59:00-04:00
ieso:ontario-demand,2003-03-02,19325.410714285714,2003-03-08,2026-09-27T23:59:00-04:00
ieso:ontario-demand,2003-03-09,18804.238095238095,2003-03-15,2026-09-27T23:59:00-04:00
ieso:ontario-demand,2003-03-16,17333.803571428572,2003-03-22,2026-09-27T23:59:00-04:00
ieso:ontario-demand,2003-03-23,16915.630952380954,2003-03-29,2026-09-27T23:59:00-04:00
ieso:ontario-demand,2003-03-30,18122.64880952381,2003-04-05,2026-09-27T23:59:00-04:00
ieso:ontario-demand,2003-04-06,17470.47619047619,2003-04-12,2026-09-27T23:59:00-04:00
ieso:ontario-demand,2003-04-13,16199.315476190477,2003-04-19,2026-09-27T23:59:00-04:00
ieso:ontario-demand,2003-04-20,16109.67857142857,2003-04-26,2026-09-27T23:59:00-04:00
ieso:ontario-demand,2003-04-27,15835.833333333334,2003-05-03,2026-09-27T23:59:00-04:00
ieso:ontario-demand,2003-05-04,15822.577380952382,2003-05-10,2026-09-27T23:59:00-04:00
ieso:ontario-demand,2003-05-11,15744.42857142857,2003-05-17,2026-09-27T23:59:00-04:00
ieso:ontario-demand,2003-05-18,15175.35119047619,2003-05-24,2026-09-27T23:59:00-04:00
ieso:ontario-demand,2003-05-25,15689.30357142857,2003-05-31,2026-09-27T23:59:00-04:00
ieso:ontario-demand,2003-06-01,15734.0,2003-06-07,2026-09-27T23:59:00-04:00
ieso:ontario-demand,2003-06-08,15946.755952380952,2003-06-14,2026-09-27T23:59:00-04:00
ieso:ontario-demand,2003-06-15,16245.232142857143,2003-06-21,2026-09-27T23:59:00-04:00
ieso:ontario-demand,2003-06-22,18402.98214285714,2003-06-28,2026-09-27T23:59:00-04:00
ieso:ontario-demand,2003-06-29,17512.446428571428,2003-07-05,2026-09-27T23:59:00-04:00
ieso:ontario-demand,2003-07-06,17268.82738095238,2003-07-12,2026-09-27T23:59:00-04:00
ieso:ontario-demand,2003-07-13,16937.01785714286,2003-07-19,2026-09-27T23:59:00-04:00
ieso:ontario-demand,2003-07-20,16978.910714285714,2003-07-26,2026-09-27T23:59:00-04:00
ieso:ontario-demand,2003-07-27,17349.559523809523,2003-08-02,2026-09-27T23:59:00-04:00
ieso:ontario-demand,2003-08-03,17736.369047619046,2003-08-09,2026-09-27T23:59:00-04:00
ieso:ontario-demand,2003-08-10,16568.785714285714,2003-08-16,2026-09-27T23:59:00-04:00
ieso:ontario-demand,2003-08-17,16341.97619047619,2003-08-23,2026-09-27T23:59:00-04:00
ieso:ontario-demand,2003-08-24,16982.571428571428,2003-08-30,2026-09-27T23:59:00-04:00
ieso:ontario-demand,2003-08-31,15860.57142857143,2003-09-06,2026-09-27T23:59:00-04:00
ieso:ontario-demand,2003-09-07,16887.303571428572,2003-09-13,2026-09-27T23:59:00-04:00
ieso:ontario-demand,2003-09-14,16771.89880952381,2003-09-20,2026-09-27T23:59:00-04:00
ieso:ontario-demand,2003-09-21,15956.636904761905,2003-09-27,2026-09-27T23:59:00-04:00
ieso:ontario-demand,2003-09-28,16139.488095238095,2003-10-04,2026-09-27T23:59:00-04:00
ieso:ontario-demand,2003-10-05,16191.017857142857,2003-10-11,2026-09-27T23:59:00-04:00
ieso:ontario-demand,2003-10-12,15751.541666666666,2003-10-18,2026-09-27T23:59:00-04:00
ieso:ontario-demand,2003-10-19,16583.440476190477,2003-10-25,2026-09-27T23:59:00-04:00
ieso:ontario-demand,2003-10-26,16637.946428571428,2003-11-01,2026-09-27T23:59:00-04:00
ieso:ontario-demand,2003-11-02,17082.404761904763,2003-11-08,2026-09-27T23:59:00-04:00
ieso:ontario-demand,2003-11-09,17395.845238095237,2003-11-15,2026-09-27T23:59:00-04:00
ieso:ontario-demand,2003-11-16,17151.083333333332,2003-11-22,2026-09-27T23:59:00-04:00
ieso:ontario-demand,2003-11-23,17587.25,2003-11-29,2026-09-27T23:59:00-04:00
ieso:ontario-demand,2003-11-30,18552.059523809523,2003-12-06,2026-09-27T23:59:00-04:00
ieso:ontario-demand,2003-12-07,18770.904761904763,2003-12-13,2026-09-27T23:59:00-04:00
ieso:ontario-demand,2003-12-14,18774.97619047619,2003-12-20,2026-09-27T23:59:00-04:00
ieso:ontario-demand,2003-12-21,16367.97619047619,2003-12-27,2026-09-27T23:59:00-04:00
ieso:ontario-demand,2003-12-28,15953.720238095239,2004-01-03,2026-09-27T23:59:00-04:00
ieso:ontario-demand,2004-01-04,19694.14285714286,2004-01-10,2026-09-27T23:59:00-04:00
ieso:ontario-demand,2004-01-11,20569.29761904762,2004-01-17,2026-09-27T23:59:00-04:00
ieso:ontario-demand,2004-01-18,20323.196428571428,2004-01-24,2026-09-27T23:59:00-04:00
ieso:ontario-demand,2004-01-25,20568.761904761905,2004-01-31,2026-09-27T23:59:00-04:00
ieso:ontario-demand,2004-02-01,19273.5,2004-02-07,2026-09-27T23:59:00-04:00
ieso:ontario-demand,2004-02-08,19096.833333333332,2004-02-14,2026-09-27T23:59:00-04:00
ieso:ontario-demand,2004-02-15,19041.666666666668,2004-02-21,2026-09-27T23:59:00-04:00
ieso:ontario-demand,2004-02-22,18204.363095238095,2004-02-28,2026-09-27T23:59:00-04:00
ieso:ontario-demand,2004-02-29,17508.07738095238,2004-03-06,2026-09-27T23:59:00-04:00
ieso:ontario-demand,2004-03-07,17998.541666666668,2004-03-13,2026-09-27T23:59:00-04:00
ieso:ontario-demand,2004-03-14,18273.125,2004-03-20,2026-09-27T23:59:00-04:00
ieso:ontario-demand,2004-03-21,17624.85119047619,2004-03-27,2026-09-27T23:59:00-04:00
ieso:ontario-demand,2004-03-28,16836.464285714286,2004-04-03,2026-09-27T23:59:00-04:00
ieso:ontario-demand,2004-04-04,16565.458333333332,2004-04-10,2026-09-27T23:59:00-04:00
ieso:ontario-demand,2004-04-11,16270.083333333334,2004-04-17,2026-09-27T23:59:00-04:00
ieso:ontario-demand,2004-04-18,15954.464285714286,2004-04-24,2026-09-27T23:59:00-04:00
ieso:ontario-demand,2004-04-25,16277.410714285714,2004-05-01,2026-09-27T23:59:00-04:00
ieso:ontario-demand,2004-05-02,16184.297619047618,2004-05-08,2026-09-27T23:59:00-04:00
ieso:ontario-demand,2004-05-09,16385.089285714286,2004-05-15,2026-09-27T23:59:00-04:00
ieso:ontario-demand,2004-05-16,15885.69642857143,2004-05-22,2026-09-27T23:59:00-04:00
ieso:ontario-demand,2004-05-23,15526.291666666666,2004-05-29,2026-09-27T23:59:00-04:00
ieso:ontario-demand,2004-05-30,15781.80357142857,2004-06-05,2026-09-27T23:59:00-04:00
ieso:ontario-demand,2004-06-06,17146.39285714286,2004-06-12,2026-09-27T23:59:00-04:00
ieso:ontario-demand,2004-06-13,17297.85714285714,2004-06-19,2026-09-27T23:59:00-04:00
ieso:ontario-demand,2004-06-20,16489.761904761905,2004-06-26,2026-09-27T23:59:00-04:00
ieso:ontario-demand,2004-06-27,16225.32142857143,2004-07-03,2026-09-27T23:59:00-04:00
ieso:ontario-demand,2004-07-04,16620.738095238095,2004-07-10,2026-09-27T23:59:00-04:00
ieso:ontario-demand,2004-07-11,17364.190476190477,2004-07-17,2026-09-27T23:59:00-04:00
ieso:ontario-demand,2004-07-18,17890.886904761905,2004-07-24,2026-09-27T23:59:00-04:00
ieso:ontario-demand,2004-07-25,17250.565476190477,2004-07-31,2026-09-27T23:59:00-04:00
ieso:ontario-demand,2004-08-01,17088.940476190477,2004-08-07,2026-09-27T23:59:00-04:00
ieso:ontario-demand,2004-08-08,16854.059523809523,2004-08-14,2026-09-27T23:59:00-04:00
ieso:ontario-demand,2004-08-15,16759.946428571428,2004-08-21,2026-09-27T23:59:00-04:00
ieso:ontario-demand,2004-08-22,17842.98214285714,2004-08-28,2026-09-27T23:59:00-04:00
ieso:ontario-demand,2004-08-29,17506.386904761905,2004-09-04,2026-09-27T23:59:00-04:00
ieso:ontario-demand,2004-09-05,17005.809523809523,2004-09-11,2026-09-27T23:59:00-04:00
ieso:ontario-demand,2004-09-12,17316.958333333332,2004-09-18,2026-09-27T23:59:00-04:00
ieso:ontario-demand,2004-09-19,17109.839285714286,2004-09-25,2026-09-27T23:59:00-04:00
ieso:ontario-demand,2004-09-26,16633.875,2004-10-02,2026-09-27T23:59:00-04:00
ieso:ontario-demand,2004-10-03,16380.797619047618,2004-10-09,2026-09-27T23:59:00-04:00
ieso:ontario-demand,2004-10-10,16038.32142857143,2004-10-16,2026-09-27T23:59:00-04:00
ieso:ontario-demand,2004-10-17,16837.464285714286,2004-10-23,2026-09-27T23:59:00-04:00
ieso:ontario-demand,2004-10-24,16678.27380952381,2004-10-30,2026-09-27T23:59:00-04:00
ieso:ontario-demand,2004-10-31,16967.244047619046,2004-11-06,2026-09-27T23:59:00-04:00
ieso:ontario-demand,2004-11-07,17524.875,2004-11-13,2026-09-27T23:59:00-04:00
ieso:ontario-demand,2004-11-14,17221.065476190477,2004-11-20,2026-09-27T23:59:00-04:00
ieso:ontario-demand,2004-11-21,17767.714285714286,2004-11-27,2026-09-27T23:59:00-04:00
ieso:ontario-demand,2004-11-28,18359.67261904762,2004-12-04,2026-09-27T23:59:00-04:00
ieso:ontario-demand,2004-12-05,18806.113095238095,2004-12-11,2026-09-27T23:59:00-04:00
ieso:ontario-demand,2004-12-12,19199.630952380954,2004-12-18,2026-09-27T23:59:00-04:00
ieso:ontario-demand,2004-12-19,19493.011904761905,2004-12-25,2026-09-27T23:59:00-04:00
ieso:ontario-demand,2004-12-26,17301.27380952381,2005-01-01,2026-09-27T23:59:00-04:00
ieso:ontario-demand,2005-01-02,18893.541666666668,2005-01-08,2026-09-27T23:59:00-04:00
ieso:ontario-demand,2005-01-09,18983.416666666668,2005-01-15,2026-09-27T23:59:00-04:00
ieso:ontario-demand,2005-01-16,20802.321428571428,2005-01-22,2026-09-27T23:59:00-04:00
ieso:ontario-demand,2005-01-23,20674.434523809523,2005-01-29,2026-09-27T23:59:00-04:00
ieso:ontario-demand,2005-01-30,18981.04761904762,2005-02-05,2026-09-27T23:59:00-04:00
ieso:ontario-demand,2005-02-06,18598.029761904763,2005-02-12,2026-09-27T23:59:00-04:00
ieso:ontario-demand,2005-02-13,19030.57738095238,2005-02-19,2026-09-27T23:59:00-04:00
ieso:ontario-demand,2005-02-20,19242.029761904763,2005-02-26,2026-09-27T23:59:00-04:00
ieso:ontario-demand,2005-02-27,18978.690476190477,2005-03-05,2026-09-27T23:59:00-04:00
ieso:ontario-demand,2005-03-06,19080.571428571428,2005-03-12,2026-09-27T23:59:00-04:00
ieso:ontario-demand,2005-03-13,18145.005952380954,2005-03-19,2026-09-27T23:59:00-04:00
ieso:ontario-demand,2005-03-20,17385.630952380954,2005-03-26,2026-09-27T23:59:00-04:00
ieso:ontario-demand,2005-03-27,16917.285714285714,2005-04-02,2026-09-27T23:59:00-04:00
ieso:ontario-demand,2005-04-03,16744.410714285714,2005-04-09,2026-09-27T23:59:00-04:00
ieso:ontario-demand,2005-04-10,16147.0,2005-04-16,2026-09-27T23:59:00-04:00
ieso:ontario-demand,2005-04-17,16146.92857142857,2005-04-23,2026-09-27T23:59:00-04:00
ieso:ontario-demand,2005-04-24,16527.29761904762,2005-04-30,2026-09-27T23:59:00-04:00
ieso:ontario-demand,2005-05-01,15943.583333333334,2005-05-07,2026-09-27T23:59:00-04:00
ieso:ontario-demand,2005-05-08,15859.565476190477,2005-05-14,2026-09-27T23:59:00-04:00
ieso:ontario-demand,2005-05-15,15798.863095238095,2005-05-21,2026-09-27T23:59:00-04:00
ieso:ontario-demand,2005-05-22,15493.077380952382,2005-05-28,2026-09-27T23:59:00-04:00
ieso:ontario-demand,2005-05-29,16509.970238095237,2005-06-04,2026-09-27T23:59:00-04:00
ieso:ontario-demand,2005-06-05,19542.32738095238,2005-06-11,2026-09-27T23:59:00-04:00
ieso:ontario-demand,2005-06-12,18354.39880952381,2005-06-18,2026-09-27T23:59:00-04:00
ieso:ontario-demand,2005-06-19,17785.083333333332,2005-06-25,2026-09-27T23:59:00-04:00
ieso:ontario-demand,2005-06-26,19542.619047619046,2005-07-02,2026-09-27T23:59:00-04:00
ieso:ontario-demand,2005-07-03,17851.154761904763,2005-07-09,2026-09-27T23:59:00-04:00
ieso:ontario-demand,2005-07-10,20602.738095238095,2005-07-16,2026-09-27T23:59:00-04:00
ieso:ontario-demand,2005-07-17,20161.32738095238,2005-07-23,2026-09-27T23:59:00-04:00
ieso:ontario-demand,2005-07-24,18392.73214285714,2005-07-30,2026-09-27T23:59:00-04:00
ieso:ontario-demand,2005-07-31,19479.785714285714,2005-08-06,2026-09-27T23:59:00-04:00
ieso:ontario-demand,2005-08-07,19932.75,2005-08-13,2026-09-27T23:59:00-04:00
ieso:ontario-demand,2005-08-14,18081.708333333332,2005-08-20,2026-09-27T23:59:00-04:00
ieso:ontario-demand,2005-08-21,17629.35119047619,2005-08-27,2026-09-27T23:59:00-04:00
ieso:ontario-demand,2005-08-28,18248.42261904762,2005-09-03,2026-09-27T23:59:00-04:00
ieso:ontario-demand,2005-09-04,17130.988095238095,2005-09-10,2026-09-27T23:59:00-04:00
ieso:ontario-demand,2005-09-11,18259.184523809523,2005-09-17,2026-09-27T23:59:00-04:00
ieso:ontario-demand,2005-09-18,17311.51785714286,2005-09-24,2026-09-27T23:59:00-04:00
ieso:ontario-demand,2005-09-25,16650.154761904763,2005-10-01,2026-09-27T23:59:00-04:00
ieso:ontario-demand,2005-10-02,16778.52380952381,2005-10-08,2026-09-27T23:59:00-04:00
ieso:ontario-demand,2005-10-09,15797.345238095239,2005-10-15,2026-09-27T23:59:00-04:00
ieso:ontario-demand,2005-10-16,16299.982142857143,2005-10-22,2026-09-27T23:59:00-04:00
ieso:ontario-demand,2005-10-23,16921.011904761905,2005-10-29,2026-09-27T23:59:00-04:00
ieso:ontario-demand,2005-10-30,16561.125,2005-11-05,2026-09-27T23:59:00-04:00
ieso:ontario-demand,2005-11-06,16722.970238095237,2005-11-12,2026-09-27T23:59:00-04:00
ieso:ontario-demand,2005-11-13,17227.559523809523,2005-11-19,2026-09-27T23:59:00-04:00
ieso:ontario-demand,2005-11-20,18059.113095238095,2005-11-26,2026-09-27T23:59:00-04:00
ieso:ontario-demand,2005-11-27,17903.565476190477,2005-12-03,2026-09-27T23:59:00-04:00
ieso:ontario-demand,2005-12-04,19034.51785714286,2005-12-10,2026-09-27T23:59:00-04:00
ieso:ontario-demand,2005-12-11,19529.309523809523,2005-12-17,2026-09-27T23:59:00-04:00
ieso:ontario-demand,2005-12-18,18896.779761904763,2005-12-24,2026-09-27T23:59:00-04:00
ieso:ontario-demand,2005-12-25,16529.041666666668,2005-12-31,2026-09-27T23:59:00-04:00
ieso:ontario-demand,2006-01-01,18102.64285714286,2006-01-07,2026-09-27T23:59:00-04:00
ieso:ontario-demand,2006-01-08,18033.178571428572,2006-01-14,2026-09-27T23:59:00-04:00
ieso:ontario-demand,2006-01-15,18815.39285714286,2006-01-21,2026-09-27T23:59:00-04:00
ieso:ontario-demand,2006-01-22,18364.041666666668,2006-01-28,2026-09-27T23:59:00-04:00
ieso:ontario-demand,2006-01-29,17861.785714285714,2006-02-04,2026-09-27T23:59:00-04:00
ieso:ontario-demand,2006-02-05,18778.791666666668,2006-02-11,2026-09-27T23:59:00-04:00
ieso:ontario-demand,2006-02-12,18826.309523809523,2006-02-18,2026-09-27T23:59:00-04:00
ieso:ontario-demand,2006-02-19,18768.761904761905,2006-02-25,2026-09-27T23:59:00-04:00
ieso:ontario-demand,2006-02-26,18990.89285714286,2006-03-04,2026-09-27T23:59:00-04:00
ieso:ontario-demand,2006-03-05,17780.85714285714,2006-03-11,2026-09-27T23:59:00-04:00
ieso:ontario-demand,2006-03-12,17665.755952380954,2006-03-18,2026-09-27T23:59:00-04:00
ieso:ontario-demand,2006-03-19,17841.321428571428,2006-03-25,2026-09-27T23:59:00-04:00
ieso:ontario-demand,2006-03-26,16681.261904761905,2006-04-01,2026-09-27T23:59:00-04:00
ieso:ontario-demand,2006-04-02,16850.761904761905,2006-04-08,2026-09-27T23:59:00-04:00
ieso:ontario-demand,2006-04-09,15795.041666666666,2006-04-15,2026-09-27T23:59:00-04:00
ieso:ontario-demand,2006-04-16,15629.517857142857,2006-04-22,2026-09-27T23:59:00-04:00
ieso:ontario-demand,2006-04-23,16062.958333333334,2006-04-29,2026-09-27T23:59:00-04:00
ieso:ontario-demand,2006-04-30,15478.69642857143,2006-05-06,2026-09-27T23:59:00-04:00
ieso:ontario-demand,2006-05-07,15667.904761904761,2006-05-13,2026-09-27T23:59:00-04:00
ieso:ontario-demand,2006-05-14,15479.952380952382,2006-05-20,2026-09-27T23:59:00-04:00
ieso:ontario-demand,2006-05-21,15495.488095238095,2006-05-27,2026-09-27T23:59:00-04:00
ieso:ontario-demand,2006-05-28,18121.803571428572,2006-06-03,2026-09-27T23:59:00-04:00
ieso:ontario-demand,2006-06-04,16671.916666666668,2006-06-10,2026-09-27T23:59:00-04:00
ieso:ontario-demand,2006-06-11,16986.48214285714,2006-06-17,2026-09-27T23:59:00-04:00
ieso:ontario-demand,2006-06-18,18330.065476190477,2006-06-24,2026-09-27T23:59:00-04:00
ieso:ontario-demand,2006-06-25,17654.10119047619,2006-07-01,2026-09-27T23:59:00-04:00
ieso:ontario-demand,2006-07-02,17352.660714285714,2006-07-08,2026-09-27T23:59:00-04:00
ieso:ontario-demand,2006-07-09,18384.946428571428,2006-07-15,2026-09-27T23:59:00-04:00
ieso:ontario-demand,2006-07-16,19494.321428571428,2006-07-22,2026-09-27T23:59:00-04:00
ieso:ontario-demand,2006-07-23,19307.345238095237,2006-07-29,2026-09-27T23:59:00-04:00
ieso:ontario-demand,2006-07-30,20252.089285714286,2006-08-05,2026-09-27T23:59:00-04:00
ieso:ontario-demand,2006-08-06,17409.75,2006-08-12,2026-09-27T23:59:00-04:00
ieso:ontario-demand,2006-08-13,17773.541666666668,2006-08-19,2026-09-27T23:59:00-04:00
ieso:ontario-demand,2006-08-20,17140.684523809523,2006-08-26,2026-09-27T23:59:00-04:00
ieso:ontario-demand,2006-08-27,16797.910714285714,2006-09-02,2026-09-27T23:59:00-04:00
ieso:ontario-demand,2006-09-03,15994.14880952381,2006-09-09,2026-09-27T23:59:00-04:00
ieso:ontario-demand,2006-09-10,16093.315476190477,2006-09-16,2026-09-27T23:59:00-04:00
ieso:ontario-demand,2006-09-17,16135.744047619048,2006-09-23,2026-09-27T23:59:00-04:00
ieso:ontario-demand,2006-09-24,15872.892857142857,2006-09-30,2026-09-27T23:59:00-04:00
ieso:ontario-demand,2006-10-01,15828.767857142857,2006-10-07,2026-09-27T23:59:00-04:00
ieso:ontario-demand,2006-10-08,15613.535714285714,2006-10-14,2026-09-27T23:59:00-04:00
ieso:ontario-demand,2006-10-15,16103.970238095239,2006-10-21,2026-09-27T23:59:00-04:00
ieso:ontario-demand,2006-10-22,16583.071428571428,2006-10-28,2026-09-27T23:59:00-04:00
ieso:ontario-demand,2006-10-29,16829.053571428572,2006-11-04,2026-09-27T23:59:00-04:00
ieso:ontario-demand,2006-11-05,16566.065476190477,2006-11-11,2026-09-27T23:59:00-04:00
ieso:ontario-demand,2006-11-12,16885.720238095237,2006-11-18,2026-09-27T23:59:00-04:00
ieso:ontario-demand,2006-11-19,17127.27380952381,2006-11-25,2026-09-27T23:59:00-04:00
ieso:ontario-demand,2006-11-26,17163.779761904763,2006-12-02,2026-09-27T23:59:00-04:00
ieso:ontario-demand,2006-12-03,18627.708333333332,2006-12-09,2026-09-27T23:59:00-04:00
ieso:ontario-demand,2006-12-10,17635.690476190477,2006-12-16,2026-09-27T23:59:00-04:00
ieso:ontario-demand,2006-12-17,17388.303571428572,2006-12-23,2026-09-27T23:59:00-04:00
ieso:ontario-demand,2006-12-24,15790.17857142857,2006-12-30,2026-09-27T23:59:00-04:00
ieso:ontario-demand,2006-12-31,16544.440476190477,2007-01-06,2026-09-27T23:59:00-04:00
ieso:ontario-demand,2007-01-07,17973.904761904763,2007-01-13,2026-09-27T23:59:00-04:00
ieso:ontario-demand,2007-01-14,18941.255952380954,2007-01-20,2026-09-27T23:59:00-04:00
ieso:ontario-demand,2007-01-21,19430.714285714286,2007-01-27,2026-09-27T23:59:00-04:00
ieso:ontario-demand,2007-01-28,19443.130952380954,2007-02-03,2026-09-27T23:59:00-04:00
ieso:ontario-demand,2007-02-04,20044.345238095237,2007-02-10,2026-09-27T23:59:00-04:00
ieso:ontario-demand,2007-02-11,19903.35714285714,2007-02-17,2026-09-27T23:59:00-04:00
ieso:ontario-demand,2007-02-18,18890.839285714286,2007-02-24,2026-09-27T23:59:00-04:00
ieso:ontario-demand,2007-02-25,18397.505952380954,2007-03-03,2026-09-27T23:59:00-04:00
ieso:ontario-demand,2007-03-04,19010.541666666668,2007-03-10,2026-09-27T23:59:00-04:00
ieso:ontario-demand,2007-03-11,17492.39285714286,2007-03-17,2026-09-27T23:59:00-04:00
ieso:ontario-demand,2007-03-18,17673.72619047619,2007-03-24,2026-09-27T23:59:00-04:00
ieso:ontario-demand,2007-03-25,16524.434523809523,2007-03-31,2026-09-27T23:59:00-04:00
ieso:ontario-demand,2007-04-01,16831.821428571428,2007-04-07,2026-09-27T23:59:00-04:00
ieso:ontario-demand,2007-04-08,17226.386904761905,2007-04-14,2026-09-27T23:59:00-04:00
ieso:ontario-demand,2007-04-15,16287.815476190477,2007-04-21,2026-09-27T23:59:00-04:00
ieso:ontario-demand,2007-04-22,15762.82142857143,2007-04-28,2026-09-27T23:59:00-04:00
ieso:ontario-demand,2007-04-29,15467.755952380952,2007-05-05,2026-09-27T23:59:00-04:00
ieso:ontario-demand,2007-05-06,15566.464285714286,2007-05-12,2026-09-27T23:59:00-04:00
ieso:ontario-demand,2007-05-13,15595.547619047618,2007-05-19,2026-09-27T23:59:00-04:00
ieso:ontario-demand,2007-05-20,15915.732142857143,2007-05-26,2026-09-27T23:59:00-04:00
ieso:ontario-demand,2007-05-27,17229.994047619046,2007-06-02,2026-09-27T23:59:00-04:00
ieso:ontario-demand,2007-06-03,16547.434523809523,2007-06-09,2026-09-27T23:59:00-04:00
ieso:ontario-demand,2007-06-10,17931.70238095238,2007-06-16,2026-09-27T23:59:00-04:00
ieso:ontario-demand,2007-06-17,17380.565476190477,2007-06-23,2026-09-27T23:59:00-04:00
ieso:ontario-demand,2007-06-24,18558.505952380954,2007-06-30,2026-09-27T23:59:00-04:00
ieso:ontario-demand,2007-07-01,16106.922619047618,2007-07-07,2026-09-27T23:59:00-04:00
ieso:ontario-demand,2007-07-08,17684.458333333332,2007-07-14,2026-09-27T23:59:00-04:00
ieso:ontario-demand,2007-07-15,16757.76785714286,2007-07-21,2026-09-27T23:59:00-04:00
ieso:ontario-demand,2007-07-22,17711.755952380954,2007-07-28,2026-09-27T23:59:00-04:00
ieso:ontario-demand,2007-07-29,19777.178571428572,2007-08-04,2026-09-27T23:59:00-04:00
ieso:ontario-demand,2007-08-05,18216.815476190477,2007-08-11,2026-09-27T23:59:00-04:00
ieso:ontario-demand,2007-08-12,17500.75,2007-08-18,2026-09-27T23:59:00-04:00
ieso:ontario-demand,2007-08-19,17310.136904761905,2007-08-25,2026-09-27T23:59:00-04:00
ieso:ontario-demand,2007-08-26,17602.791666666668,2007-09-01,2026-09-27T23:59:00-04:00
ieso:ontario-demand,2007-09-02,17519.630952380954,2007-09-08,2026-09-27T23:59:00-04:00
ieso:ontario-demand,2007-09-09,16192.208333333334,2007-09-15,2026-09-27T23:59:00-04:00
ieso:ontario-demand,2007-09-16,16355.869047619048,2007-09-22,2026-09-27T23:59:00-04:00
ieso:ontario-demand,2007-09-23,16656.535714285714,2007-09-29,2026-09-27T23:59:00-04:00
ieso:ontario-demand,2007-09-30,16298.130952380952,2007-10-06,2026-09-27T23:59:00-04:00
ieso:ontario-demand,2007-10-07,15841.577380952382,2007-10-13,2026-09-27T23:59:00-04:00
ieso:ontario-demand,2007-10-14,15839.690476190477,2007-10-20,2026-09-27T23:59:00-04:00
ieso:ontario-demand,2007-10-21,15800.214285714286,2007-10-27,2026-09-27T23:59:00-04:00
ieso:ontario-demand,2007-10-28,16019.642857142857,2007-11-03,2026-09-27T23:59:00-04:00
ieso:ontario-demand,2007-11-04,16681.85714285714,2007-11-10,2026-09-27T23:59:00-04:00
ieso:ontario-demand,2007-11-11,16762.994047619046,2007-11-17,2026-09-27T23:59:00-04:00
ieso:ontario-demand,2007-11-18,17652.60714285714,2007-11-24,2026-09-27T23:59:00-04:00
ieso:ontario-demand,2007-11-25,18127.291666666668,2007-12-01,2026-09-27T23:59:00-04:00
ieso:ontario-demand,2007-12-02,18817.589285714286,2007-12-08,2026-09-27T23:59:00-04:00
ieso:ontario-demand,2007-12-09,18905.011904761905,2007-12-15,2026-09-27T23:59:00-04:00
ieso:ontario-demand,2007-12-16,18669.666666666668,2007-12-22,2026-09-27T23:59:00-04:00
ieso:ontario-demand,2007-12-23,16220.702380952382,2007-12-29,2026-09-27T23:59:00-04:00
ieso:ontario-demand,2007-12-30,17590.880952380954,2008-01-05,2026-09-27T23:59:00-04:00
ieso:ontario-demand,2008-01-06,17243.833333333332,2008-01-12,2026-09-27T23:59:00-04:00
ieso:ontario-demand,2008-01-13,18234.279761904763,2008-01-19,2026-09-27T23:59:00-04:00
ieso:ontario-demand,2008-01-20,19270.380952380954,2008-01-26,2026-09-27T23:59:00-04:00
ieso:ontario-demand,2008-01-27,18541.52380952381,2008-02-02,2026-09-27T23:59:00-04:00
ieso:ontario-demand,2008-02-03,18033.535714285714,2008-02-09,2026-09-27T23:59:00-04:00
ieso:ontario-demand,2008-02-10,19049.761904761905,2008-02-16,2026-09-27T23:59:00-04:00
ieso:ontario-demand,2008-02-17,18338.488095238095,2008-02-23,2026-09-27T23:59:00-04:00
ieso:ontario-demand,2008-02-24,18588.321428571428,2008-03-01,2026-09-27T23:59:00-04:00
ieso:ontario-demand,2008-03-02,18011.255952380954,2008-03-08,2026-09-27T23:59:00-04:00
ieso:ontario-demand,2008-03-09,17676.22619047619,2008-03-15,2026-09-27T23:59:00-04:00
ieso:ontario-demand,2008-03-16,17164.315476190477,2008-03-22,2026-09-27T23:59:00-04:00
ieso:ontario-demand,2008-03-23,17283.98214285714,2008-03-29,2026-09-27T23:59:00-04:00
ieso:ontario-demand,2008-03-30,16848.67261904762,2008-04-05,2026-09-27T23:59:00-04:00
ieso:ontario-demand,2008-04-06,16228.809523809523,2008-04-12,2026-09-27T23:59:00-04:00
ieso:ontario-demand,2008-04-13,15829.422619047618,2008-04-19,2026-09-27T23:59:00-04:00
ieso:ontario-demand,2008-04-20,15434.857142857143,2008-04-26,2026-09-27T23:59:00-04:00
ieso:ontario-demand,2008-04-27,15721.994047619048,2008-05-03,2026-09-27T23:59:00-04:00
ieso:ontario-demand,2008-05-04,15281.404761904761,2008-05-10,2026-09-27T23:59:00-04:00
ieso:ontario-demand,2008-05-11,15261.154761904761,2008-05-17,2026-09-27T23:59:00-04:00
ieso:ontario-demand,2008-05-18,15131.72619047619,2008-05-24,2026-09-27T23:59:00-04:00
ieso:ontario-demand,2008-05-25,15524.095238095239,2008-05-31,2026-09-27T23:59:00-04:00
ieso:ontario-demand,2008-06-01,16530.10119047619,2008-06-07,2026-09-27T23:59:00-04:00
ieso:ontario-demand,2008-06-08,18044.154761904763,2008-06-14,2026-09-27T23:59:00-04:00
ieso:ontario-demand,2008-06-15,16159.142857142857,2008-06-21,2026-09-27T23:59:00-04:00
ieso:ontario-demand,2008-06-22,17400.541666666668,2008-06-28,2026-09-27T23:59:00-04:00
ieso:ontario-demand,2008-06-29,16148.029761904761,2008-07-05,2026-09-27T23:59:00-04:00
ieso:ontario-demand,2008-07-06,18072.934523809523,2008-07-12,2026-09-27T23:59:00-04:00
ieso:ontario-demand,2008-07-13,18293.720238095237,2008-07-19,2026-09-27T23:59:00-04:00
ieso:ontario-demand,2008-07-20,17375.125,2008-07-26,2026-09-27T23:59:00-04:00
ieso:ontario-demand,2008-07-27,17768.738095238095,2008-08-02,2026-09-27T23:59:00-04:00
ieso:ontario-demand,2008-08-03,16994.369047619046,2008-08-09,2026-09-27T23:59:00-04:00
ieso:ontario-demand,2008-08-10,16348.125,2008-08-16,2026-09-27T23:59:00-04:00
ieso:ontario-demand,2008-08-17,17357.89880952381,2008-08-23,2026-09-27T23:59:00-04:00
ieso:ontario-demand,2008-08-24,16833.57738095238,2008-08-30,2026-09-27T23:59:00-04:00
ieso:ontario-demand,2008-08-31,17392.654761904763,2008-09-06,2026-09-27T23:59:00-04:00
ieso:ontario-demand,2008-09-07,16161.815476190477,2008-09-13,2026-09-27T23:59:00-04:00
ieso:ontario-demand,2008-09-14,16231.315476190477,2008-09-20,2026-09-27T23:59:00-04:00
ieso:ontario-demand,2008-09-21,15950.011904761905,2008-09-27,2026-09-27T23:59:00-04:00
ieso:ontario-demand,2008-09-28,15596.095238095239,2008-10-04,2026-09-27T23:59:00-04:00
ieso:ontario-demand,2008-10-05,15575.297619047618,2008-10-11,2026-09-27T23:59:00-04:00
ieso:ontario-demand,2008-10-12,15054.059523809523,2008-10-18,2026-09-27T23:59:00-04:00
ieso:ontario-demand,2008-10-19,15845.077380952382,2008-10-25,2026-09-27T23:59:00-04:00
ieso:ontario-demand,2008-10-26,15949.55357142857,2008-11-01,2026-09-27T23:59:00-04:00
ieso:ontario-demand,2008-11-02,15563.660714285714,2008-11-08,2026-09-27T23:59:00-04:00
ieso:ontario-demand,2008-11-09,16023.529761904761,2008-11-15,2026-09-27T23:59:00-04:00
ieso:ontario-demand,2008-11-16,17240.73214285714,2008-11-22,2026-09-27T23:59:00-04:00
ieso:ontario-demand,2008-11-23,17199.369047619046,2008-11-29,2026-09-27T23:59:00-04:00
ieso:ontario-demand,2008-11-30,17562.363095238095,2008-12-06,2026-09-27T23:59:00-04:00
ieso:ontario-demand,2008-12-07,18506.190476190477,2008-12-13,2026-09-27T23:59:00-04:00
ieso:ontario-demand,2008-12-14,18220.10714285714,2008-12-20,2026-09-27T23:59:00-04:00
ieso:ontario-demand,2008-12-21,16770.54761904762,2008-12-27,2026-09-27T23:59:00-04:00
ieso:ontario-demand,2008-12-28,16185.291666666666,2009-01-03,2026-09-27T23:59:00-04:00
ieso:ontario-demand,2009-01-04,18011.714285714286,2009-01-10,2026-09-27T23:59:00-04:00
ieso:ontario-demand,2009-01-11,19238.160714285714,2009-01-17,2026-09-27T23:59:00-04:00
ieso:ontario-demand,2009-01-18,18703.309523809523,2009-01-24,2026-09-27T23:59:00-04:00
ieso:ontario-demand,2009-01-25,18732.613095238095,2009-01-31,2026-09-27T23:59:00-04:00
ieso:ontario-demand,2009-02-01,17980.10119047619,2009-02-07,2026-09-27T23:59:00-04:00
ieso:ontario-demand,2009-02-08,16948.904761904763,2009-02-14,2026-09-27T23:59:00-04:00
ieso:ontario-demand,2009-02-15,17222.869047619046,2009-02-21,2026-09-27T23:59:00-04:00
ieso:ontario-demand,2009-02-22,17482.178571428572,2009-02-28,2026-09-27T23:59:00-04:00
ieso:ontario-demand,2009-03-01,17482.958333333332,2009-03-07,2026-09-27T23:59:00-04:00
ieso:ontario-demand,2009-03-08,16803.488095238095,2009-03-14,2026-09-27T23:59:00-04:00
ieso:ontario-demand,2009-03-15,15643.27380952381,2009-03-21,2026-09-27T23:59:00-04:00
ieso:ontario-demand,2009-03-22,15801.880952380952,2009-03-28,2026-09-27T23:59:00-04:00
ieso:ontario-demand,2009-03-29,15532.291666666666,2009-04-04,2026-09-27T23:59:00-04:00
ieso:ontario-demand,2009-04-05,15306.815476190477,2009-04-11,2026-09-27T23:59:00-04:00
ieso:ontario-demand,2009-04-12,14673.97619047619,2009-04-18,2026-09-27T23:59:00-04:00
ieso:ontario-demand,2009-04-19,14772.255952380952,2009-04-25,2026-09-27T23:59:00-04:00
ieso:ontario-demand,2009-04-26,14356.952380952382,2009-05-02,2026-09-27T23:59:00-04:00
ieso:ontario-demand,2009-05-03,14290.315476190477,2009-05-09,2026-09-27T23:59:00-04:00
ieso:ontario-demand,2009-05-10,14268.17857142857,2009-05-16,2026-09-27T23:59:00-04:00
ieso:ontario-demand,2009-05-17,13956.69642857143,2009-05-23,2026-09-27T23:59:00-04:00
ieso:ontario-demand,2009-05-24,14187.714285714286,2009-05-30,2026-09-27T23:59:00-04:00
ieso:ontario-demand,2009-05-31,14217.869047619048,2009-06-06,2026-09-27T23:59:00-04:00
ieso:ontario-demand,2009-06-07,14343.005952380952,2009-06-13,2026-09-27T23:59:00-04:00
ieso:ontario-demand,2009-06-14,14746.994047619048,2009-06-20,2026-09-27T23:59:00-04:00
ieso:ontario-demand,2009-06-21,16873.238095238095,2009-06-27,2026-09-27T23:59:00-04:00
ieso:ontario-demand,2009-06-28,14639.857142857143,2009-07-04,2026-09-27T23:59:00-04:00
ieso:ontario-demand,2009-07-05,15282.17857142857,2009-07-11,2026-09-27T23:59:00-04:00
ieso:ontario-demand,2009-07-12,14998.607142857143,2009-07-18,2026-09-27T23:59:00-04:00
ieso:ontario-demand,2009-07-19,15185.577380952382,2009-07-25,2026-09-27T23:59:00-04:00
ieso:ontario-demand,2009-07-26,15785.785714285714,2009-08-01,2026-09-27T23:59:00-04:00
ieso:ontario-demand,2009-08-02,15248.714285714286,2009-08-08,2026-09-27T23:59:00-04:00
ieso:ontario-demand,2009-08-09,17603.309523809523,2009-08-15,2026-09-27T23:59:00-04:00
ieso:ontario-demand,2009-08-16,18223.369047619046,2009-08-22,2026-09-27T23:59:00-04:00
ieso:ontario-demand,2009-08-23,15535.369047619048,2009-08-29,2026-09-27T23:59:00-04:00
ieso:ontario-demand,2009-08-30,15145.511904761905,2009-09-05,2026-09-27T23:59:00-04:00
ieso:ontario-demand,2009-09-06,15362.80357142857,2009-09-12,2026-09-27T23:59:00-04:00
ieso:ontario-demand,2009-09-13,15028.327380952382,2009-09-19,2026-09-27T23:59:00-04:00
ieso:ontario-demand,2009-09-20,15231.958333333334,2009-09-26,2026-09-27T23:59:00-04:00
ieso:ontario-demand,2009-09-27,14730.589285714286,2009-10-03,2026-09-27T23:59:00-04:00
ieso:ontario-demand,2009-10-04,14724.285714285714,2009-10-10,2026-09-27T23:59:00-04:00
ieso:ontario-demand,2009-10-11,15031.636904761905,2009-10-17,2026-09-27T23:59:00-04:00
ieso:ontario-demand,2009-10-18,15268.244047619048,2009-10-24,2026-09-27T23:59:00-04:00
ieso:ontario-demand,2009-10-25,15186.285714285714,2009-10-31,2026-09-27T23:59:00-04:00
ieso:ontario-demand,2009-11-01,15403.035714285714,2009-11-07,2026-09-27T23:59:00-04:00
ieso:ontario-demand,2009-11-08,15207.190476190477,2009-11-14,2026-09-27T23:59:00-04:00
ieso:ontario-demand,2009-11-15,15489.107142857143,2009-11-21,2026-09-27T23:59:00-04:00
ieso:ontario-demand,2009-11-22,15590.404761904761,2009-11-28,2026-09-27T23:59:00-04:00
ieso:ontario-demand,2009-11-29,16215.482142857143,2009-12-05,2026-09-27T23:59:00-04:00
ieso:ontario-demand,2009-12-06,17426.994047619046,2009-12-12,2026-09-27T23:59:00-04:00
ieso:ontario-demand,2009-12-13,17780.708333333332,2009-12-19,2026-09-27T23:59:00-04:00
ieso:ontario-demand,2009-12-20,16733.083333333332,2009-12-26,2026-09-27T23:59:00-04:00
ieso:ontario-demand,2009-12-27,16281.791666666666,2010-01-02,2026-09-27T23:59:00-04:00
ieso:ontario-demand,2010-01-03,18388.708333333332,2010-01-09,2026-09-27T23:59:00-04:00
ieso:ontario-demand,2010-01-10,17705.29761904762,2010-01-16,2026-09-27T23:59:00-04:00
ieso:ontario-demand,2010-01-17,17264.285714285714,2010-01-23,2026-09-27T23:59:00-04:00
ieso:ontario-demand,2010-01-24,17818.178571428572,2010-01-30,2026-09-27T23:59:00-04:00
ieso:ontario-demand,2010-01-31,18025.119047619046,2010-02-06,2026-09-27T23:59:00-04:00
ieso:ontario-demand,2010-02-07,17908.29761904762,2010-02-13,2026-09-27T23:59:00-04:00
ieso:ontario-demand,2010-02-14,17015.77380952381,2010-02-20,2026-09-27T23:59:00-04:00
ieso:ontario-demand,2010-02-21,17290.410714285714,2010-02-27,2026-09-27T23:59:00-04:00
ieso:ontario-demand,2010-02-28,16406.529761904763,2010-03-06,2026-09-27T23:59:00-04:00
ieso:ontario-demand,2010-03-07,15609.309523809523,2010-03-13,2026-09-27T23:59:00-04:00
ieso:ontario-demand,2010-03-14,15131.291666666666,2010-03-20,2026-09-27T23:59:00-04:00
ieso:ontario-demand,2010-03-21,15773.642857142857,2010-03-27,2026-09-27T23:59:00-04:00
ieso:ontario-demand,2010-03-28,14620.17857142857,2010-04-03,2026-09-27T23:59:00-04:00
ieso:ontario-demand,2010-04-04,14720.357142857143,2010-04-10,2026-09-27T23:59:00-04:00
ieso:ontario-demand,2010-04-11,14623.404761904761,2010-04-17,2026-09-27T23:59:00-04:00
ieso:ontario-demand,2010-04-18,14573.511904761905,2010-04-24,2026-09-27T23:59:00-04:00
ieso:ontario-demand,2010-04-25,14582.05357142857,2010-05-01,2026-09-27T23:59:00-04:00
ieso:ontario-demand,2010-05-02,14768.958333333334,2010-05-08,2026-09-27T23:59:00-04:00
ieso:ontario-demand,2010-05-09,14778.39880952381,2010-05-15,2026-09-27T23:59:00-04:00
ieso:ontario-demand,2010-05-16,14643.863095238095,2010-05-22,2026-09-27T23:59:00-04:00
ieso:ontario-demand,2010-05-23,16790.113095238095,2010-05-29,2026-09-27T23:59:00-04:00
ieso:ontario-demand,2010-05-30,16490.60119047619,2010-06-05,2026-09-27T23:59:00-04:00
ieso:ontario-demand,2010-06-06,15120.535714285714,2010-06-12,2026-09-27T23:59:00-04:00
ieso:ontario-demand,2010-06-13,15858.327380952382,2010-06-19,2026-09-27T23:59:00-04:00
ieso:ontario-demand,2010-06-20,16908.035714285714,2010-06-26,2026-09-27T23:59:00-04:00
ieso:ontario-demand,2010-06-27,15304.964285714286,2010-07-03,2026-09-27T23:59:00-04:00
ieso:ontario-demand,2010-07-04,19466.154761904763,2010-07-10,2026-09-27T23:59:00-04:00
ieso:ontario-demand,2010-07-11,18498.553571428572,2010-07-17,2026-09-27T23:59:00-04:00
ieso:ontario-demand,2010-07-18,17998.636904761905,2010-07-24,2026-09-27T23:59:00-04:00
ieso:ontario-demand,2010-07-25,17035.375,2010-07-31,2026-09-27T23:59:00-04:00
ieso:ontario-demand,2010-08-01,17411.363095238095,2010-08-07,2026-09-27T23:59:00-04:00
ieso:ontario-demand,2010-08-08,18257.45238095238,2010-08-14,2026-09-27T23:59:00-04:00
ieso:ontario-demand,2010-08-15,17072.988095238095,2010-08-21,2026-09-27T23:59:00-04:00
ieso:ontario-demand,2010-08-22,15980.095238095239,2010-08-28,2026-09-27T23:59:00-04:00
ieso:ontario-demand,2010-08-29,18568.029761904763,2010-09-04,2026-09-27T23:59:00-04:00
ieso:ontario-demand,2010-09-05,14790.488095238095,2010-09-11,2026-09-27T23:59:00-04:00
ieso:ontario-demand,2010-09-12,14860.892857142857,2010-09-18,2026-09-27T23:59:00-04:00
ieso:ontario-demand,2010-09-19,15146.333333333334,2010-09-25,2026-09-27T23:59:00-04:00
ieso:ontario-demand,2010-09-26,14687.172619047618,2010-10-02,2026-09-27T23:59:00-04:00
ieso:ontario-demand,2010-10-03,14743.672619047618,2010-10-09,2026-09-27T23:59:00-04:00
ieso:ontario-demand,2010-10-10,14451.119047619048,2010-10-16,2026-09-27T23:59:00-04:00
ieso:ontario-demand,2010-10-17,14900.42857142857,2010-10-23,2026-09-27T23:59:00-04:00
ieso:ontario-demand,2010-10-24,14856.970238095239,2010-10-30,2026-09-27T23:59:00-04:00
ieso:ontario-demand,2010-10-31,15415.017857142857,2010-11-06,2026-09-27T23:59:00-04:00
ieso:ontario-demand,2010-11-07,15362.547619047618,2010-11-13,2026-09-27T23:59:00-04:00
ieso:ontario-demand,2010-11-14,15490.190476190477,2010-11-20,2026-09-27T23:59:00-04:00
ieso:ontario-demand,2010-11-21,16075.357142857143,2010-11-27,2026-09-27T23:59:00-04:00
ieso:ontario-demand,2010-11-28,16534.083333333332,2010-12-04,2026-09-27T23:59:00-04:00
ieso:ontario-demand,2010-12-05,17540.666666666668,2010-12-11,2026-09-27T23:59:00-04:00
ieso:ontario-demand,2010-12-12,18020.01785714286,2010-12-18,2026-09-27T23:59:00-04:00
ieso:ontario-demand,2010-12-19,16979.720238095237,2010-12-25,2026-09-27T23:59:00-04:00
ieso:ontario-demand,2010-12-26,15544.089285714286,2011-01-01,2026-09-27T23:59:00-04:00
ieso:ontario-demand,2011-01-02,17234.595238095237,2011-01-08,2026-09-27T23:59:00-04:00
ieso:ontario-demand,2011-01-09,18054.10714285714,2011-01-15,2026-09-27T23:59:00-04:00
ieso:ontario-demand,2011-01-16,18375.52380952381,2011-01-22,2026-09-27T23:59:00-04:00
ieso:ontario-demand,2011-01-23,18375.339285714286,2011-01-29,2026-09-27T23:59:00-04:00
ieso:ontario-demand,2011-01-30,18294.0,2011-02-05,2026-09-27T23:59:00-04:00
ieso:ontario-demand,2011-02-06,17921.678571428572,2011-02-12,2026-09-27T23:59:00-04:00
ieso:ontario-demand,2011-02-13,16919.886904761905,2011-02-19,2026-09-27T23:59:00-04:00
ieso:ontario-demand,2011-02-20,17331.315476190477,2011-02-26,2026-09-27T23:59:00-04:00
ieso:ontario-demand,2011-02-27,17159.755952380954,2011-03-05,2026-09-27T23:59:00-04:00
ieso:ontario-demand,2011-03-06,16969.011904761905,2011-03-12,2026-09-27T23:59:00-04:00
ieso:ontario-demand,2011-03-13,15931.202380952382,2011-03-19,2026-09-27T23:59:00-04:00
ieso:ontario-demand,2011-03-20,16497.196428571428,2011-03-26,2026-09-27T23:59:00-04:00
ieso:ontario-demand,2011-03-27,16033.047619047618,2011-04-02,2026-09-27T23:59:00-04:00
ieso:ontario-demand,2011-04-03,15382.22619047619,2011-04-09,2026-09-27T23:59:00-04:00
ieso:ontario-demand,2011-04-10,14951.625,2011-04-16,2026-09-27T23:59:00-04:00
ieso:ontario-demand,2011-04-17,15165.380952380952,2011-04-23,2026-09-27T23:59:00-04:00
ieso:ontario-demand,2011-04-24,14413.27380952381,2011-04-30,2026-09-27T23:59:00-04:00
ieso:ontario-demand,2011-05-01,14494.85119047619,2011-05-07,2026-09-27T23:59:00-04:00
ieso:ontario-demand,2011-05-08,14245.845238095239,2011-05-14,2026-09-27T23:59:00-04:00
ieso:ontario-demand,2011-05-15,14556.863095238095,2011-05-21,2026-09-27T23:59:00-04:00
ieso:ontario-demand,2011-05-22,14127.857142857143,2011-05-28,2026-09-27T23:59:00-04:00
ieso:ontario-demand,2011-05-29,15315.095238095239,2011-06-04,2026-09-27T23:59:00-04:00
ieso:ontario-demand,2011-06-05,15981.452380952382,2011-06-11,2026-09-27T23:59:00-04:00
ieso:ontario-demand,2011-06-12,15249.42857142857,2011-06-18,2026-09-27T23:59:00-04:00
ieso:ontario-demand,2011-06-19,15823.404761904761,2011-06-25,2026-09-27T23:59:00-04:00
ieso:ontario-demand,2011-06-26,15448.589285714286,2011-07-02,2026-09-27T23:59:00-04:00
ieso:ontario-demand,2011-07-03,17098.464285714286,2011-07-09,2026-09-27T23:59:00-04:00
ieso:ontario-demand,2011-07-10,17723.32738095238,2011-07-16,2026-09-27T23:59:00-04:00
ieso:ontario-demand,2011-07-17,20110.154761904763,2011-07-23,2026-09-27T23:59:00-04:00
ieso:ontario-demand,2011-07-24,17655.464285714286,2011-07-30,2026-09-27T23:59:00-04:00
ieso:ontario-demand,2011-07-31,17746.089285714286,2011-08-06,2026-09-27T23:59:00-04:00
ieso:ontario-demand,2011-08-07,16907.494047619046,2011-08-13,2026-09-27T23:59:00-04:00
ieso:ontario-demand,2011-08-14,17146.97619047619,2011-08-20,2026-09-27T23:59:00-04:00
ieso:ontario-demand,2011-08-21,16083.892857142857,2011-08-27,2026-09-27T23:59:00-04:00
ieso:ontario-demand,2011-08-28,16732.10714285714,2011-09-03,2026-09-27T23:59:00-04:00
ieso:ontario-demand,2011-09-04,15173.654761904761,2011-09-10,2026-09-27T23:59:00-04:00
ieso:ontario-demand,2011-09-11,15307.458333333334,2011-09-17,2026-09-27T23:59:00-04:00
ieso:ontario-demand,2011-09-18,15079.434523809523,2011-09-24,2026-09-27T23:59:00-04:00
ieso:ontario-demand,2011-09-25,15090.244047619048,2011-10-01,2026-09-27T23:59:00-04:00
ieso:ontario-demand,2011-10-02,14725.857142857143,2011-10-08,2026-09-27T23:59:00-04:00
ieso:ontario-demand,2011-10-09,14667.375,2011-10-15,2026-09-27T23:59:00-04:00
ieso:ontario-demand,2011-10-16,14851.666666666666,2011-10-22,2026-09-27T23:59:00-04:00
ieso:ontario-demand,2011-10-23,15142.291666666666,2011-10-29,2026-09-27T23:59:00-04:00
ieso:ontario-demand,2011-10-30,15136.57142857143,2011-11-05,2026-09-27T23:59:00-04:00
ieso:ontario-demand,2011-11-06,15172.392857142857,2011-11-12,2026-09-27T23:59:00-04:00
ieso:ontario-demand,2011-11-13,15316.559523809523,2011-11-19,2026-09-27T23:59:00-04:00
ieso:ontario-demand,2011-11-20,15689.857142857143,2011-11-26,2026-09-27T23:59:00-04:00
ieso:ontario-demand,2011-11-27,16035.482142857143,2011-12-03,2026-09-27T23:59:00-04:00
ieso:ontario-demand,2011-12-04,16537.261904761905,2011-12-10,2026-09-27T23:59:00-04:00
ieso:ontario-demand,2011-12-11,16528.666666666668,2011-12-17,2026-09-27T23:59:00-04:00
ieso:ontario-demand,2011-12-18,16651.886904761905,2011-12-24,2026-09-27T23:59:00-04:00
ieso:ontario-demand,2011-12-25,15523.779761904761,2011-12-31,2026-09-27T23:59:00-04:00
ieso:ontario-demand,2012-01-01,16683.809523809523,2012-01-07,2026-09-27T23:59:00-04:00
ieso:ontario-demand,2012-01-08,16852.23214285714,2012-01-14,2026-09-27T23:59:00-04:00
ieso:ontario-demand,2012-01-15,17864.07738095238,2012-01-21,2026-09-27T23:59:00-04:00
ieso:ontario-demand,2012-01-22,17089.970238095237,2012-01-28,2026-09-27T23:59:00-04:00
ieso:ontario-demand,2012-01-29,16722.744047619046,2012-02-04,2026-09-27T23:59:00-04:00
ieso:ontario-demand,2012-02-05,16794.636904761905,2012-02-11,2026-09-27T23:59:00-04:00
ieso:ontario-demand,2012-02-12,16795.630952380954,2012-02-18,2026-09-27T23:59:00-04:00
ieso:ontario-demand,2012-02-19,16358.42857142857,2012-02-25,2026-09-27T23:59:00-04:00
ieso:ontario-demand,2012-02-26,16663.17261904762,2012-03-03,2026-09-27T23:59:00-04:00
ieso:ontario-demand,2012-03-04,16611.660714285714,2012-03-10,2026-09-27T23:59:00-04:00
ieso:ontario-demand,2012-03-11,14942.05357142857,2012-03-17,2026-09-27T23:59:00-04:00
ieso:ontario-demand,2012-03-18,14575.595238095239,2012-03-24,2026-09-27T23:59:00-04:00
ieso:ontario-demand,2012-03-25,15218.595238095239,2012-03-31,2026-09-27T23:59:00-04:00
ieso:ontario-demand,2012-04-01,14722.988095238095,2012-04-07,2026-09-27T23:59:00-04:00
ieso:ontario-demand,2012-04-08,14767.380952380952,2012-04-14,2026-09-27T23:59:00-04:00
ieso:ontario-demand,2012-04-15,14727.255952380952,2012-04-21,2026-09-27T23:59:00-04:00
ieso:ontario-demand,2012-04-22,15000.470238095239,2012-04-28,2026-09-27T23:59:00-04:00
ieso:ontario-demand,2012-04-29,14605.988095238095,2012-05-05,2026-09-27T23:59:00-04:00
ieso:ontario-demand,2012-05-06,14292.452380952382,2012-05-12,2026-09-27T23:59:00-04:00
ieso:ontario-demand,2012-05-13,14434.339285714286,2012-05-19,2026-09-27T23:59:00-04:00
ieso:ontario-demand,2012-05-20,15565.583333333334,2012-05-26,2026-09-27T23:59:00-04:00
ieso:ontario-demand,2012-05-27,15563.880952380952,2012-06-02,2026-09-27T23:59:00-04:00
ieso:ontario-demand,2012-06-03,14893.339285714286,2012-06-09,2026-09-27T23:59:00-04:00
ieso:ontario-demand,2012-06-10,16307.5,2012-06-16,2026-09-27T23:59:00-04:00
ieso:ontario-demand,2012-06-17,18259.0,2012-06-23,2026-09-27T23:59:00-04:00
ieso:ontario-demand,2012-06-24,16737.82738095238,2012-06-30,2026-09-27T23:59:00-04:00
ieso:ontario-demand,2012-07-01,18315.779761904763,2012-07-07,2026-09-27T23:59:00-04:00
ieso:ontario-demand,2012-07-08,17945.809523809523,2012-07-14,2026-09-27T23:59:00-04:00
ieso:ontario-demand,2012-07-15,18225.428571428572,2012-07-21,2026-09-27T23:59:00-04:00
ieso:ontario-demand,2012-07-22,17953.678571428572,2012-07-28,2026-09-27T23:59:00-04:00
ieso:ontario-demand,2012-07-29,18460.630952380954,2012-08-04,2026-09-27T23:59:00-04:00
ieso:ontario-demand,2012-08-05,16831.589285714286,2012-08-11,2026-09-27T23:59:00-04:00
ieso:ontario-demand,2012-08-12,16212.065476190477,2012-08-18,2026-09-27T23:59:00-04:00
ieso:ontario-demand,2012-08-19,16499.738095238095,2012-08-25,2026-09-27T23:59:00-04:00
ieso:ontario-demand,2012-08-26,17148.875,2012-09-01,2026-09-27T23:59:00-04:00
ieso:ontario-demand,2012-09-02,16834.869047619046,2012-09-08,2026-09-27T23:59:00-04:00
ieso:ontario-demand,2012-09-09,15356.041666666666,2012-09-15,2026-09-27T23:59:00-04:00
ieso:ontario-demand,2012-09-16,14735.184523809523,2012-09-22,2026-09-27T23:59:00-04:00
ieso:ontario-demand,2012-09-23,14558.517857142857,2012-09-29,2026-09-27T23:59:00-04:00
ieso:ontario-demand,2012-09-30,14758.19642857143,2012-10-06,2026-09-27T23:59:00-04:00
ieso:ontario-demand,2012-10-07,14748.214285714286,2012-10-13,2026-09-27T23:59:00-04:00
ieso:ontario-demand,2012-10-14,14874.30357142857,2012-10-20,2026-09-27T23:59:00-04:00
ieso:ontario-demand,2012-10-21,14998.267857142857,2012-10-27,2026-09-27T23:59:00-04:00
ieso:ontario-demand,2012-10-28,15576.94642857143,2012-11-03,2026-09-27T23:59:00-04:00
ieso:ontario-demand,2012-11-04,16043.880952380952,2012-11-10,2026-09-27T23:59:00-04:00
ieso:ontario-demand,2012-11-11,15603.410714285714,2012-11-17,2026-09-27T23:59:00-04:00
ieso:ontario-demand,2012-11-18,15593.94642857143,2012-11-24,2026-09-27T23:59:00-04:00
ieso:ontario-demand,2012-11-25,16774.184523809523,2012-12-01,2026-09-27T23:59:00-04:00
ieso:ontario-demand,2012-12-02,16267.482142857143,2012-12-08,2026-09-27T23:59:00-04:00
ieso:ontario-demand,2012-12-09,16794.464285714286,2012-12-15,2026-09-27T23:59:00-04:00
ieso:ontario-demand,2012-12-16,16522.041666666668,2012-12-22,2026-09-27T23:59:00-04:00
ieso:ontario-demand,2012-12-23,15818.077380952382,2012-12-29,2026-09-27T23:59:00-04:00
ieso:ontario-demand,2012-12-30,16578.529761904763,2013-01-05,2026-09-27T23:59:00-04:00
ieso:ontario-demand,2013-01-06,16537.803571428572,2013-01-12,2026-09-27T23:59:00-04:00
ieso:ontario-demand,2013-01-13,16918.821428571428,2013-01-19,2026-09-27T23:59:00-04:00
ieso:ontario-demand,2013-01-20,18714.636904761905,2013-01-26,2026-09-27T23:59:00-04:00
ieso:ontario-demand,2013-01-27,17581.636904761905,2013-02-02,2026-09-27T23:59:00-04:00
ieso:ontario-demand,2013-02-03,18246.98214285714,2013-02-09,2026-09-27T23:59:00-04:00
ieso:ontario-demand,2013-02-10,17144.196428571428,2013-02-16,2026-09-27T23:59:00-04:00
ieso:ontario-demand,2013-02-17,17396.14880952381,2013-02-23,2026-09-27T23:59:00-04:00
ieso:ontario-demand,2013-02-24,16763.97619047619,2013-03-02,2026-09-27T23:59:00-04:00
ieso:ontario-demand,2013-03-03,16476.095238095237,2013-03-09,2026-09-27T23:59:00-04:00
ieso:ontario-demand,2013-03-10,16140.339285714286,2013-03-16,2026-09-27T23:59:00-04:00
ieso:ontario-demand,2013-03-17,16611.154761904763,2013-03-23,2026-09-27T23:59:00-04:00
ieso:ontario-demand,2013-03-24,15221.458333333334,2013-03-30,2026-09-27T23:59:00-04:00
ieso:ontario-demand,2013-03-31,15623.119047619048,2013-04-06,2026-09-27T23:59:00-04:00
ieso:ontario-demand,2013-04-07,15596.970238095239,2013-04-13,2026-09-27T23:59:00-04:00
ieso:ontario-demand,2013-04-14,15029.916666666666,2013-04-20,2026-09-27T23:59:00-04:00
ieso:ontario-demand,2013-04-21,14768.904761904761,2013-04-27,2026-09-27T23:59:00-04:00
ieso:ontario-demand,2013-04-28,14194.005952380952,2013-05-04,2026-09-27T23:59:00-04:00
ieso:ontario-demand,2013-05-05,14312.511904761905,2013-05-11,2026-09-27T23:59:00-04:00
ieso:ontario-demand,2013-05-12,14209.863095238095,2013-05-18,2026-09-27T23:59:00-04:00
ieso:ontario-demand,2013-05-19,14391.75,2013-05-25,2026-09-27T23:59:00-04:00
ieso:ontario-demand,2013-05-26,15393.369047619048,2013-06-01,2026-09-27T23:59:00-04:00
ieso:ontario-demand,2013-06-02,14534.267857142857,2013-06-08,2026-09-27T23:59:00-04:00
ieso:ontario-demand,2013-06-09,14857.255952380952,2013-06-15,2026-09-27T23:59:00-04:00
ieso:ontario-demand,2013-06-16,15404.940476190477,2013-06-22,2026-09-27T23:59:00-04:00
ieso:ontario-demand,2013-06-23,17502.779761904763,2013-06-29,2026-09-27T23:59:00-04:00
ieso:ontario-demand,2013-06-30,16186.42857142857,2013-07-06,2026-09-27T23:59:00-04:00
ieso:ontario-demand,2013-07-07,17037.67261904762,2013-07-13,2026-09-27T23:59:00-04:00
ieso:ontario-demand,2013-07-14,19953.928571428572,2013-07-20,2026-09-27T23:59:00-04:00
ieso:ontario-demand,2013-07-21,15826.94642857143,2013-07-27,2026-09-27T23:59:00-04:00
ieso:ontario-demand,2013-07-28,15290.559523809523,2013-08-03,2026-09-27T23:59:00-04:00
ieso:ontario-demand,2013-08-04,15420.666666666666,2013-08-10,2026-09-27T23:59:00-04:00
ieso:ontario-demand,2013-08-11,15244.64880952381,2013-08-17,2026-09-27T23:59:00-04:00
ieso:ontario-demand,2013-08-18,17000.714285714286,2013-08-24,2026-09-27T23:59:00-04:00
ieso:ontario-demand,2013-08-25,17800.553571428572,2013-08-31,2026-09-27T23:59:00-04:00
ieso:ontario-demand,2013-09-01,15131.625,2013-09-07,2026-09-27T23:59:00-04:00
ieso:ontario-demand,2013-09-08,15932.80357142857,2013-09-14,2026-09-27T23:59:00-04:00
ieso:ontario-demand,2013-09-15,14796.083333333334,2013-09-21,2026-09-27T23:59:00-04:00
ieso:ontario-demand,2013-09-22,14487.202380952382,2013-09-28,2026-09-27T23:59:00-04:00
ieso:ontario-demand,2013-09-29,15014.125,2013-10-05,2026-09-27T23:59:00-04:00
ieso:ontario-demand,2013-10-06,14619.327380952382,2013-10-12,2026-09-27T23:59:00-04:00
ieso:ontario-demand,2013-10-13,14439.708333333334,2013-10-19,2026-09-27T23:59:00-04:00
ieso:ontario-demand,2013-10-20,15233.607142857143,2013-10-26,2026-09-27T23:59:00-04:00
ieso:ontario-demand,2013-10-27,15386.011904761905,2013-11-02,2026-09-27T23:59:00-04:00
ieso:ontario-demand,2013-11-03,15585.07142857143,2013-11-09,2026-09-27T23:59:00-04:00
ieso:ontario-demand,2013-11-10,15932.642857142857,2013-11-16,2026-09-27T23:59:00-04:00
ieso:ontario-demand,2013-11-17,16194.113095238095,2013-11-23,2026-09-27T23:59:00-04:00
ieso:ontario-demand,2013-11-24,17329.845238095237,2013-11-30,2026-09-27T23:59:00-04:00
ieso:ontario-demand,2013-12-01,16803.988095238095,2013-12-07,2026-09-27T23:59:00-04:00
ieso:ontario-demand,2013-12-08,18278.964285714286,2013-12-14,2026-09-27T23:59:00-04:00
ieso:ontario-demand,2013-12-15,18215.89285714286,2013-12-21,2026-09-27T23:59:00-04:00
ieso:ontario-demand,2013-12-22,15891.845238095239,2013-12-28,2026-09-27T23:59:00-04:00
ieso:ontario-demand,2013-12-29,17463.880952380954,2014-01-04,2026-09-27T23:59:00-04:00
ieso:ontario-demand,2014-01-05,18222.708333333332,2014-01-11,2026-09-27T23:59:00-04:00
ieso:ontario-demand,2014-01-12,17026.875,2014-01-18,2026-09-27T23:59:00-04:00
ieso:ontario-demand,2014-01-19,19107.42261904762,2014-01-25,2026-09-27T23:59:00-04:00
ieso:ontario-demand,2014-01-26,18714.178571428572,2014-02-01,2026-09-27T23:59:00-04:00
ieso:ontario-demand,2014-02-02,18225.285714285714,2014-02-08,2026-09-27T23:59:00-04:00
ieso:ontario-demand,2014-02-09,18345.416666666668,2014-02-15,2026-09-27T23:59:00-04:00
ieso:ontario-demand,2014-02-16,17250.261904761905,2014-02-22,2026-09-27T23:59:00-04:00
ieso:ontario-demand,2014-02-23,18057.363095238095,2014-03-01,2026-09-27T23:59:00-04:00
ieso:ontario-demand,2014-03-02,17942.785714285714,2014-03-08,2026-09-27T23:59:00-04:00
ieso:ontario-demand,2014-03-09,16700.45238095238,2014-03-15,2026-09-27T23:59:00-04:00
ieso:ontario-demand,2014-03-16,16919.39880952381,2014-03-22,2026-09-27T23:59:00-04:00
ieso:ontario-demand,2014-03-23,16982.79761904762,2014-03-29,2026-09-27T23:59:00-04:00
ieso:ontario-demand,2014-03-30,15683.517857142857,2014-04-05,2026-09-27T23:59:00-04:00
ieso:ontario-demand,2014-04-06,15076.988095238095,2014-04-12,2026-09-27T23:59:00-04:00
ieso:ontario-demand,2014-04-13,14996.39880952381,2014-04-19,2026-09-27T23:59:00-04:00
ieso:ontario-demand,2014-04-20,14637.964285714286,2014-04-26,2026-09-27T23:59:00-04:00
ieso:ontario-demand,2014-04-27,14732.988095238095,2014-05-03,2026-09-27T23:59:00-04:00
ieso:ontario-demand,2014-05-04,14241.630952380952,2014-05-10,2026-09-27T23:59:00-04:00
ieso:ontario-demand,2014-05-11,14283.410714285714,2014-05-17,2026-09-27T23:59:00-04:00
ieso:ontario-demand,2014-05-18,13828.934523809523,2014-05-24,2026-09-27T23:59:00-04:00
ieso:ontario-demand,2014-05-25,14732.779761904761,2014-05-31,2026-09-27T23:59:00-04:00
ieso:ontario-demand,2014-06-01,14955.130952380952,2014-06-07,2026-09-27T23:59:00-04:00
ieso:ontario-demand,2014-06-08,15192.982142857143,2014-06-14,2026-09-27T23:59:00-04:00
ieso:ontario-demand,2014-06-15,15340.011904761905,2014-06-21,2026-09-27T23:59:00-04:00
ieso:ontario-demand,2014-06-22,16415.10714285714,2014-06-28,2026-09-27T23:59:00-04:00
ieso:ontario-demand,2014-06-29,16409.244047619046,2014-07-05,2026-09-27T23:59:00-04:00
ieso:ontario-demand,2014-07-06,15716.869047619048,2014-07-12,2026-09-27T23:59:00-04:00
ieso:ontario-demand,2014-07-13,15370.065476190477,2014-07-19,2026-09-27T23:59:00-04:00
ieso:ontario-demand,2014-07-20,16187.422619047618,2014-07-26,2026-09-27T23:59:00-04:00
ieso:ontario-demand,2014-07-27,15422.869047619048,2014-08-02,2026-09-27T23:59:00-04:00
ieso:ontario-demand,2014-08-03,15699.470238095239,2014-08-09,2026-09-27T23:59:00-04:00
ieso:ontario-demand,2014-08-10,15495.333333333334,2014-08-16,2026-09-27T23:59:00-04:00
ieso:ontario-demand,2014-08-17,15727.559523809523,2014-08-23,2026-09-27T23:59:00-04:00
ieso:ontario-demand,2014-08-24,16123.940476190477,2014-08-30,2026-09-27T23:59:00-04:00
ieso:ontario-demand,2014-08-31,16593.67261904762,2014-09-06,2026-09-27T23:59:00-04:00
ieso:ontario-demand,2014-09-07,14966.880952380952,2014-09-13,2026-09-27T23:59:00-04:00
ieso:ontario-demand,2014-09-14,14301.440476190477,2014-09-20,2026-09-27T23:59:00-04:00
ieso:ontario-demand,2014-09-21,14570.059523809523,2014-09-27,2026-09-27T23:59:00-04:00
ieso:ontario-demand,2014-09-28,14724.35119047619,2014-10-04,2026-09-27T23:59:00-04:00
ieso:ontario-demand,2014-10-05,14345.767857142857,2014-10-11,2026-09-27T23:59:00-04:00
ieso:ontario-demand,2014-10-12,14289.065476190477,2014-10-18,2026-09-27T23:59:00-04:00
ieso:ontario-demand,2014-10-19,14637.589285714286,2014-10-25,2026-09-27T23:59:00-04:00
ieso:ontario-demand,2014-10-26,14853.363095238095,2014-11-01,2026-09-27T23:59:00-04:00
ieso:ontario-demand,2014-11-02,15179.625,2014-11-08,2026-09-27T23:59:00-04:00
ieso:ontario-demand,2014-11-09,15624.785714285714,2014-11-15,2026-09-27T23:59:00-04:00
ieso:ontario-demand,2014-11-16,16847.630952380954,2014-11-22,2026-09-27T23:59:00-04:00
ieso:ontario-demand,2014-11-23,16506.0,2014-11-29,2026-09-27T23:59:00-04:00
ieso:ontario-demand,2014-11-30,16803.845238095237,2014-12-06,2026-09-27T23:59:00-04:00
ieso:ontario-demand,2014-12-07,16951.791666666668,2014-12-13,2026-09-27T23:59:00-04:00
ieso:ontario-demand,2014-12-14,16761.42261904762,2014-12-20,2026-09-27T23:59:00-04:00
ieso:ontario-demand,2014-12-21,14992.72619047619,2014-12-27,2026-09-27T23:59:00-04:00
ieso:ontario-demand,2014-12-28,15843.083333333334,2015-01-03,2026-09-27T23:59:00-04:00
ieso:ontario-demand,2015-01-04,18003.57738095238,2015-01-10,2026-09-27T23:59:00-04:00
ieso:ontario-demand,2015-01-11,18060.27380952381,2015-01-17,2026-09-27T23:59:00-04:00
ieso:ontario-demand,2015-01-18,17394.97619047619,2015-01-24,2026-09-27T23:59:00-04:00
ieso:ontario-demand,2015-01-25,17807.964285714286,2015-01-31,2026-09-27T23:59:00-04:00
ieso:ontario-demand,2015-02-01,18014.625,2015-02-07,2026-09-27T23:59:00-04:00
ieso:ontario-demand,2015-02-08,18147.970238095237,2015-02-14,2026-09-27T23:59:00-04:00
ieso:ontario-demand,2015-02-15,18682.214285714286,2015-02-21,2026-09-27T23:59:00-04:00
ieso:ontario-demand,2015-02-22,18383.041666666668,2015-02-28,2026-09-27T23:59:00-04:00
ieso:ontario-demand,2015-03-01,17468.125,2015-03-07,2026-09-27T23:59:00-04:00
ieso:ontario-demand,2015-03-08,15804.255952380952,2015-03-14,2026-09-27T23:59:00-04:00
ieso:ontario-demand,2015-03-15,15587.380952380952,2015-03-21,2026-09-27T23:59:00-04:00
ieso:ontario-demand,2015-03-22,16178.452380952382,2015-03-28,2026-09-27T23:59:00-04:00
ieso:ontario-demand,2015-03-29,14993.35119047619,2015-04-04,2026-09-27T23:59:00-04:00
ieso:ontario-demand,2015-04-05,15283.77380952381,2015-04-11,2026-09-27T23:59:00-04:00
ieso:ontario-demand,2015-04-12,13912.357142857143,2015-04-18,2026-09-27T23:59:00-04:00
ieso:ontario-demand,2015-04-19,14391.761904761905,2015-04-25,2026-09-27T23:59:00-04:00
ieso:ontario-demand,2015-04-26,13826.315476190477,2015-05-02,2026-09-27T23:59:00-04:00
ieso:ontario-demand,2015-05-03,14106.952380952382,2015-05-09,2026-09-27T23:59:00-04:00
ieso:ontario-demand,2015-05-10,14169.744047619048,2015-05-16,2026-09-27T23:59:00-04:00
ieso:ontario-demand,2015-05-17,13606.982142857143,2015-05-23,2026-09-27T23:59:00-04:00
ieso:ontario-demand,2015-05-24,15258.892857142857,2015-05-30,2026-09-27T23:59:00-04:00
ieso:ontario-demand,2015-05-31,14047.488095238095,2015-06-06,2026-09-27T23:59:00-04:00
ieso:ontario-demand,2015-06-07,14695.880952380952,2015-06-13,2026-09-27T23:59:00-04:00
ieso:ontario-demand,2015-06-14,15047.904761904761,2015-06-20,2026-09-27T23:59:00-04:00
ieso:ontario-demand,2015-06-21,15243.738095238095,2015-06-27,2026-09-27T23:59:00-04:00
ieso:ontario-demand,2015-06-28,13957.988095238095,2015-07-04,2026-09-27T23:59:00-04:00
ieso:ontario-demand,2015-07-05,15704.089285714286,2015-07-11,2026-09-27T23:59:00-04:00
ieso:ontario-demand,2015-07-12,16075.77380952381,2015-07-18,2026-09-27T23:59:00-04:00
ieso:ontario-demand,2015-07-19,16603.095238095237,2015-07-25,2026-09-27T23:59:00-04:00
ieso:ontario-demand,2015-07-26,17903.04761904762,2015-08-01,2026-09-27T23:59:00-04:00
ieso:ontario-demand,2015-08-02,15189.60119047619,2015-08-08,2026-09-27T23:59:00-04:00
ieso:ontario-demand,2015-08-09,15848.32142857143,2015-08-15,2026-09-27T23:59:00-04:00
ieso:ontario-demand,2015-08-16,17287.630952380954,2015-08-22,2026-09-27T23:59:00-04:00
ieso:ontario-demand,2015-08-23,15051.39880952381,2015-08-29,2026-09-27T23:59:00-04:00
ieso:ontario-demand,2015-08-30,17587.511904761905,2015-09-05,2026-09-27T23:59:00-04:00
ieso:ontario-demand,2015-09-06,16585.994047619046,2015-09-12,2026-09-27T23:59:00-04:00
ieso:ontario-demand,2015-09-13,15300.27380952381,2015-09-19,2026-09-27T23:59:00-04:00
ieso:ontario-demand,2015-09-20,14446.72619047619,2015-09-26,2026-09-27T23:59:00-04:00
ieso:ontario-demand,2015-09-27,14345.94642857143,2015-10-03,2026-09-27T23:59:00-04:00
ieso:ontario-demand,2015-10-04,14369.22619047619,2015-10-10,2026-09-27T23:59:00-04:00
ieso:ontario-demand,2015-10-11,13904.309523809523,2015-10-17,2026-09-27T23:59:00-04:00
ieso:ontario-demand,2015-10-18,14658.172619047618,2015-10-24,2026-09-27T23:59:00-04:00
ieso:ontario-demand,2015-10-25,14728.458333333334,2015-10-31,2026-09-27T23:59:00-04:00
ieso:ontario-demand,2015-11-01,14311.970238095239,2015-11-07,2026-09-27T23:59:00-04:00
ieso:ontario-demand,2015-11-08,14693.02380952381,2015-11-14,2026-09-27T23:59:00-04:00
ieso:ontario-demand,2015-11-15,14626.297619047618,2015-11-21,2026-09-27T23:59:00-04:00
ieso:ontario-demand,2015-11-22,15467.30357142857,2015-11-28,2026-09-27T23:59:00-04:00
ieso:ontario-demand,2015-11-29,15768.934523809523,2015-12-05,2026-09-27T23:59:00-04:00
ieso:ontario-demand,2015-12-06,15348.577380952382,2015-12-12,2026-09-27T23:59:00-04:00
ieso:ontario-demand,2015-12-13,15640.505952380952,2015-12-19,2026-09-27T23:59:00-04:00
ieso:ontario-demand,2015-12-20,14407.815476190477,2015-12-26,2026-09-27T23:59:00-04:00
ieso:ontario-demand,2015-12-27,14933.755952380952,2016-01-02,2026-09-27T23:59:00-04:00
ieso:ontario-demand,2016-01-03,16615.35714285714,2016-01-09,2026-09-27T23:59:00-04:00
ieso:ontario-demand,2016-01-10,17016.22619047619,2016-01-16,2026-09-27T23:59:00-04:00
ieso:ontario-demand,2016-01-17,17336.904761904763,2016-01-23,2026-09-27T23:59:00-04:00
ieso:ontario-demand,2016-01-24,16491.964285714286,2016-01-30,2026-09-27T23:59:00-04:00
ieso:ontario-demand,2016-01-31,15812.67857142857,2016-02-06,2026-09-27T23:59:00-04:00
ieso:ontario-demand,2016-02-07,17047.970238095237,2016-02-13,2026-09-27T23:59:00-04:00
ieso:ontario-demand,2016-02-14,16883.208333333332,2016-02-20,2026-09-27T23:59:00-04:00
ieso:ontario-demand,2016-02-21,16306.315476190477,2016-02-27,2026-09-27T23:59:00-04:00
ieso:ontario-demand,2016-02-28,16448.73214285714,2016-03-05,2026-09-27T23:59:00-04:00
ieso:ontario-demand,2016-03-06,14958.815476190477,2016-03-12,2026-09-27T23:59:00-04:00
ieso:ontario-demand,2016-03-13,14723.827380952382,2016-03-19,2026-09-27T23:59:00-04:00
ieso:ontario-demand,2016-03-20,15102.32142857143,2016-03-26,2026-09-27T23:59:00-04:00
ieso:ontario-demand,2016-03-27,14502.42857142857,2016-04-02,2026-09-27T23:59:00-04:00
ieso:ontario-demand,2016-04-03,15443.422619047618,2016-04-09,2026-09-27T23:59:00-04:00
ieso:ontario-demand,2016-04-10,14725.488095238095,2016-04-16,2026-09-27T23:59:00-04:00
ieso:ontario-demand,2016-04-17,13662.410714285714,2016-04-23,2026-09-27T23:59:00-04:00
ieso:ontario-demand,2016-04-24,14023.267857142857,2016-04-30,2026-09-27T23:59:00-04:00
ieso:ontario-demand,2016-05-01,13663.369047619048,2016-05-07,2026-09-27T23:59:00-04:00
ieso:ontario-demand,2016-05-08,13380.85119047619,2016-05-14,2026-09-27T23:59:00-04:00
ieso:ontario-demand,2016-05-15,13523.577380952382,2016-05-21,2026-09-27T23:59:00-04:00
ieso:ontario-demand,2016-05-22,14745.10119047619,2016-05-28,2026-09-27T23:59:00-04:00
ieso:ontario-demand,2016-05-29,15770.767857142857,2016-06-04,2026-09-27T23:59:00-04:00
ieso:ontario-demand,2016-06-05,14256.089285714286,2016-06-11,2026-09-27T23:59:00-04:00
ieso:ontario-demand,2016-06-12,14924.89880952381,2016-06-18,2026-09-27T23:59:00-04:00
ieso:ontario-demand,2016-06-19,16276.875,2016-06-25,2026-09-27T23:59:00-04:00
ieso:ontario-demand,2016-06-26,15639.994047619048,2016-07-02,2026-09-27T23:59:00-04:00
ieso:ontario-demand,2016-07-03,16910.26785714286,2016-07-09,2026-09-27T23:59:00-04:00
ieso:ontario-demand,2016-07-10,16945.553571428572,2016-07-16,2026-09-27T23:59:00-04:00
ieso:ontario-demand,2016-07-17,17145.57738095238,2016-07-23,2026-09-27T23:59:00-04:00
ieso:ontario-demand,2016-07-24,17512.29761904762,2016-07-30,2026-09-27T23:59:00-04:00
ieso:ontario-demand,2016-07-31,17430.22619047619,2016-08-06,2026-09-27T23:59:00-04:00
ieso:ontario-demand,2016-08-07,18368.636904761905,2016-08-13,2026-09-27T23:59:00-04:00
ieso:ontario-demand,2016-08-14,17567.57738095238,2016-08-20,2026-09-27T23:59:00-04:00
ieso:ontario-demand,2016-08-21,16808.005952380954,2016-08-27,2026-09-27T23:59:00-04:00
ieso:ontario-demand,2016-08-28,16256.184523809523,2016-09-03,2026-09-27T23:59:00-04:00
ieso:ontario-demand,2016-09-04,17076.23214285714,2016-09-10,2026-09-27T23:59:00-04:00
ieso:ontario-demand,2016-09-11,14938.613095238095,2016-09-17,2026-09-27T23:59:00-04:00
ieso:ontario-demand,2016-09-18,15502.517857142857,2016-09-24,2026-09-27T23:59:00-04:00
ieso:ontario-demand,2016-09-25,14041.339285714286,2016-10-01,2026-09-27T23:59:00-04:00
ieso:ontario-demand,2016-10-02,14203.202380952382,2016-10-08,2026-09-27T23:59:00-04:00
ieso:ontario-demand,2016-10-09,13593.583333333334,2016-10-15,2026-09-27T23:59:00-04:00
ieso:ontario-demand,2016-10-16,14219.35119047619,2016-10-22,2026-09-27T23:59:00-04:00
ieso:ontario-demand,2016-10-23,14581.255952380952,2016-10-29,2026-09-27T23:59:00-04:00
ieso:ontario-demand,2016-10-30,14434.464285714286,2016-11-05,2026-09-27T23:59:00-04:00
ieso:ontario-demand,2016-11-06,14309.494047619048,2016-11-12,2026-09-27T23:59:00-04:00
ieso:ontario-demand,2016-11-13,14455.291666666666,2016-11-19,2026-09-27T23:59:00-04:00
ieso:ontario-demand,2016-11-20,15879.077380952382,2016-11-26,2026-09-27T23:59:00-04:00
ieso:ontario-demand,2016-11-27,15229.875,2016-12-03,2026-09-27T23:59:00-04:00
ieso:ontario-demand,2016-12-04,15989.60119047619,2016-12-10,2026-09-27T23:59:00-04:00
ieso:ontario-demand,2016-12-11,17202.75,2016-12-17,2026-09-27T23:59:00-04:00
ieso:ontario-demand,2016-12-18,16559.488095238095,2016-12-24,2026-09-27T23:59:00-04:00
ieso:ontario-demand,2016-12-25,14826.07142857143,2016-12-31,2026-09-27T23:59:00-04:00
ieso:ontario-demand,2017-01-01,16136.410714285714,2017-01-07,2026-09-27T23:59:00-04:00
ieso:ontario-demand,2017-01-08,16801.75,2017-01-14,2026-09-27T23:59:00-04:00
ieso:ontario-demand,2017-01-15,16153.35119047619,2017-01-21,2026-09-27T23:59:00-04:00
ieso:ontario-demand,2017-01-22,15834.613095238095,2017-01-28,2026-09-27T23:59:00-04:00
ieso:ontario-demand,2017-01-29,16678.380952380954,2017-02-04,2026-09-27T23:59:00-04:00
ieso:ontario-demand,2017-02-05,16645.85714285714,2017-02-11,2026-09-27T23:59:00-04:00
ieso:ontario-demand,2017-02-12,15974.39880952381,2017-02-18,2026-09-27T23:59:00-04:00
ieso:ontario-demand,2017-02-19,14578.511904761905,2017-02-25,2026-09-27T23:59:00-04:00
ieso:ontario-demand,2017-02-26,15499.559523809523,2017-03-04,2026-09-27T23:59:00-04:00
ieso:ontario-demand,2017-03-05,15629.107142857143,2017-03-11,2026-09-27T23:59:00-04:00
ieso:ontario-demand,2017-03-12,16210.60119047619,2017-03-18,2026-09-27T23:59:00-04:00
ieso:ontario-demand,2017-03-19,15195.589285714286,2017-03-25,2026-09-27T23:59:00-04:00
ieso:ontario-demand,2017-03-26,14839.744047619048,2017-04-01,2026-09-27T23:59:00-04:00
ieso:ontario-demand,2017-04-02,14274.380952380952,2017-04-08,2026-09-27T23:59:00-04:00
ieso:ontario-demand,2017-04-09,13252.369047619048,2017-04-15,2026-09-27T23:59:00-04:00
ieso:ontario-demand,2017-04-16,13584.119047619048,2017-04-22,2026-09-27T23:59:00-04:00
ieso:ontario-demand,2017-04-23,13343.970238095239,2017-04-29,2026-09-27T23:59:00-04:00
ieso:ontario-demand,2017-04-30,13864.261904761905,2017-05-06,2026-09-27T23:59:00-04:00
ieso:ontario-demand,2017-05-07,13642.988095238095,2017-05-13,2026-09-27T23:59:00-04:00
ieso:ontario-demand,2017-05-14,13541.82142857143,2017-05-20,2026-09-27T23:59:00-04:00
ieso:ontario-demand,2017-05-21,13362.458333333334,2017-05-27,2026-09-27T23:59:00-04:00
ieso:ontario-demand,2017-05-28,13530.744047619048,2017-06-03,2026-09-27T23:59:00-04:00
ieso:ontario-demand,2017-06-04,13917.083333333334,2017-06-10,2026-09-27T23:59:00-04:00
ieso:ontario-demand,2017-06-11,16101.797619047618,2017-06-17,2026-09-27T23:59:00-04:00
ieso:ontario-demand,2017-06-18,15313.190476190477,2017-06-24,2026-09-27T23:59:00-04:00
ieso:ontario-demand,2017-06-25,14442.095238095239,2017-07-01,2026-09-27T23:59:00-04:00
ieso:ontario-demand,2017-07-02,15294.52380952381,2017-07-08,2026-09-27T23:59:00-04:00
ieso:ontario-demand,2017-07-09,15622.577380952382,2017-07-15,2026-09-27T23:59:00-04:00
ieso:ontario-demand,2017-07-16,16376.875,2017-07-22,2026-09-27T23:59:00-04:00
ieso:ontario-demand,2017-07-23,15069.529761904761,2017-07-29,2026-09-27T23:59:00-04:00
ieso:ontario-demand,2017-07-30,16243.94642857143,2017-08-05,2026-09-27T23:59:00-04:00
ieso:ontario-demand,2017-08-06,15031.172619047618,2017-08-12,2026-09-27T23:59:00-04:00
ieso:ontario-demand,2017-08-13,15583.916666666666,2017-08-19,2026-09-27T23:59:00-04:00
ieso:ontario-demand,2017-08-20,15003.511904761905,2017-08-26,2026-09-27T23:59:00-04:00
ieso:ontario-demand,2017-08-27,13962.285714285714,2017-09-02,2026-09-27T23:59:00-04:00
ieso:ontario-demand,2017-09-03,13402.690476190477,2017-09-09,2026-09-27T23:59:00-04:00
ieso:ontario-demand,2017-09-10,14459.970238095239,2017-09-16,2026-09-27T23:59:00-04:00
ieso:ontario-demand,2017-09-17,16153.32142857143,2017-09-23,2026-09-27T23:59:00-04:00
ieso:ontario-demand,2017-09-24,15890.047619047618,2017-09-30,2026-09-27T23:59:00-04:00
ieso:ontario-demand,2017-10-01,14058.434523809523,2017-10-07,2026-09-27T23:59:00-04:00
ieso:ontario-demand,2017-10-08,13888.184523809523,2017-10-14,2026-09-27T23:59:00-04:00
ieso:ontario-demand,2017-10-15,13609.815476190477,2017-10-21,2026-09-27T23:59:00-04:00
ieso:ontario-demand,2017-10-22,13859.464285714286,2017-10-28,2026-09-27T23:59:00-04:00
ieso:ontario-demand,2017-10-29,14511.327380952382,2017-11-04,2026-09-27T23:59:00-04:00
ieso:ontario-demand,2017-11-05,15070.80357142857,2017-11-11,2026-09-27T23:59:00-04:00
ieso:ontario-demand,2017-11-12,15439.690476190477,2017-11-18,2026-09-27T23:59:00-04:00
ieso:ontario-demand,2017-11-19,15336.559523809523,2017-11-25,2026-09-27T23:59:00-04:00
ieso:ontario-demand,2017-11-26,15286.315476190477,2017-12-02,2026-09-27T23:59:00-04:00
ieso:ontario-demand,2017-12-03,15741.059523809523,2017-12-09,2026-09-27T23:59:00-04:00
ieso:ontario-demand,2017-12-10,17328.946428571428,2017-12-16,2026-09-27T23:59:00-04:00
ieso:ontario-demand,2017-12-17,16762.488095238095,2017-12-23,2026-09-27T23:59:00-04:00
ieso:ontario-demand,2017-12-24,16457.928571428572,2017-12-30,2026-09-27T23:59:00-04:00
ieso:ontario-demand,2017-12-31,17965.946428571428,2018-01-06,2026-09-27T23:59:00-04:00
ieso:ontario-demand,2018-01-07,16924.791666666668,2018-01-13,2026-09-27T23:59:00-04:00
ieso:ontario-demand,2018-01-14,17201.613095238095,2018-01-20,2026-09-27T23:59:00-04:00
ieso:ontario-demand,2018-01-21,16426.60714285714,2018-01-27,2026-09-27T23:59:00-04:00
ieso:ontario-demand,2018-01-28,16836.07738095238,2018-02-03,2026-09-27T23:59:00-04:00
ieso:ontario-demand,2018-02-04,17302.85119047619,2018-02-10,2026-09-27T23:59:00-04:00
ieso:ontario-demand,2018-02-11,16415.380952380954,2018-02-17,2026-09-27T23:59:00-04:00
ieso:ontario-demand,2018-02-18,15639.464285714286,2018-02-24,2026-09-27T23:59:00-04:00
ieso:ontario-demand,2018-02-25,15079.994047619048,2018-03-03,2026-09-27T23:59:00-04:00
ieso:ontario-demand,2018-03-04,15689.130952380952,2018-03-10,2026-09-27T23:59:00-04:00
ieso:ontario-demand,2018-03-11,15563.797619047618,2018-03-17,2026-09-27T23:59:00-04:00
ieso:ontario-demand,2018-03-18,15254.940476190477,2018-03-24,2026-09-27T23:59:00-04:00
ieso:ontario-demand,2018-03-25,14638.809523809523,2018-03-31,2026-09-27T23:59:00-04:00
ieso:ontario-demand,2018-04-01,15171.375,2018-04-07,2026-09-27T23:59:00-04:00
ieso:ontario-demand,2018-04-08,15197.261904761905,2018-04-14,2026-09-27T23:59:00-04:00
ieso:ontario-demand,2018-04-15,15074.64880952381,2018-04-21,2026-09-27T23:59:00-04:00
ieso:ontario-demand,2018-04-22,13734.14880952381,2018-04-28,2026-09-27T23:59:00-04:00
ieso:ontario-demand,2018-04-29,13381.172619047618,2018-05-05,2026-09-27T23:59:00-04:00
ieso:ontario-demand,2018-05-06,13341.10119047619,2018-05-12,2026-09-27T23:59:00-04:00
ieso:ontario-demand,2018-05-13,13481.880952380952,2018-05-19,2026-09-27T23:59:00-04:00
ieso:ontario-demand,2018-05-20,13822.214285714286,2018-05-26,2026-09-27T23:59:00-04:00
ieso:ontario-demand,2018-05-27,16189.077380952382,2018-06-02,2026-09-27T23:59:00-04:00
ieso:ontario-demand,2018-06-03,13960.964285714286,2018-06-09,2026-09-27T23:59:00-04:00
ieso:ontario-demand,2018-06-10,14789.672619047618,2018-06-16,2026-09-27T23:59:00-04:00
ieso:ontario-demand,2018-06-17,15845.869047619048,2018-06-23,2026-09-27T23:59:00-04:00
ieso:ontario-demand,2018-06-24,16030.154761904761,2018-06-30,2026-09-27T23:59:00-04:00
ieso:ontario-demand,2018-07-01,17716.083333333332,2018-07-07,2026-09-27T23:59:00-04:00
ieso:ontario-demand,2018-07-08,17184.821428571428,2018-07-14,2026-09-27T23:59:00-04:00
ieso:ontario-demand,2018-07-15,17103.154761904763,2018-07-21,2026-09-27T23:59:00-04:00
ieso:ontario-demand,2018-07-22,16678.14285714286,2018-07-28,2026-09-27T23:59:00-04:00
ieso:ontario-demand,2018-07-29,16818.345238095237,2018-08-04,2026-09-27T23:59:00-04:00
ieso:ontario-demand,2018-08-05,17299.869047619046,2018-08-11,2026-09-27T23:59:00-04:00
ieso:ontario-demand,2018-08-12,17636.404761904763,2018-08-18,2026-09-27T23:59:00-04:00
ieso:ontario-demand,2018-08-19,15878.69642857143,2018-08-25,2026-09-27T23:59:00-04:00
ieso:ontario-demand,2018-08-26,16952.52380952381,2018-09-01,2026-09-27T23:59:00-04:00
ieso:ontario-demand,2018-09-02,17018.57738095238,2018-09-08,2026-09-27T23:59:00-04:00
ieso:ontario-demand,2018-09-09,15329.470238095239,2018-09-15,2026-09-27T23:59:00-04:00
ieso:ontario-demand,2018-09-16,15861.285714285714,2018-09-22,2026-09-27T23:59:00-04:00
ieso:ontario-demand,2018-09-23,14004.035714285714,2018-09-29,2026-09-27T23:59:00-04:00
ieso:ontario-demand,2018-09-30,14183.297619047618,2018-10-06,2026-09-27T23:59:00-04:00
ieso:ontario-demand,2018-10-07,14168.702380952382,2018-10-13,2026-09-27T23:59:00-04:00
ieso:ontario-demand,2018-10-14,14062.886904761905,2018-10-20,2026-09-27T23:59:00-04:00
ieso:ontario-demand,2018-10-21,14761.690476190477,2018-10-27,2026-09-27T23:59:00-04:00
ieso:ontario-demand,2018-10-28,14949.059523809523,2018-11-03,2026-09-27T23:59:00-04:00
ieso:ontario-demand,2018-11-04,14977.797619047618,2018-11-10,2026-09-27T23:59:00-04:00
ieso:ontario-demand,2018-11-11,15949.80357142857,2018-11-17,2026-09-27T23:59:00-04:00
ieso:ontario-demand,2018-11-18,16330.732142857143,2018-11-24,2026-09-27T23:59:00-04:00
ieso:ontario-demand,2018-11-25,16121.309523809523,2018-12-01,2026-09-27T23:59:00-04:00
ieso:ontario-demand,2018-12-02,16438.85714285714,2018-12-08,2026-09-27T23:59:00-04:00
ieso:ontario-demand,2018-12-09,16551.946428571428,2018-12-15,2026-09-27T23:59:00-04:00
ieso:ontario-demand,2018-12-16,16141.065476190477,2018-12-22,2026-09-27T23:59:00-04:00
ieso:ontario-demand,2018-12-23,15123.845238095239,2018-12-29,2026-09-27T23:59:00-04:00
ieso:ontario-demand,2018-12-30,15583.958333333334,2019-01-05,2026-09-27T23:59:00-04:00
ieso:ontario-demand,2019-01-06,16592.79761904762,2019-01-12,2026-09-27T23:59:00-04:00
ieso:ontario-demand,2019-01-13,17302.553571428572,2019-01-19,2026-09-27T23:59:00-04:00
ieso:ontario-demand,2019-01-20,17862.97619047619,2019-01-26,2026-09-27T23:59:00-04:00
ieso:ontario-demand,2019-01-27,18138.583333333332,2019-02-02,2026-09-27T23:59:00-04:00
ieso:ontario-demand,2019-02-03,16621.79761904762,2019-02-09,2026-09-27T23:59:00-04:00
ieso:ontario-demand,2019-02-10,16811.67261904762,2019-02-16,2026-09-27T23:59:00-04:00
ieso:ontario-demand,2019-02-17,16459.636904761905,2019-02-23,2026-09-27T23:59:00-04:00
ieso:ontario-demand,2019-02-24,16919.886904761905,2019-03-02,2026-09-27T23:59:00-04:00
ieso:ontario-demand,2019-03-03,16833.214285714286,2019-03-09,2026-09-27T23:59:00-04:00
ieso:ontario-demand,2019-03-10,15555.029761904761,2019-03-16,2026-09-27T23:59:00-04:00
ieso:ontario-demand,2019-03-17,15269.089285714286,2019-03-23,2026-09-27T23:59:00-04:00
ieso:ontario-demand,2019-03-24,14935.07142857143,2019-03-30,2026-09-27T23:59:00-04:00
ieso:ontario-demand,2019-03-31,14921.952380952382,2019-04-06,2026-09-27T23:59:00-04:00
ieso:ontario-demand,2019-04-07,14383.42857142857,2019-04-13,2026-09-27T23:59:00-04:00
ieso:ontario-demand,2019-04-14,14056.636904761905,2019-04-20,2026-09-27T23:59:00-04:00
ieso:ontario-demand,2019-04-21,13804.279761904761,2019-04-27,2026-09-27T23:59:00-04:00
ieso:ontario-demand,2019-04-28,14291.035714285714,2019-05-04,2026-09-27T23:59:00-04:00
ieso:ontario-demand,2019-05-05,13521.595238095239,2019-05-11,2026-09-27T23:59:00-04:00
ieso:ontario-demand,2019-05-12,13801.077380952382,2019-05-18,2026-09-27T23:59:00-04:00
ieso:ontario-demand,2019-05-19,13337.369047619048,2019-05-25,2026-09-27T23:59:00-04:00
ieso:ontario-demand,2019-05-26,13784.10119047619,2019-06-01,2026-09-27T23:59:00-04:00
ieso:ontario-demand,2019-06-02,13718.607142857143,2019-06-08,2026-09-27T23:59:00-04:00
ieso:ontario-demand,2019-06-09,13801.42857142857,2019-06-15,2026-09-27T23:59:00-04:00
ieso:ontario-demand,2019-06-16,14317.345238095239,2019-06-22,2026-09-27T23:59:00-04:00
ieso:ontario-demand,2019-06-23,15979.494047619048,2019-06-29,2026-09-27T23:59:00-04:00
ieso:ontario-demand,2019-06-30,16988.440476190477,2019-07-06,2026-09-27T23:59:00-04:00
ieso:ontario-demand,2019-07-07,16464.005952380954,2019-07-13,2026-09-27T23:59:00-04:00
ieso:ontario-demand,2019-07-14,17718.190476190477,2019-07-20,2026-09-27T23:59:00-04:00
ieso:ontario-demand,2019-07-21,16819.446428571428,2019-07-27,2026-09-27T23:59:00-04:00
ieso:ontario-demand,2019-07-28,17153.92261904762,2019-08-03,2026-09-27T23:59:00-04:00
ieso:ontario-demand,2019-08-04,16035.089285714286,2019-08-10,2026-09-27T23:59:00-04:00
ieso:ontario-demand,2019-08-11,16235.565476190477,2019-08-17,2026-09-27T23:59:00-04:00
ieso:ontario-demand,2019-08-18,16212.744047619048,2019-08-24,2026-09-27T23:59:00-04:00
ieso:ontario-demand,2019-08-25,14930.880952380952,2019-08-31,2026-09-27T23:59:00-04:00
ieso:ontario-demand,2019-09-01,14218.660714285714,2019-09-07,2026-09-27T23:59:00-04:00
ieso:ontario-demand,2019-09-08,14393.636904761905,2019-09-14,2026-09-27T23:59:00-04:00
ieso:ontario-demand,2019-09-15,14363.392857142857,2019-09-21,2026-09-27T23:59:00-04:00
ieso:ontario-demand,2019-09-22,14654.142857142857,2019-09-28,2026-09-27T23:59:00-04:00
ieso:ontario-demand,2019-09-29,13983.14880952381,2019-10-05,2026-09-27T23:59:00-04:00
ieso:ontario-demand,2019-10-06,13635.327380952382,2019-10-12,2026-09-27T23:59:00-04:00
ieso:ontario-demand,2019-10-13,13688.44642857143,2019-10-19,2026-09-27T23:59:00-04:00
ieso:ontario-demand,2019-10-20,13870.125,2019-10-26,2026-09-27T23:59:00-04:00
ieso:ontario-demand,2019-10-27,14402.684523809523,2019-11-02,2026-09-27T23:59:00-04:00
ieso:ontario-demand,2019-11-03,15067.839285714286,2019-11-09,2026-09-27T23:59:00-04:00
ieso:ontario-demand,2019-11-10,16379.833333333334,2019-11-16,2026-09-27T23:59:00-04:00
ieso:ontario-demand,2019-11-17,15800.720238095239,2019-11-23,2026-09-27T23:59:00-04:00
ieso:ontario-demand,2019-11-24,15571.255952380952,2019-11-30,2026-09-27T23:59:00-04:00
ieso:ontario-demand,2019-12-01,16659.261904761905,2019-12-07,2026-09-27T23:59:00-04:00
ieso:ontario-demand,2019-12-08,16536.541666666668,2019-12-14,2026-09-27T23:59:00-04:00
ieso:ontario-demand,2019-12-15,17244.333333333332,2019-12-21,2026-09-27T23:59:00-04:00
ieso:ontario-demand,2019-12-22,14536.60119047619,2019-12-28,2026-09-27T23:59:00-04:00
ieso:ontario-demand,2019-12-29,14870.35119047619,2020-01-04,2026-09-27T23:59:00-04:00
ieso:ontario-demand,2020-01-05,16216.363095238095,2020-01-11,2026-09-27T23:59:00-04:00
ieso:ontario-demand,2020-01-12,16851.565476190477,2020-01-18,2026-09-27T23:59:00-04:00
ieso:ontario-demand,2020-01-19,16672.529761904763,2020-01-25,2026-09-27T23:59:00-04:00
ieso:ontario-demand,2020-01-26,16460.488095238095,2020-02-01,2026-09-27T23:59:00-04:00
ieso:ontario-demand,2020-02-02,16424.178571428572,2020-02-08,2026-09-27T23:59:00-04:00
ieso:ontario-demand,2020-02-09,16583.089285714286,2020-02-15,2026-09-27T23:59:00-04:00
ieso:ontario-demand,2020-02-16,15820.125,2020-02-22,2026-09-27T23:59:00-04:00
ieso:ontario-demand,2020-02-23,15837.67857142857,2020-02-29,2026-09-27T23:59:00-04:00
ieso:ontario-demand,2020-03-01,15557.375,2020-03-07,2026-09-27T23:59:00-04:00
ieso:ontario-demand,2020-03-08,14823.083333333334,2020-03-14,2026-09-27T23:59:00-04:00
ieso:ontario-demand,2020-03-15,14893.892857142857,2020-03-21,2026-09-27T23:59:00-04:00
ieso:ontario-demand,2020-03-22,14271.345238095239,2020-03-28,2026-09-27T23:59:00-04:00
ieso:ontario-demand,2020-03-29,13328.738095238095,2020-04-04,2026-09-27T23:59:00-04:00
ieso:ontario-demand,2020-04-05,12678.797619047618,2020-04-11,2026-09-27T23:59:00-04:00
ieso:ontario-demand,2020-04-12,13150.077380952382,2020-04-18,2026-09-27T23:59:00-04:00
ieso:ontario-demand,2020-04-19,12991.315476190477,2020-04-25,2026-09-27T23:59:00-04:00
ieso:ontario-demand,2020-04-26,12369.82142857143,2020-05-02,2026-09-27T23:59:00-04:00
ieso:ontario-demand,2020-05-03,12515.375,2020-05-09,2026-09-27T23:59:00-04:00
ieso:ontario-demand,2020-05-10,12806.869047619048,2020-05-16,2026-09-27T23:59:00-04:00
ieso:ontario-demand,2020-05-17,12159.690476190477,2020-05-23,2026-09-27T23:59:00-04:00
ieso:ontario-demand,2020-05-24,14855.261904761905,2020-05-30,2026-09-27T23:59:00-04:00
ieso:ontario-demand,2020-05-31,13928.589285714286,2020-06-06,2026-09-27T23:59:00-04:00
ieso:ontario-demand,2020-06-07,14104.940476190477,2020-06-13,2026-09-27T23:59:00-04:00
ieso:ontario-demand,2020-06-14,14918.85119047619,2020-06-20,2026-09-27T23:59:00-04:00
ieso:ontario-demand,2020-06-21,15845.333333333334,2020-06-27,2026-09-27T23:59:00-04:00
ieso:ontario-demand,2020-06-28,17222.886904761905,2020-07-04,2026-09-27T23:59:00-04:00
ieso:ontario-demand,2020-07-05,19047.125,2020-07-11,2026-09-27T23:59:00-04:00
ieso:ontario-demand,2020-07-12,16997.470238095237,2020-07-18,2026-09-27T23:59:00-04:00
ieso:ontario-demand,2020-07-19,17008.071428571428,2020-07-25,2026-09-27T23:59:00-04:00
ieso:ontario-demand,2020-07-26,17804.041666666668,2020-08-01,2026-09-27T23:59:00-04:00
ieso:ontario-demand,2020-08-02,15324.083333333334,2020-08-08,2026-09-27T23:59:00-04:00
ieso:ontario-demand,2020-08-09,17746.583333333332,2020-08-15,2026-09-27T23:59:00-04:00
ieso:ontario-demand,2020-08-16,15673.994047619048,2020-08-22,2026-09-27T23:59:00-04:00
ieso:ontario-demand,2020-08-23,16750.571428571428,2020-08-29,2026-09-27T23:59:00-04:00
ieso:ontario-demand,2020-08-30,15066.761904761905,2020-09-05,2026-09-27T23:59:00-04:00
ieso:ontario-demand,2020-09-06,13755.279761904761,2020-09-12,2026-09-27T23:59:00-04:00
ieso:ontario-demand,2020-09-13,13524.863095238095,2020-09-19,2026-09-27T23:59:00-04:00
ieso:ontario-demand,2020-09-20,13776.738095238095,2020-09-26,2026-09-27T23:59:00-04:00
ieso:ontario-demand,2020-09-27,13952.988095238095,2020-10-03,2026-09-27T23:59:00-04:00
ieso:ontario-demand,2020-10-04,13553.952380952382,2020-10-10,2026-09-27T23:59:00-04:00
ieso:ontario-demand,2020-10-11,13347.684523809523,2020-10-17,2026-09-27T23:59:00-04:00
ieso:ontario-demand,2020-10-18,14079.14880952381,2020-10-24,2026-09-27T23:59:00-04:00
ieso:ontario-demand,2020-10-25,14763.190476190477,2020-10-31,2026-09-27T23:59:00-04:00
ieso:ontario-demand,2020-11-01,14211.779761904761,2020-11-07,2026-09-27T23:59:00-04:00
ieso:ontario-demand,2020-11-08,13963.238095238095,2020-11-14,2026-09-27T23:59:00-04:00
ieso:ontario-demand,2020-11-15,14915.964285714286,2020-11-21,2026-09-27T23:59:00-04:00
ieso:ontario-demand,2020-11-22,15385.202380952382,2020-11-28,2026-09-27T23:59:00-04:00
ieso:ontario-demand,2020-11-29,15426.529761904761,2020-12-05,2026-09-27T23:59:00-04:00
ieso:ontario-demand,2020-12-06,15889.089285714286,2020-12-12,2026-09-27T23:59:00-04:00
ieso:ontario-demand,2020-12-13,16739.458333333332,2020-12-19,2026-09-27T23:59:00-04:00
ieso:ontario-demand,2020-12-20,15520.744047619048,2020-12-26,2026-09-27T23:59:00-04:00
ieso:ontario-demand,2020-12-27,15281.10119047619,2021-01-02,2026-09-27T23:59:00-04:00
ieso:ontario-demand,2021-01-03,16210.85119047619,2021-01-09,2026-09-27T23:59:00-04:00
ieso:ontario-demand,2021-01-10,16029.32142857143,2021-01-16,2026-09-27T23:59:00-04:00
ieso:ontario-demand,2021-01-17,16291.392857142857,2021-01-23,2026-09-27T23:59:00-04:00
ieso:ontario-demand,2021-01-24,16936.458333333332,2021-01-30,2026-09-27T23:59:00-04:00
ieso:ontario-demand,2021-01-31,16638.32738095238,2021-02-06,2026-09-27T23:59:00-04:00
ieso:ontario-demand,2021-02-07,17465.571428571428,2021-02-13,2026-09-27T23:59:00-04:00
ieso:ontario-demand,2021-02-14,17040.98214285714,2021-02-20,2026-09-27T23:59:00-04:00
ieso:ontario-demand,2021-02-21,15913.892857142857,2021-02-27,2026-09-27T23:59:00-04:00
ieso:ontario-demand,2021-02-28,15990.035714285714,2021-03-06,2026-09-27T23:59:00-04:00
ieso:ontario-demand,2021-03-07,14995.27380952381,2021-03-13,2026-09-27T23:59:00-04:00
ieso:ontario-demand,2021-03-14,15110.488095238095,2021-03-20,2026-09-27T23:59:00-04:00
ieso:ontario-demand,2021-03-21,13983.19642857143,2021-03-27,2026-09-27T23:59:00-04:00
ieso:ontario-demand,2021-03-28,14108.988095238095,2021-04-03,2026-09-27T23:59:00-04:00
ieso:ontario-demand,2021-04-04,13183.339285714286,2021-04-10,2026-09-27T23:59:00-04:00
ieso:ontario-demand,2021-04-11,13612.67857142857,2021-04-17,2026-09-27T23:59:00-04:00
ieso:ontario-demand,2021-04-18,13748.464285714286,2021-04-24,2026-09-27T23:59:00-04:00
ieso:ontario-demand,2021-04-25,13517.17857142857,2021-05-01,2026-09-27T23:59:00-04:00
ieso:ontario-demand,2021-05-02,13431.339285714286,2021-05-08,2026-09-27T23:59:00-04:00
ieso:ontario-demand,2021-05-09,12995.672619047618,2021-05-15,2026-09-27T23:59:00-04:00
ieso:ontario-demand,2021-05-16,14396.714285714286,2021-05-22,2026-09-27T23:59:00-04:00
ieso:ontario-demand,2021-05-23,13772.517857142857,2021-05-29,2026-09-27T23:59:00-04:00
ieso:ontario-demand,2021-05-30,14155.375,2021-06-05,2026-09-27T23:59:00-04:00
ieso:ontario-demand,2021-06-06,16723.79761904762,2021-06-12,2026-09-27T23:59:00-04:00
ieso:ontario-demand,2021-06-13,14517.964285714286,2021-06-19,2026-09-27T23:59:00-04:00
ieso:ontario-demand,2021-06-20,14942.886904761905,2021-06-26,2026-09-27T23:59:00-04:00
ieso:ontario-demand,2021-06-27,16405.85714285714,2021-07-03,2026-09-27T23:59:00-04:00
ieso:ontario-demand,2021-07-04,15596.482142857143,2021-07-10,2026-09-27T23:59:00-04:00
ieso:ontario-demand,2021-07-11,16047.44642857143,2021-07-17,2026-09-27T23:59:00-04:00
ieso:ontario-demand,2021-07-18,15918.380952380952,2021-07-24,2026-09-27T23:59:00-04:00
ieso:ontario-demand,2021-07-25,15616.440476190477,2021-07-31,2026-09-27T23:59:00-04:00
ieso:ontario-demand,2021-08-01,15534.363095238095,2021-08-07,2026-09-27T23:59:00-04:00
ieso:ontario-demand,2021-08-08,17852.821428571428,2021-08-14,2026-09-27T23:59:00-04:00
ieso:ontario-demand,2021-08-15,17149.27380952381,2021-08-21,2026-09-27T23:59:00-04:00
ieso:ontario-demand,2021-08-22,18501.75,2021-08-28,2026-09-27T23:59:00-04:00
ieso:ontario-demand,2021-08-29,15871.089285714286,2021-09-04,2026-09-27T23:59:00-04:00
ieso:ontario-demand,2021-09-05,14584.684523809523,2021-09-11,2026-09-27T23:59:00-04:00
ieso:ontario-demand,2021-09-12,14956.345238095239,2021-09-18,2026-09-27T23:59:00-04:00
ieso:ontario-demand,2021-09-19,14101.922619047618,2021-09-25,2026-09-27T23:59:00-04:00
ieso:ontario-demand,2021-09-26,13746.434523809523,2021-10-02,2026-09-27T23:59:00-04:00
ieso:ontario-demand,2021-10-03,14428.14880952381,2021-10-09,2026-09-27T23:59:00-04:00
ieso:ontario-demand,2021-10-10,14176.625,2021-10-16,2026-09-27T23:59:00-04:00
ieso:ontario-demand,2021-10-17,13869.577380952382,2021-10-23,2026-09-27T23:59:00-04:00
ieso:ontario-demand,2021-10-24,14300.57142857143,2021-10-30,2026-09-27T23:59:00-04:00
ieso:ontario-demand,2021-10-31,14636.464285714286,2021-11-06,2026-09-27T23:59:00-04:00
ieso:ontario-demand,2021-11-07,14424.267857142857,2021-11-13,2026-09-27T23:59:00-04:00
ieso:ontario-demand,2021-11-14,15272.011904761905,2021-11-20,2026-09-27T23:59:00-04:00
ieso:ontario-demand,2021-11-21,15688.815476190477,2021-11-27,2026-09-27T23:59:00-04:00
ieso:ontario-demand,2021-11-28,16298.767857142857,2021-12-04,2026-09-27T23:59:00-04:00
ieso:ontario-demand,2021-12-05,16693.22619047619,2021-12-11,2026-09-27T23:59:00-04:00
ieso:ontario-demand,2021-12-12,15656.041666666666,2021-12-18,2026-09-27T23:59:00-04:00
ieso:ontario-demand,2021-12-19,16181.369047619048,2021-12-25,2026-09-27T23:59:00-04:00
ieso:ontario-demand,2021-12-26,15276.005952380952,2022-01-01,2026-09-27T23:59:00-04:00
ieso:ontario-demand,2022-01-02,16981.333333333332,2022-01-08,2026-09-27T23:59:00-04:00
ieso:ontario-demand,2022-01-09,17720.113095238095,2022-01-15,2026-09-27T23:59:00-04:00
ieso:ontario-demand,2022-01-16,17756.285714285714,2022-01-22,2026-09-27T23:59:00-04:00
ieso:ontario-demand,2022-01-23,18308.529761904763,2022-01-29,2026-09-27T23:59:00-04:00
ieso:ontario-demand,2022-01-30,17696.160714285714,2022-02-05,2026-09-27T23:59:00-04:00
ieso:ontario-demand,2022-02-06,16762.10714285714,2022-02-12,2026-09-27T23:59:00-04:00
ieso:ontario-demand,2022-02-13,17383.60714285714,2022-02-19,2026-09-27T23:59:00-04:00
ieso:ontario-demand,2022-02-20,16804.541666666668,2022-02-26,2026-09-27T23:59:00-04:00
ieso:ontario-demand,2022-02-27,16715.660714285714,2022-03-05,2026-09-27T23:59:00-04:00
ieso:ontario-demand,2022-03-06,16116.184523809523,2022-03-12,2026-09-27T23:59:00-04:00
ieso:ontario-demand,2022-03-13,15602.886904761905,2022-03-19,2026-09-27T23:59:00-04:00
ieso:ontario-demand,2022-03-20,15176.666666666666,2022-03-26,2026-09-27T23:59:00-04:00
ieso:ontario-demand,2022-03-27,15829.57142857143,2022-04-02,2026-09-27T23:59:00-04:00
ieso:ontario-demand,2022-04-03,14684.17857142857,2022-04-09,2026-09-27T23:59:00-04:00
ieso:ontario-demand,2022-04-10,13732.232142857143,2022-04-16,2026-09-27T23:59:00-04:00
ieso:ontario-demand,2022-04-17,14383.5,2022-04-23,2026-09-27T23:59:00-04:00
ieso:ontario-demand,2022-04-24,13981.619047619048,2022-04-30,2026-09-27T23:59:00-04:00
ieso:ontario-demand,2022-05-01,13655.42857142857,2022-05-07,2026-09-27T23:59:00-04:00
ieso:ontario-demand,2022-05-08,14004.613095238095,2022-05-14,2026-09-27T23:59:00-04:00
ieso:ontario-demand,2022-05-15,14236.916666666666,2022-05-21,2026-09-27T23:59:00-04:00
ieso:ontario-demand,2022-05-22,13547.684523809523,2022-05-28,2026-09-27T23:59:00-04:00
ieso:ontario-demand,2022-05-29,15171.452380952382,2022-06-04,2026-09-27T23:59:00-04:00
ieso:ontario-demand,2022-06-05,13954.375,2022-06-11,2026-09-27T23:59:00-04:00
ieso:ontario-demand,2022-06-12,15253.845238095239,2022-06-18,2026-09-27T23:59:00-04:00
ieso:ontario-demand,2022-06-19,16382.994047619048,2022-06-25,2026-09-27T23:59:00-04:00
ieso:ontario-demand,2022-06-26,15468.72619047619,2022-07-02,2026-09-27T23:59:00-04:00
ieso:ontario-demand,2022-07-03,15573.261904761905,2022-07-09,2026-09-27T23:59:00-04:00
ieso:ontario-demand,2022-07-10,16381.845238095239,2022-07-16,2026-09-27T23:59:00-04:00
ieso:ontario-demand,2022-07-17,18319.654761904763,2022-07-23,2026-09-27T23:59:00-04:00
ieso:ontario-demand,2022-07-24,16632.458333333332,2022-07-30,2026-09-27T23:59:00-04:00
ieso:ontario-demand,2022-07-31,17369.166666666668,2022-08-06,2026-09-27T23:59:00-04:00
ieso:ontario-demand,2022-08-07,16897.708333333332,2022-08-13,2026-09-27T23:59:00-04:00
ieso:ontario-demand,2022-08-14,16699.571428571428,2022-08-20,2026-09-27T23:59:00-04:00
ieso:ontario-demand,2022-08-21,16769.363095238095,2022-08-27,2026-09-27T23:59:00-04:00
ieso:ontario-demand,2022-08-28,16663.946428571428,2022-09-03,2026-09-27T23:59:00-04:00
ieso:ontario-demand,2022-09-04,15517.922619047618,2022-09-10,2026-09-27T23:59:00-04:00
ieso:ontario-demand,2022-09-11,15156.32142857143,2022-09-17,2026-09-27T23:59:00-04:00
ieso:ontario-demand,2022-09-18,14731.005952380952,2022-09-24,2026-09-27T23:59:00-04:00
ieso:ontario-demand,2022-09-25,13863.940476190477,2022-10-01,2026-09-27T23:59:00-04:00
ieso:ontario-demand,2022-10-02,13984.577380952382,2022-10-08,2026-09-27T23:59:00-04:00
ieso:ontario-demand,2022-10-09,13685.029761904761,2022-10-15,2026-09-27T23:59:00-04:00
ieso:ontario-demand,2022-10-16,14271.39880952381,2022-10-22,2026-09-27T23:59:00-04:00
ieso:ontario-demand,2022-10-23,13921.029761904761,2022-10-29,2026-09-27T23:59:00-04:00
ieso:ontario-demand,2022-10-30,14224.02380952381,2022-11-05,2026-09-27T23:59:00-04:00
ieso:ontario-demand,2022-11-06,14311.642857142857,2022-11-12,2026-09-27T23:59:00-04:00
ieso:ontario-demand,2022-11-13,16098.60119047619,2022-11-19,2026-09-27T23:59:00-04:00
ieso:ontario-demand,2022-11-20,15992.940476190477,2022-11-26,2026-09-27T23:59:00-04:00
ieso:ontario-demand,2022-11-27,16098.166666666666,2022-12-03,2026-09-27T23:59:00-04:00
ieso:ontario-demand,2022-12-04,16434.29761904762,2022-12-10,2026-09-27T23:59:00-04:00
ieso:ontario-demand,2022-12-11,17135.47619047619,2022-12-17,2026-09-27T23:59:00-04:00
ieso:ontario-demand,2022-12-18,17097.690476190477,2022-12-24,2026-09-27T23:59:00-04:00
ieso:ontario-demand,2022-12-25,15652.809523809523,2022-12-31,2026-09-27T23:59:00-04:00
ieso:ontario-demand,2023-01-01,16046.029761904761,2023-01-07,2026-09-27T23:59:00-04:00
ieso:ontario-demand,2023-01-08,17118.863095238095,2023-01-14,2026-09-27T23:59:00-04:00
ieso:ontario-demand,2023-01-15,16910.67261904762,2023-01-21,2026-09-27T23:59:00-04:00
ieso:ontario-demand,2023-01-22,16926.23214285714,2023-01-28,2026-09-27T23:59:00-04:00
ieso:ontario-demand,2023-01-29,17950.75,2023-02-04,2026-09-27T23:59:00-04:00
ieso:ontario-demand,2023-02-05,16527.345238095237,2023-02-11,2026-09-27T23:59:00-04:00
ieso:ontario-demand,2023-02-12,16003.494047619048,2023-02-18,2026-09-27T23:59:00-04:00
ieso:ontario-demand,2023-02-19,16665.696428571428,2023-02-25,2026-09-27T23:59:00-04:00
ieso:ontario-demand,2023-02-26,16538.25,2023-03-04,2026-09-27T23:59:00-04:00
ieso:ontario-demand,2023-03-05,15933.47619047619,2023-03-11,2026-09-27T23:59:00-04:00
ieso:ontario-demand,2023-03-12,16121.654761904761,2023-03-18,2026-09-27T23:59:00-04:00
ieso:ontario-demand,2023-03-19,15675.797619047618,2023-03-25,2026-09-27T23:59:00-04:00
ieso:ontario-demand,2023-03-26,15502.57142857143,2023-04-01,2026-09-27T23:59:00-04:00
ieso:ontario-demand,2023-04-02,14696.97619047619,2023-04-08,2026-09-27T23:59:00-04:00
ieso:ontario-demand,2023-04-09,13795.095238095239,2023-04-15,2026-09-27T23:59:00-04:00
ieso:ontario-demand,2023-04-16,14230.17857142857,2023-04-22,2026-09-27T23:59:00-04:00
ieso:ontario-demand,2023-04-23,14377.416666666666,2023-04-29,2026-09-27T23:59:00-04:00
ieso:ontario-demand,2023-04-30,14191.630952380952,2023-05-06,2026-09-27T23:59:00-04:00
ieso:ontario-demand,2023-05-07,13727.494047619048,2023-05-13,2026-09-27T23:59:00-04:00
ieso:ontario-demand,2023-05-14,13595.952380952382,2023-05-20,2026-09-27T23:59:00-04:00
ieso:ontario-demand,2023-05-21,13324.5,2023-05-27,2026-09-27T23:59:00-04:00
ieso:ontario-demand,2023-05-28,16089.541666666666,2023-06-03,2026-09-27T23:59:00-04:00
ieso:ontario-demand,2023-06-04,14392.047619047618,2023-06-10,2026-09-27T23:59:00-04:00
ieso:ontario-demand,2023-06-11,14359.505952380952,2023-06-17,2026-09-27T23:59:00-04:00
ieso:ontario-demand,2023-06-18,16120.238095238095,2023-06-24,2026-09-27T23:59:00-04:00
ieso:ontario-demand,2023-06-25,16327.827380952382,2023-07-01,2026-09-27T23:59:00-04:00
ieso:ontario-demand,2023-07-02,17289.029761904763,2023-07-08,2026-09-27T23:59:00-04:00
ieso:ontario-demand,2023-07-09,16394.428571428572,2023-07-15,2026-09-27T23:59:00-04:00
ieso:ontario-demand,2023-07-16,16551.583333333332,2023-07-22,2026-09-27T23:59:00-04:00
ieso:ontario-demand,2023-07-23,17583.553571428572,2023-07-29,2026-09-27T23:59:00-04:00
ieso:ontario-demand,2023-07-30,16001.660714285714,2023-08-05,2026-09-27T23:59:00-04:00
ieso:ontario-demand,2023-08-06,16160.136904761905,2023-08-12,2026-09-27T23:59:00-04:00
ieso:ontario-demand,2023-08-13,15853.327380952382,2023-08-19,2026-09-27T23:59:00-04:00
ieso:ontario-demand,2023-08-20,15913.69642857143,2023-08-26,2026-09-27T23:59:00-04:00
ieso:ontario-demand,2023-08-27,15084.738095238095,2023-09-02,2026-09-27T23:59:00-04:00
ieso:ontario-demand,2023-09-03,17496.244047619046,2023-09-09,2026-09-27T23:59:00-04:00
ieso:ontario-demand,2023-09-10,14868.827380952382,2023-09-16,2026-09-27T23:59:00-04:00
ieso:ontario-demand,2023-09-17,14394.785714285714,2023-09-23,2026-09-27T23:59:00-04:00
ieso:ontario-demand,2023-09-24,14409.42857142857,2023-09-30,2026-09-27T23:59:00-04:00
ieso:ontario-demand,2023-10-01,15537.404761904761,2023-10-07,2026-09-27T23:59:00-04:00
ieso:ontario-demand,2023-10-08,14209.934523809523,2023-10-14,2026-09-27T23:59:00-04:00
ieso:ontario-demand,2023-10-15,14436.297619047618,2023-10-21,2026-09-27T23:59:00-04:00
ieso:ontario-demand,2023-10-22,14356.559523809523,2023-10-28,2026-09-27T23:59:00-04:00
ieso:ontario-demand,2023-10-29,15281.380952380952,2023-11-04,2026-09-27T23:59:00-04:00
ieso:ontario-demand,2023-11-05,15679.119047619048,2023-11-11,2026-09-27T23:59:00-04:00
ieso:ontario-demand,2023-11-12,15378.083333333334,2023-11-18,2026-09-27T23:59:00-04:00
ieso:ontario-demand,2023-11-19,16369.107142857143,2023-11-25,2026-09-27T23:59:00-04:00
ieso:ontario-demand,2023-11-26,16722.625,2023-12-02,2026-09-27T23:59:00-04:00
ieso:ontario-demand,2023-12-03,16810.5,2023-12-09,2026-09-27T23:59:00-04:00
ieso:ontario-demand,2023-12-10,16457.75,2023-12-16,2026-09-27T23:59:00-04:00
ieso:ontario-demand,2023-12-17,16655.85119047619,2023-12-23,2026-09-27T23:59:00-04:00
ieso:ontario-demand,2023-12-24,14981.470238095239,2023-12-30,2026-09-27T23:59:00-04:00
ieso:ontario-demand,2023-12-31,16651.821428571428,2024-01-06,2026-09-27T23:59:00-04:00
ieso:ontario-demand,2024-01-07,17189.238095238095,2024-01-13,2026-09-27T23:59:00-04:00
ieso:ontario-demand,2024-01-14,18326.470238095237,2024-01-20,2026-09-27T23:59:00-04:00
ieso:ontario-demand,2024-01-21,17419.5,2024-01-27,2026-09-27T23:59:00-04:00
ieso:ontario-demand,2024-01-28,16708.22619047619,2024-02-03,2026-09-27T23:59:00-04:00
ieso:ontario-demand,2024-02-04,16101.880952380952,2024-02-10,2026-09-27T23:59:00-04:00
ieso:ontario-demand,2024-02-11,16960.184523809523,2024-02-17,2026-09-27T23:59:00-04:00
ieso:ontario-demand,2024-02-18,16427.244047619046,2024-02-24,2026-09-27T23:59:00-04:00
ieso:ontario-demand,2024-02-25,16064.315476190477,2024-03-02,2026-09-27T23:59:00-04:00
ieso:ontario-demand,2024-03-03,15131.202380952382,2024-03-09,2026-09-27T23:59:00-04:00
ieso:ontario-demand,2024-03-10,15090.190476190477,2024-03-16,2026-09-27T23:59:00-04:00
ieso:ontario-demand,2024-03-17,16387.744047619046,2024-03-23,2026-09-27T23:59:00-04:00
ieso:ontario-demand,2024-03-24,15168.863095238095,2024-03-30,2026-09-27T23:59:00-04:00
ieso:ontario-demand,2024-03-31,15173.410714285714,2024-04-06,2026-09-27T23:59:00-04:00
ieso:ontario-demand,2024-04-07,14236.785714285714,2024-04-13,2026-09-27T23:59:00-04:00
ieso:ontario-demand,2024-04-14,14382.214285714286,2024-04-20,2026-09-27T23:59:00-04:00
ieso:ontario-demand,2024-04-21,14224.125,2024-04-27,2026-09-27T23:59:00-04:00
ieso:ontario-demand,2024-04-28,13954.720238095239,2024-05-04,2026-09-27T23:59:00-04:00
ieso:ontario-demand,2024-05-05,13835.434523809523,2024-05-11,2026-09-27T23:59:00-04:00
ieso:ontario-demand,2024-05-12,14197.607142857143,2024-05-18,2026-09-27T23:59:00-04:00
ieso:ontario-demand,2024-05-19,15414.910714285714,2024-05-25,2026-09-27T23:59:00-04:00
ieso:ontario-demand,2024-05-26,14226.511904761905,2024-06-01,2026-09-27T23:59:00-04:00
ieso:ontario-demand,2024-06-02,15512.077380952382,2024-06-08,2026-09-27T23:59:00-04:00
ieso:ontario-demand,2024-06-09,14879.630952380952,2024-06-15,2026-09-27T23:59:00-04:00
ieso:ontario-demand,2024-06-16,18182.25,2024-06-22,2026-09-27T23:59:00-04:00
ieso:ontario-demand,2024-06-23,16197.857142857143,2024-06-29,2026-09-27T23:59:00-04:00
ieso:ontario-demand,2024-06-30,16455.011904761905,2024-07-06,2026-09-27T23:59:00-04:00
ieso:ontario-demand,2024-07-07,17832.434523809523,2024-07-13,2026-09-27T23:59:00-04:00
ieso:ontario-demand,2024-07-14,17197.089285714286,2024-07-20,2026-09-27T23:59:00-04:00
ieso:ontario-demand,2024-07-21,17128.220238095237,2024-07-27,2026-09-27T23:59:00-04:00
ieso:ontario-demand,2024-07-28,19289.29761904762,2024-08-03,2026-09-27T23:59:00-04:00
ieso:ontario-demand,2024-08-04,16687.791666666668,2024-08-10,2026-09-27T23:59:00-04:00
ieso:ontario-demand,2024-08-11,16893.410714285714,2024-08-17,2026-09-27T23:59:00-04:00
ieso:ontario-demand,2024-08-18,15447.511904761905,2024-08-24,2026-09-27T23:59:00-04:00
ieso:ontario-demand,2024-08-25,17660.684523809523,2024-08-31,2026-09-27T23:59:00-04:00
ieso:ontario-demand,2024-09-01,15143.220238095239,2024-09-07,2026-09-27T23:59:00-04:00
ieso:ontario-demand,2024-09-08,15426.69642857143,2024-09-14,2026-09-27T23:59:00-04:00
ieso:ontario-demand,2024-09-15,16709.488095238095,2024-09-21,2026-09-27T23:59:00-04:00
ieso:ontario-demand,2024-09-22,15439.095238095239,2024-09-28,2026-09-27T23:59:00-04:00
ieso:ontario-demand,2024-09-29,14913.791666666666,2024-10-05,2026-09-27T23:59:00-04:00
ieso:ontario-demand,2024-10-06,14527.529761904761,2024-10-12,2026-09-27T23:59:00-04:00
ieso:ontario-demand,2024-10-13,14571.0,2024-10-19,2026-09-27T23:59:00-04:00
ieso:ontario-demand,2024-10-20,14699.125,2024-10-26,2026-09-27T23:59:00-04:00
ieso:ontario-demand,2024-10-27,15039.815476190477,2024-11-02,2026-09-27T23:59:00-04:00
ieso:ontario-demand,2024-11-03,14918.547619047618,2024-11-09,2026-09-27T23:59:00-04:00
ieso:ontario-demand,2024-11-10,15628.333333333334,2024-11-16,2026-09-27T23:59:00-04:00
ieso:ontario-demand,2024-11-17,15691.011904761905,2024-11-23,2026-09-27T23:59:00-04:00
ieso:ontario-demand,2024-11-24,16471.928571428572,2024-11-30,2026-09-27T23:59:00-04:00
ieso:ontario-demand,2024-12-01,17578.839285714286,2024-12-07,2026-09-27T23:59:00-04:00
ieso:ontario-demand,2024-12-08,17588.184523809523,2024-12-14,2026-09-27T23:59:00-04:00
ieso:ontario-demand,2024-12-15,17619.190476190477,2024-12-21,2026-09-27T23:59:00-04:00
ieso:ontario-demand,2024-12-22,16784.964285714286,2024-12-28,2026-09-27T23:59:00-04:00
ieso:ontario-demand,2024-12-29,16256.107142857143,2025-01-04,2026-09-27T23:59:00-04:00
ieso:ontario-demand,2025-01-05,18519.321428571428,2025-01-11,2026-09-27T23:59:00-04:00
ieso:ontario-demand,2025-01-12,18030.380952380954,2025-01-18,2026-09-27T23:59:00-04:00
ieso:ontario-demand,2025-01-19,19057.505952380954,2025-01-25,2026-09-27T23:59:00-04:00
ieso:ontario-demand,2025-01-26,18117.279761904763,2025-02-01,2026-09-27T23:59:00-04:00
ieso:ontario-demand,2025-02-02,18489.73214285714,2025-02-08,2026-09-27T23:59:00-04:00
ieso:ontario-demand,2025-02-09,18372.339285714286,2025-02-15,2026-09-27T23:59:00-04:00
ieso:ontario-demand,2025-02-16,18379.089285714286,2025-02-22,2026-09-27T23:59:00-04:00
ieso:ontario-demand,2025-02-23,17113.541666666668,2025-03-01,2026-09-27T23:59:00-04:00
ieso:ontario-demand,2025-03-02,17130.70238095238,2025-03-08,2026-09-27T23:59:00-04:00
ieso:ontario-demand,2025-03-09,15699.625,2025-03-15,2026-09-27T23:59:00-04:00
ieso:ontario-demand,2025-03-16,15403.47619047619,2025-03-22,2026-09-27T23:59:00-04:00
ieso:ontario-demand,2025-03-23,16286.202380952382,2025-03-29,2026-09-27T23:59:00-04:00
ieso:ontario-demand,2025-03-30,15564.660714285714,2025-04-05,2026-09-27T23:59:00-04:00
ieso:ontario-demand,2025-04-06,15750.005952380952,2025-04-12,2026-09-27T23:59:00-04:00
ieso:ontario-demand,2025-04-13,14677.67857142857,2025-04-19,2026-09-27T23:59:00-04:00
ieso:ontario-demand,2025-04-20,14383.35119047619,2025-04-26,2026-09-27T23:59:00-04:00
ieso:ontario-demand,2025-04-27,14264.754491017964,2025-05-03,2026-09-27T23:59:00-04:00
ieso:ontario-demand,2025-05-04,14209.613095238095,2025-05-10,2026-09-27T23:59:00-04:00
ieso:ontario-demand,2025-05-11,14710.291666666666,2025-05-17,2026-09-27T23:59:00-04:00
ieso:ontario-demand,2025-05-18,14243.190476190477,2025-05-24,2026-09-27T23:59:00-04:00
ieso:ontario-demand,2025-05-25,14307.60119047619,2025-05-31,2026-09-27T23:59:00-04:00
ieso:ontario-demand,2025-06-01,14920.380952380952,2025-06-07,2026-09-27T23:59:00-04:00
ieso:ontario-demand,2025-06-08,14948.845238095239,2025-06-14,2026-09-27T23:59:00-04:00
ieso:ontario-demand,2025-06-15,16530.238095238095,2025-06-21,2026-09-27T23:59:00-04:00
ieso:ontario-demand,2025-06-22,19055.744047619046,2025-06-28,2026-09-27T23:59:00-04:00
ieso:ontario-demand,2025-06-29,17408.595238095237,2025-07-05,2026-09-27T23:59:00-04:00
ieso:ontario-demand,2025-07-06,19070.14285714286,2025-07-12,2026-09-27T23:59:00-04:00
ieso:ontario-demand,2025-07-13,18656.95238095238,2025-07-19,2026-09-27T23:59:00-04:00
ieso:ontario-demand,2025-07-20,18044.0,2025-07-26,2026-09-27T23:59:00-04:00
ieso:ontario-demand,2025-07-27,18481.410714285714,2025-08-02,2026-09-27T23:59:00-04:00
ieso:ontario-demand,2025-08-03,18282.48214285714,2025-08-09,2026-09-27T23:59:00-04:00
ieso:ontario-demand,2025-08-10,20033.70238095238,2025-08-16,2026-09-27T23:59:00-04:00
ieso:ontario-demand,2025-08-17,16630.630952380954,2025-08-23,2026-09-27T23:59:00-04:00
ieso:ontario-demand,2025-08-24,15092.357142857143,2025-08-30,2026-09-27T23:59:00-04:00
ieso:ontario-demand,2025-08-31,15231.39880952381,2025-09-06,2026-09-27T23:59:00-04:00
ieso:ontario-demand,2025-09-07,15168.0,2025-09-13,2026-09-27T23:59:00-04:00
ieso:ontario-demand,2025-09-14,15749.10119047619,2025-09-20,2026-09-27T23:59:00-04:00
ieso:ontario-demand,2025-09-21,16064.160714285714,2025-09-27,2026-09-27T23:59:00-04:00
ieso:ontario-demand,2025-09-28,15122.589285714286,2025-10-04,2026-09-27T23:59:00-04:00
ieso:ontario-demand,2025-10-05,15332.607142857143,2025-10-11,2026-09-27T23:59:00-04:00
ieso:ontario-demand,2025-10-12,14530.625,2025-10-18,2026-09-27T23:59:00-04:00
ieso:ontario-demand,2025-10-19,15094.434523809523,2025-10-25,2026-09-27T23:59:00-04:00
ieso:ontario-demand,2025-10-26,15512.440476190477,2025-11-01,2026-09-27T23:59:00-04:00
ieso:ontario-demand,2025-11-02,15861.583333333334,2025-11-08,2026-09-27T23:59:00-04:00
ieso:ontario-demand,2025-11-09,16894.25,2025-11-15,2026-09-27T23:59:00-04:00
ieso:ontario-demand,2025-11-16,16797.029761904763,2025-11-22,2026-09-27T23:59:00-04:00
ieso:ontario-demand,2025-11-23,16900.583333333332,2025-11-29,2026-09-27T23:59:00-04:00
ieso:ontario-demand,2025-11-30,18210.458333333332,2025-12-06,2026-09-27T23:59:00-04:00
ieso:ontario-demand,2025-12-07,18713.98214285714,2025-12-13,2026-09-27T23:59:00-04:00
ieso:ontario-demand,2025-12-14,18460.553571428572,2025-12-20,2026-09-27T23:59:00-04:00
ieso:ontario-demand,2025-12-21,17431.095238095237,2025-12-27,2026-09-27T23:59:00-04:00
ieso:ontario-demand,2025-12-28,17884.738095238095,2026-01-03,2026-09-27T23:59:00-04:00
ieso:ontario-demand,2026-01-04,17907.785714285714,2026-01-10,2026-09-27T23:59:00-04:00
ieso:ontario-demand,2026-01-11,18220.440476190477,2026-01-17,2026-09-27T23:59:00-04:00
ieso:ontario-demand,2026-01-18,19182.696428571428,2026-01-24,2026-09-27T23:59:00-04:00
ieso:ontario-demand,2026-01-25,19552.285714285714,2026-01-31,2026-09-27T23:59:00-04:00
ieso:ontario-demand,2026-02-01,19063.60714285714,2026-02-07,2026-09-27T23:59:00-04:00
ieso:ontario-demand,2026-02-08,18647.48214285714,2026-02-14,2026-09-27T23:59:00-04:00
ieso:ontario-demand,2026-02-15,17366.494047619046,2026-02-21,2026-09-27T23:59:00-04:00
ieso:ontario-demand,2026-02-22,17830.845238095237,2026-02-28,2026-09-27T23:59:00-04:00
ieso:ontario-demand,2026-03-01,17464.27380952381,2026-03-07,2026-09-27T23:59:00-04:00
ieso:ontario-demand,2026-03-08,16427.42261904762,2026-03-14,2026-09-27T23:59:00-04:00
ieso:ontario-demand,2026-03-15,17227.85119047619,2026-03-21,2026-09-27T23:59:00-04:00
ieso:ontario-demand,2026-03-22,16694.10119047619,2026-03-28,2026-09-27T23:59:00-04:00
ieso:ontario-demand,2026-03-29,15608.684523809523,2026-04-04,2026-09-27T23:59:00-04:00
ieso:ontario-demand,2026-04-05,15782.880952380952,2026-04-11,2026-09-27T23:59:00-04:00
ieso:ontario-demand,2026-04-12,15198.672619047618,2026-04-18,2026-09-27T23:59:00-04:00
ieso:ontario-demand,2026-04-19,15056.494047619048,2026-04-25,2026-09-27T23:59:00-04:00
ieso:ontario-demand,2026-04-26,14973.244047619048,2026-05-02,2026-09-27T23:59:00-04:00
ieso:ontario-demand,2026-05-03,14712.809523809523,2026-05-09,2026-09-27T23:59:00-04:00
ieso:ontario-demand,2026-05-10,14657.470238095239,2026-05-16,2026-09-27T23:59:00-04:00
ieso:ontario-demand,2026-05-17,15008.690476190477,2026-05-23,2026-09-27T23:59:00-04:00
ieso:ontario-demand,2026-05-24,15093.172619047618,2026-05-30,2026-09-27T23:59:00-04:00
ieso:ontario-demand,2026-05-31,15854.482142857143,2026-06-06,2026-09-27T23:59:00-04:00
ieso:ontario-demand,2026-06-07,17629.166666666668,2026-06-13,2026-09-27T23:59:00-04:00
ieso:ontario-demand,2026-06-14,15268.202380952382,2026-06-20,2026-09-27T23:59:00-04:00
ieso:ontario-demand,2026-06-21,15961.434523809523,2026-06-27,2026-09-27T23:59:00-04:00
ieso:ontario-demand,2026-06-28,19577.970238095237,2026-07-04,2026-09-27T23:59:00-04:00
ieso:ontario-demand,2026-07-05,18796.369047619046,2026-07-11,2026-09-27T23:59:00-04:00
ieso:ontario-demand,2026-07-12,19256.410714285714,2026-07-18,2026-09-27T23:59:00-04:00
ieso:ontario-demand,2026-07-19,16687.26785714286,2026-07-25,2026-09-27T23:59:00-04:00
ieso:ontario-demand,2026-07-26,18546.339285714286,2026-08-01,2026-09-27T23:59:00-04:00
ieso:ontario-demand,2026-08-02,18229.595238095237,2026-08-08,2026-09-27T23:59:00-04:00
ieso:ontario-demand,2026-08-09,18414.440476190477,2026-08-15,2026-09-27T23:59:00-04:00
ieso:ontario-demand,2026-08-16,17610.738095238095,2026-08-22,2026-09-27T23:59:00-04:00
ieso:ontario-demand,2026-08-23,16444.815476190477,2026-08-29,2026-09-27T23:59:00-04:00
ieso:ontario-demand,2026-08-30,17664.041666666668,2026-09-05,2026-09-27T23:59:00-04:00
ieso:ontario-demand,2026-09-06,16675.51785714286,2026-09-12,2026-09-27T23:59:00-04:00
ieso:ontario-demand,2026-09-13,16201.10119047619,2026-09-19,2026-09-27T23:59:00-04:00
ieso:ontario-demand,2026-09-20,14890.511904761905,2026-09-26,2026-09-27T23:59:00-04:00
github:affaan-m/ECC,2025-10-05,0.0,2025-10-11,2026-09-27T23:59:00-04:00
github:affaan-m/ECC,2025-10-12,0.0,2025-10-18,2026-09-27T23:59:00-04:00
github:affaan-m/ECC,2025-10-19,0.0,2025-10-25,2026-09-27T23:59:00-04:00
github:affaan-m/ECC,2025-10-26,0.0,2025-11-01,2026-09-27T23:59:00-04:00
github:affaan-m/ECC,2025-11-02,0.0,2025-11-08,2026-09-27T23:59:00-04:00
github:affaan-m/ECC,2025-11-09,0.0,2025-11-15,2026-09-27T23:59:00-04:00
github:affaan-m/ECC,2025-11-16,0.0,2025-11-22,2026-09-27T23:59:00-04:00
github:affaan-m/ECC,2025-11-23,0.0,2025-11-29,2026-09-27T23:59:00-04:00
github:affaan-m/ECC,2025-11-30,0.0,2025-12-06,2026-09-27T23:59:00-04:00
github:affaan-m/ECC,2025-12-07,0.0,2025-12-13,2026-09-27T23:59:00-04:00
github:affaan-m/ECC,2025-12-14,0.0,2025-12-20,2026-09-27T23:59:00-04:00
github:affaan-m/ECC,2025-12-21,0.0,2025-12-27,2026-09-27T23:59:00-04:00
github:affaan-m/ECC,2025-12-28,0.0,2026-01-03,2026-09-27T23:59:00-04:00
github:affaan-m/ECC,2026-01-04,0.0,2026-01-10,2026-09-27T23:59:00-04:00
github:affaan-m/ECC,2026-01-11,6.0,2026-01-17,2026-09-27T23:59:00-04:00
github:affaan-m/ECC,2026-01-18,24.0,2026-01-24,2026-09-27T23:59:00-04:00
github:affaan-m/ECC,2026-01-25,37.0,2026-01-31,2026-09-27T23:59:00-04:00
github:affaan-m/ECC,2026-02-01,12.0,2026-02-07,2026-09-27T23:59:00-04:00
github:affaan-m/ECC,2026-02-08,229.0,2026-02-14,2026-09-27T23:59:00-04:00
github:affaan-m/ECC,2026-02-15,43.0,2026-02-21,2026-09-27T23:59:00-04:00
github:affaan-m/ECC,2026-02-22,35.0,2026-02-28,2026-09-27T23:59:00-04:00
github:affaan-m/ECC,2026-03-01,37.0,2026-03-07,2026-09-27T23:59:00-04:00
github:affaan-m/ECC,2026-03-08,112.0,2026-03-14,2026-09-27T23:59:00-04:00
github:affaan-m/ECC,2026-03-15,101.0,2026-03-21,2026-09-27T23:59:00-04:00
github:affaan-m/ECC,2026-03-22,159.0,2026-03-28,2026-09-27T23:59:00-04:00
github:affaan-m/ECC,2026-03-29,91.0,2026-04-04,2026-09-27T23:59:00-04:00
github:affaan-m/ECC,2026-04-05,263.0,2026-04-11,2026-09-27T23:59:00-04:00
github:affaan-m/ECC,2026-04-12,85.0,2026-04-18,2026-09-27T23:59:00-04:00
github:affaan-m/ECC,2026-04-19,22.0,2026-04-25,2026-09-27T23:59:00-04:00
github:affaan-m/ECC,2026-04-26,79.0,2026-05-02,2026-09-27T23:59:00-04:00
github:affaan-m/ECC,2026-05-03,0.0,2026-05-09,2026-09-27T23:59:00-04:00
github:affaan-m/ECC,2026-05-10,255.0,2026-05-16,2026-09-27T23:59:00-04:00
github:affaan-m/ECC,2026-05-17,164.0,2026-05-23,2026-09-27T23:59:00-04:00
github:affaan-m/ECC,2026-05-24,21.0,2026-05-30,2026-09-27T23:59:00-04:00
github:affaan-m/ECC,2026-05-31,10.0,2026-06-06,2026-09-27T23:59:00-04:00
github:affaan-m/ECC,2026-06-07,115.0,2026-06-13,2026-09-27T23:59:00-04:00
github:affaan-m/ECC,2026-06-14,54.0,2026-06-20,2026-09-27T23:59:00-04:00
github:affaan-m/ECC,2026-06-21,4.0,2026-06-27,2026-09-27T23:59:00-04:00
github:affaan-m/ECC,2026-06-28,67.0,2026-07-04,2026-09-27T23:59:00-04:00
github:affaan-m/ECC,2026-07-05,7.0,2026-07-11,2026-09-27T23:59:00-04:00
github:affaan-m/ECC,2026-07-12,7.0,2026-07-18,2026-09-27T23:59:00-04:00
github:affaan-m/ECC,2026-07-19,27.0,2026-07-25,2026-09-27T23:59:00-04:00
github:affaan-m/ECC,2026-07-26,54.0,2026-08-01,2026-09-27T23:59:00-04:00
github:affaan-m/ECC,2026-08-02,40.0,2026-08-08,2026-09-27T23:59:00-04:00
github:affaan-m/ECC,2026-08-09,78.0,2026-08-15,2026-09-27T23:59:00-04:00
github:affaan-m/ECC,2026-08-16,21.0,2026-08-22,2026-09-27T23:59:00-04:00
github:affaan-m/ECC,2026-08-23,81.0,2026-08-29,2026-09-27T23:59:00-04:00
github:affaan-m/ECC,2026-08-30,33.0,2026-09-05,2026-09-27T23:59:00-04:00
github:affaan-m/ECC,2026-09-06,50.0,2026-09-12,2026-09-27T23:59:00-04:00
github:affaan-m/ECC,2026-09-13,53.0,2026-09-19,2026-09-27T23:59:00-04:00
github:affaan-m/ECC,2026-09-20,14.0,2026-09-26,2026-09-27T23:59:00-04:00
github:airbnb/javascript,2025-10-05,0.0,2025-10-11,2026-09-27T23:59:00-04:00
github:airbnb/javascript,2025-10-12,0.0,2025-10-18,2026-09-27T23:59:00-04:00
github:airbnb/javascript,2025-10-19,0.0,2025-10-25,2026-09-27T23:59:00-04:00
github:airbnb/javascript,2025-10-26,0.0,2025-11-01,2026-09-27T23:59:00-04:00
github:airbnb/javascript,2025-11-02,0.0,2025-11-08,2026-09-27T23:59:00-04:00
github:airbnb/javascript,2025-11-09,0.0,2025-11-15,2026-09-27T23:59:00-04:00
github:airbnb/javascript,2025-11-16,0.0,2025-11-22,2026-09-27T23:59:00-04:00
github:airbnb/javascript,2025-11-23,0.0,2025-11-29,2026-09-27T23:59:00-04:00
github:airbnb/javascript,2025-11-30,0.0,2025-12-06,2026-09-27T23:59:00-04:00
github:airbnb/javascript,2025-12-07,0.0,2025-12-13,2026-09-27T23:59:00-04:00
github:airbnb/javascript,2025-12-14,0.0,2025-12-20,2026-09-27T23:59:00-04:00
github:airbnb/javascript,2025-12-21,0.0,2025-12-27,2026-09-27T23:59:00-04:00
github:airbnb/javascript,2025-12-28,0.0,2026-01-03,2026-09-27T23:59:00-04:00
github:airbnb/javascript,2026-01-04,0.0,2026-01-10,2026-09-27T23:59:00-04:00
github:airbnb/javascript,2026-01-11,1.0,2026-01-17,2026-09-27T23:59:00-04:00
github:airbnb/javascript,2026-01-18,0.0,2026-01-24,2026-09-27T23:59:00-04:00
github:airbnb/javascript,2026-01-25,0.0,2026-01-31,2026-09-27T23:59:00-04:00
github:airbnb/javascript,2026-02-01,0.0,2026-02-07,2026-09-27T23:59:00-04:00
github:airbnb/javascript,2026-02-08,0.0,2026-02-14,2026-09-27T23:59:00-04:00
github:airbnb/javascript,2026-02-15,1.0,2026-02-21,2026-09-27T23:59:00-04:00
github:airbnb/javascript,2026-02-22,1.0,2026-02-28,2026-09-27T23:59:00-04:00
github:airbnb/javascript,2026-03-01,0.0,2026-03-07,2026-09-27T23:59:00-04:00
github:airbnb/javascript,2026-03-08,0.0,2026-03-14,2026-09-27T23:59:00-04:00
github:airbnb/javascript,2026-03-15,0.0,2026-03-21,2026-09-27T23:59:00-04:00
github:airbnb/javascript,2026-03-22,0.0,2026-03-28,2026-09-27T23:59:00-04:00
github:airbnb/javascript,2026-03-29,0.0,2026-04-04,2026-09-27T23:59:00-04:00
github:airbnb/javascript,2026-04-05,0.0,2026-04-11,2026-09-27T23:59:00-04:00
github:airbnb/javascript,2026-04-12,1.0,2026-04-18,2026-09-27T23:59:00-04:00
github:airbnb/javascript,2026-04-19,0.0,2026-04-25,2026-09-27T23:59:00-04:00
github:airbnb/javascript,2026-04-26,0.0,2026-05-02,2026-09-27T23:59:00-04:00
github:airbnb/javascript,2026-05-03,0.0,2026-05-09,2026-09-27T23:59:00-04:00
github:airbnb/javascript,2026-05-10,0.0,2026-05-16,2026-09-27T23:59:00-04:00
github:airbnb/javascript,2026-05-17,0.0,2026-05-23,2026-09-27T23:59:00-04:00
github:airbnb/javascript,2026-05-24,0.0,2026-05-30,2026-09-27T23:59:00-04:00
github:airbnb/javascript,2026-05-31,0.0,2026-06-06,2026-09-27T23:59:00-04:00
github:airbnb/javascript,2026-06-07,0.0,2026-06-13,2026-09-27T23:59:00-04:00
github:airbnb/javascript,2026-06-14,0.0,2026-06-20,2026-09-27T23:59:00-04:00
github:airbnb/javascript,2026-06-21,0.0,2026-06-27,2026-09-27T23:59:00-04:00
github:airbnb/javascript,2026-06-28,0.0,2026-07-04,2026-09-27T23:59:00-04:00
github:airbnb/javascript,2026-07-05,0.0,2026-07-11,2026-09-27T23:59:00-04:00
github:airbnb/javascript,2026-07-12,0.0,2026-07-18,2026-09-27T23:59:00-04:00
github:airbnb/javascript,2026-07-19,0.0,2026-07-25,2026-09-27T23:59:00-04:00
github:airbnb/javascript,2026-07-26,0.0,2026-08-01,2026-09-27T23:59:00-04:00
github:airbnb/javascript,2026-08-02,0.0,2026-08-08,2026-09-27T23:59:00-04:00
github:airbnb/javascript,2026-08-09,0.0,2026-08-15,2026-09-27T23:59:00-04:00
github:airbnb/javascript,2026-08-16,0.0,2026-08-22,2026-09-27T23:59:00-04:00
github:airbnb/javascript,2026-08-23,0.0,2026-08-29,2026-09-27T23:59:00-04:00
github:airbnb/javascript,2026-08-30,0.0,2026-09-05,2026-09-27T23:59:00-04:00
github:airbnb/javascript,2026-09-06,0.0,2026-09-12,2026-09-27T23:59:00-04:00
github:airbnb/javascript,2026-09-13,0.0,2026-09-19,2026-09-27T23:59:00-04:00
github:airbnb/javascript,2026-09-20,0.0,2026-09-26,2026-09-27T23:59:00-04:00
github:avelino/awesome-go,2025-10-05,1.0,2025-10-11,2026-09-27T23:59:00-04:00
github:avelino/awesome-go,2025-10-12,44.0,2025-10-18,2026-09-27T23:59:00-04:00
github:avelino/awesome-go,2025-10-19,9.0,2025-10-25,2026-09-27T23:59:00-04:00
github:avelino/awesome-go,2025-10-26,4.0,2025-11-01,2026-09-27T23:59:00-04:00
github:avelino/awesome-go,2025-11-02,1.0,2025-11-08,2026-09-27T23:59:00-04:00
github:avelino/awesome-go,2025-11-09,1.0,2025-11-15,2026-09-27T23:59:00-04:00
github:avelino/awesome-go,2025-11-16,0.0,2025-11-22,2026-09-27T23:59:00-04:00
github:avelino/awesome-go,2025-11-23,1.0,2025-11-29,2026-09-27T23:59:00-04:00
github:avelino/awesome-go,2025-11-30,0.0,2025-12-06,2026-09-27T23:59:00-04:00
github:avelino/awesome-go,2025-12-07,1.0,2025-12-13,2026-09-27T23:59:00-04:00
github:avelino/awesome-go,2025-12-14,0.0,2025-12-20,2026-09-27T23:59:00-04:00
github:avelino/awesome-go,2025-12-21,0.0,2025-12-27,2026-09-27T23:59:00-04:00
github:avelino/awesome-go,2025-12-28,0.0,2026-01-03,2026-09-27T23:59:00-04:00
github:avelino/awesome-go,2026-01-04,0.0,2026-01-10,2026-09-27T23:59:00-04:00
github:avelino/awesome-go,2026-01-11,4.0,2026-01-17,2026-09-27T23:59:00-04:00
github:avelino/awesome-go,2026-01-18,4.0,2026-01-24,2026-09-27T23:59:00-04:00
github:avelino/awesome-go,2026-01-25,1.0,2026-01-31,2026-09-27T23:59:00-04:00
github:avelino/awesome-go,2026-02-01,1.0,2026-02-07,2026-09-27T23:59:00-04:00
github:avelino/awesome-go,2026-02-08,1.0,2026-02-14,2026-09-27T23:59:00-04:00
github:avelino/awesome-go,2026-02-15,1.0,2026-02-21,2026-09-27T23:59:00-04:00
github:avelino/awesome-go,2026-02-22,22.0,2026-02-28,2026-09-27T23:59:00-04:00
github:avelino/awesome-go,2026-03-01,25.0,2026-03-07,2026-09-27T23:59:00-04:00
github:avelino/awesome-go,2026-03-08,14.0,2026-03-14,2026-09-27T23:59:00-04:00
github:avelino/awesome-go,2026-03-15,14.0,2026-03-21,2026-09-27T23:59:00-04:00
github:avelino/awesome-go,2026-03-22,14.0,2026-03-28,2026-09-27T23:59:00-04:00
github:avelino/awesome-go,2026-03-29,18.0,2026-04-04,2026-09-27T23:59:00-04:00
github:avelino/awesome-go,2026-04-05,9.0,2026-04-11,2026-09-27T23:59:00-04:00
github:avelino/awesome-go,2026-04-12,13.0,2026-04-18,2026-09-27T23:59:00-04:00
github:avelino/awesome-go,2026-04-19,9.0,2026-04-25,2026-09-27T23:59:00-04:00
github:avelino/awesome-go,2026-04-26,8.0,2026-05-02,2026-09-27T23:59:00-04:00
github:avelino/awesome-go,2026-05-03,11.0,2026-05-09,2026-09-27T23:59:00-04:00
github:avelino/awesome-go,2026-05-10,5.0,2026-05-16,2026-09-27T23:59:00-04:00
github:avelino/awesome-go,2026-05-17,19.0,2026-05-23,2026-09-27T23:59:00-04:00
github:avelino/awesome-go,2026-05-24,12.0,2026-05-30,2026-09-27T23:59:00-04:00
github:avelino/awesome-go,2026-05-31,7.0,2026-06-06,2026-09-27T23:59:00-04:00
github:avelino/awesome-go,2026-06-07,9.0,2026-06-13,2026-09-27T23:59:00-04:00
github:avelino/awesome-go,2026-06-14,6.0,2026-06-20,2026-09-27T23:59:00-04:00
github:avelino/awesome-go,2026-06-21,22.0,2026-06-27,2026-09-27T23:59:00-04:00
github:avelino/awesome-go,2026-06-28,8.0,2026-07-04,2026-09-27T23:59:00-04:00
github:avelino/awesome-go,2026-07-05,5.0,2026-07-11,2026-09-27T23:59:00-04:00
github:avelino/awesome-go,2026-07-12,12.0,2026-07-18,2026-09-27T23:59:00-04:00
github:avelino/awesome-go,2026-07-19,6.0,2026-07-25,2026-09-27T23:59:00-04:00
github:avelino/awesome-go,2026-07-26,19.0,2026-08-01,2026-09-27T23:59:00-04:00
github:avelino/awesome-go,2026-08-02,7.0,2026-08-08,2026-09-27T23:59:00-04:00
github:avelino/awesome-go,2026-08-09,10.0,2026-08-15,2026-09-27T23:59:00-04:00
github:avelino/awesome-go,2026-08-16,16.0,2026-08-22,2026-09-27T23:59:00-04:00
github:avelino/awesome-go,2026-08-23,14.0,2026-08-29,2026-09-27T23:59:00-04:00
github:avelino/awesome-go,2026-08-30,28.0,2026-09-05,2026-09-27T23:59:00-04:00
github:avelino/awesome-go,2026-09-06,9.0,2026-09-12,2026-09-27T23:59:00-04:00
github:avelino/awesome-go,2026-09-13,9.0,2026-09-19,2026-09-27T23:59:00-04:00
github:avelino/awesome-go,2026-09-20,9.0,2026-09-26,2026-09-27T23:59:00-04:00
github:clash-verge-rev/clash-verge-rev,2025-10-05,70.0,2025-10-11,2026-09-27T23:59:00-04:00
github:clash-verge-rev/clash-verge-rev,2025-10-12,91.0,2025-10-18,2026-09-27T23:59:00-04:00
github:clash-verge-rev/clash-verge-rev,2025-10-19,57.0,2025-10-25,2026-09-27T23:59:00-04:00
github:clash-verge-rev/clash-verge-rev,2025-10-26,72.0,2025-11-01,2026-09-27T23:59:00-04:00
github:clash-verge-rev/clash-verge-rev,2025-11-02,66.0,2025-11-08,2026-09-27T23:59:00-04:00
github:clash-verge-rev/clash-verge-rev,2025-11-09,75.0,2025-11-15,2026-09-27T23:59:00-04:00
github:clash-verge-rev/clash-verge-rev,2025-11-16,85.0,2025-11-22,2026-09-27T23:59:00-04:00
github:clash-verge-rev/clash-verge-rev,2025-11-23,39.0,2025-11-29,2026-09-27T23:59:00-04:00
github:clash-verge-rev/clash-verge-rev,2025-11-30,64.0,2025-12-06,2026-09-27T23:59:00-04:00
github:clash-verge-rev/clash-verge-rev,2025-12-07,44.0,2025-12-13,2026-09-27T23:59:00-04:00
github:clash-verge-rev/clash-verge-rev,2025-12-14,31.0,2025-12-20,2026-09-27T23:59:00-04:00
github:clash-verge-rev/clash-verge-rev,2025-12-21,40.0,2025-12-27,2026-09-27T23:59:00-04:00
github:clash-verge-rev/clash-verge-rev,2025-12-28,29.0,2026-01-03,2026-09-27T23:59:00-04:00
github:clash-verge-rev/clash-verge-rev,2026-01-04,22.0,2026-01-10,2026-09-27T23:59:00-04:00
github:clash-verge-rev/clash-verge-rev,2026-01-11,19.0,2026-01-17,2026-09-27T23:59:00-04:00
github:clash-verge-rev/clash-verge-rev,2026-01-18,12.0,2026-01-24,2026-09-27T23:59:00-04:00
github:clash-verge-rev/clash-verge-rev,2026-01-25,29.0,2026-01-31,2026-09-27T23:59:00-04:00
github:clash-verge-rev/clash-verge-rev,2026-02-01,16.0,2026-02-07,2026-09-27T23:59:00-04:00
github:clash-verge-rev/clash-verge-rev,2026-02-08,21.0,2026-02-14,2026-09-27T23:59:00-04:00
github:clash-verge-rev/clash-verge-rev,2026-02-15,13.0,2026-02-21,2026-09-27T23:59:00-04:00
github:clash-verge-rev/clash-verge-rev,2026-02-22,18.0,2026-02-28,2026-09-27T23:59:00-04:00
github:clash-verge-rev/clash-verge-rev,2026-03-01,14.0,2026-03-07,2026-09-27T23:59:00-04:00
github:clash-verge-rev/clash-verge-rev,2026-03-08,16.0,2026-03-14,2026-09-27T23:59:00-04:00
github:clash-verge-rev/clash-verge-rev,2026-03-15,40.0,2026-03-21,2026-09-27T23:59:00-04:00
github:clash-verge-rev/clash-verge-rev,2026-03-22,29.0,2026-03-28,2026-09-27T23:59:00-04:00
github:clash-verge-rev/clash-verge-rev,2026-03-29,26.0,2026-04-04,2026-09-27T23:59:00-04:00
github:clash-verge-rev/clash-verge-rev,2026-04-05,15.0,2026-04-11,2026-09-27T23:59:00-04:00
github:clash-verge-rev/clash-verge-rev,2026-04-12,32.0,2026-04-18,2026-09-27T23:59:00-04:00
github:clash-verge-rev/clash-verge-rev,2026-04-19,18.0,2026-04-25,2026-09-27T23:59:00-04:00
github:clash-verge-rev/clash-verge-rev,2026-04-26,13.0,2026-05-02,2026-09-27T23:59:00-04:00
github:clash-verge-rev/clash-verge-rev,2026-05-03,7.0,2026-05-09,2026-09-27T23:59:00-04:00
github:clash-verge-rev/clash-verge-rev,2026-05-10,11.0,2026-05-16,2026-09-27T23:59:00-04:00
github:clash-verge-rev/clash-verge-rev,2026-05-17,40.0,2026-05-23,2026-09-27T23:59:00-04:00
github:clash-verge-rev/clash-verge-rev,2026-05-24,28.0,2026-05-30,2026-09-27T23:59:00-04:00
github:clash-verge-rev/clash-verge-rev,2026-05-31,9.0,2026-06-06,2026-09-27T23:59:00-04:00
github:clash-verge-rev/clash-verge-rev,2026-06-07,17.0,2026-06-13,2026-09-27T23:59:00-04:00
github:clash-verge-rev/clash-verge-rev,2026-06-14,20.0,2026-06-20,2026-09-27T23:59:00-04:00
github:clash-verge-rev/clash-verge-rev,2026-06-21,9.0,2026-06-27,2026-09-27T23:59:00-04:00
github:clash-verge-rev/clash-verge-rev,2026-06-28,41.0,2026-07-04,2026-09-27T23:59:00-04:00
github:clash-verge-rev/clash-verge-rev,2026-07-05,28.0,2026-07-11,2026-09-27T23:59:00-04:00
github:clash-verge-rev/clash-verge-rev,2026-07-12,22.0,2026-07-18,2026-09-27T23:59:00-04:00
github:clash-verge-rev/clash-verge-rev,2026-07-19,32.0,2026-07-25,2026-09-27T23:59:00-04:00
github:clash-verge-rev/clash-verge-rev,2026-07-26,35.0,2026-08-01,2026-09-27T23:59:00-04:00
github:clash-verge-rev/clash-verge-rev,2026-08-02,26.0,2026-08-08,2026-09-27T23:59:00-04:00
github:clash-verge-rev/clash-verge-rev,2026-08-09,26.0,2026-08-15,2026-09-27T23:59:00-04:00
github:clash-verge-rev/clash-verge-rev,2026-08-16,38.0,2026-08-22,2026-09-27T23:59:00-04:00
github:clash-verge-rev/clash-verge-rev,2026-08-23,14.0,2026-08-29,2026-09-27T23:59:00-04:00
github:clash-verge-rev/clash-verge-rev,2026-08-30,24.0,2026-09-05,2026-09-27T23:59:00-04:00
github:clash-verge-rev/clash-verge-rev,2026-09-06,39.0,2026-09-12,2026-09-27T23:59:00-04:00
github:clash-verge-rev/clash-verge-rev,2026-09-13,29.0,2026-09-19,2026-09-27T23:59:00-04:00
github:clash-verge-rev/clash-verge-rev,2026-09-20,44.0,2026-09-26,2026-09-27T23:59:00-04:00
github:donnemartin/system-design-primer,2025-10-05,0.0,2025-10-11,2026-09-27T23:59:00-04:00
github:donnemartin/system-design-primer,2025-10-12,0.0,2025-10-18,2026-09-27T23:59:00-04:00
github:donnemartin/system-design-primer,2025-10-19,0.0,2025-10-25,2026-09-27T23:59:00-04:00
github:donnemartin/system-design-primer,2025-10-26,2.0,2025-11-01,2026-09-27T23:59:00-04:00
github:donnemartin/system-design-primer,2025-11-02,1.0,2025-11-08,2026-09-27T23:59:00-04:00
github:donnemartin/system-design-primer,2025-11-09,0.0,2025-11-15,2026-09-27T23:59:00-04:00
github:donnemartin/system-design-primer,2025-11-16,0.0,2025-11-22,2026-09-27T23:59:00-04:00
github:donnemartin/system-design-primer,2025-11-23,0.0,2025-11-29,2026-09-27T23:59:00-04:00
github:donnemartin/system-design-primer,2025-11-30,0.0,2025-12-06,2026-09-27T23:59:00-04:00
github:donnemartin/system-design-primer,2025-12-07,0.0,2025-12-13,2026-09-27T23:59:00-04:00
github:donnemartin/system-design-primer,2025-12-14,0.0,2025-12-20,2026-09-27T23:59:00-04:00
github:donnemartin/system-design-primer,2025-12-21,0.0,2025-12-27,2026-09-27T23:59:00-04:00
github:donnemartin/system-design-primer,2025-12-28,0.0,2026-01-03,2026-09-27T23:59:00-04:00
github:donnemartin/system-design-primer,2026-01-04,0.0,2026-01-10,2026-09-27T23:59:00-04:00
github:donnemartin/system-design-primer,2026-01-11,0.0,2026-01-17,2026-09-27T23:59:00-04:00
github:donnemartin/system-design-primer,2026-01-18,0.0,2026-01-24,2026-09-27T23:59:00-04:00
github:donnemartin/system-design-primer,2026-01-25,0.0,2026-01-31,2026-09-27T23:59:00-04:00
github:donnemartin/system-design-primer,2026-02-01,0.0,2026-02-07,2026-09-27T23:59:00-04:00
github:donnemartin/system-design-primer,2026-02-08,0.0,2026-02-14,2026-09-27T23:59:00-04:00
github:donnemartin/system-design-primer,2026-02-15,0.0,2026-02-21,2026-09-27T23:59:00-04:00
github:donnemartin/system-design-primer,2026-02-22,0.0,2026-02-28,2026-09-27T23:59:00-04:00
github:donnemartin/system-design-primer,2026-03-01,0.0,2026-03-07,2026-09-27T23:59:00-04:00
github:donnemartin/system-design-primer,2026-03-08,5.0,2026-03-14,2026-09-27T23:59:00-04:00
github:donnemartin/system-design-primer,2026-03-15,2.0,2026-03-21,2026-09-27T23:59:00-04:00
github:donnemartin/system-design-primer,2026-03-22,0.0,2026-03-28,2026-09-27T23:59:00-04:00
github:donnemartin/system-design-primer,2026-03-29,0.0,2026-04-04,2026-09-27T23:59:00-04:00
github:donnemartin/system-design-primer,2026-04-05,0.0,2026-04-11,2026-09-27T23:59:00-04:00
github:donnemartin/system-design-primer,2026-04-12,0.0,2026-04-18,2026-09-27T23:59:00-04:00
github:donnemartin/system-design-primer,2026-04-19,0.0,2026-04-25,2026-09-27T23:59:00-04:00
github:donnemartin/system-design-primer,2026-04-26,0.0,2026-05-02,2026-09-27T23:59:00-04:00
github:donnemartin/system-design-primer,2026-05-03,0.0,2026-05-09,2026-09-27T23:59:00-04:00
github:donnemartin/system-design-primer,2026-05-10,0.0,2026-05-16,2026-09-27T23:59:00-04:00
github:donnemartin/system-design-primer,2026-05-17,0.0,2026-05-23,2026-09-27T23:59:00-04:00
github:donnemartin/system-design-primer,2026-05-24,0.0,2026-05-30,2026-09-27T23:59:00-04:00
github:donnemartin/system-design-primer,2026-05-31,0.0,2026-06-06,2026-09-27T23:59:00-04:00
github:donnemartin/system-design-primer,2026-06-07,0.0,2026-06-13,2026-09-27T23:59:00-04:00
github:donnemartin/system-design-primer,2026-06-14,0.0,2026-06-20,2026-09-27T23:59:00-04:00
github:donnemartin/system-design-primer,2026-06-21,0.0,2026-06-27,2026-09-27T23:59:00-04:00
github:donnemartin/system-design-primer,2026-06-28,0.0,2026-07-04,2026-09-27T23:59:00-04:00
github:donnemartin/system-design-primer,2026-07-05,0.0,2026-07-11,2026-09-27T23:59:00-04:00
github:donnemartin/system-design-primer,2026-07-12,0.0,2026-07-18,2026-09-27T23:59:00-04:00
github:donnemartin/system-design-primer,2026-07-19,0.0,2026-07-25,2026-09-27T23:59:00-04:00
github:donnemartin/system-design-primer,2026-07-26,0.0,2026-08-01,2026-09-27T23:59:00-04:00
github:donnemartin/system-design-primer,2026-08-02,0.0,2026-08-08,2026-09-27T23:59:00-04:00
github:donnemartin/system-design-primer,2026-08-09,0.0,2026-08-15,2026-09-27T23:59:00-04:00
github:donnemartin/system-design-primer,2026-08-16,0.0,2026-08-22,2026-09-27T23:59:00-04:00
github:donnemartin/system-design-primer,2026-08-23,0.0,2026-08-29,2026-09-27T23:59:00-04:00
github:donnemartin/system-design-primer,2026-08-30,0.0,2026-09-05,2026-09-27T23:59:00-04:00
github:donnemartin/system-design-primer,2026-09-06,0.0,2026-09-12,2026-09-27T23:59:00-04:00
github:donnemartin/system-design-primer,2026-09-13,0.0,2026-09-19,2026-09-27T23:59:00-04:00
github:donnemartin/system-design-primer,2026-09-20,0.0,2026-09-26,2026-09-27T23:59:00-04:00
github:EbookFoundation/free-programming-books,2025-10-05,135.0,2025-10-11,2026-09-27T23:59:00-04:00
github:EbookFoundation/free-programming-books,2025-10-12,127.0,2025-10-18,2026-09-27T23:59:00-04:00
github:EbookFoundation/free-programming-books,2025-10-19,114.0,2025-10-25,2026-09-27T23:59:00-04:00
github:EbookFoundation/free-programming-books,2025-10-26,83.0,2025-11-01,2026-09-27T23:59:00-04:00
github:EbookFoundation/free-programming-books,2025-11-02,16.0,2025-11-08,2026-09-27T23:59:00-04:00
github:EbookFoundation/free-programming-books,2025-11-09,4.0,2025-11-15,2026-09-27T23:59:00-04:00
github:EbookFoundation/free-programming-books,2025-11-16,6.0,2025-11-22,2026-09-27T23:59:00-04:00
github:EbookFoundation/free-programming-books,2025-11-23,2.0,2025-11-29,2026-09-27T23:59:00-04:00
github:EbookFoundation/free-programming-books,2025-11-30,0.0,2025-12-06,2026-09-27T23:59:00-04:00
github:EbookFoundation/free-programming-books,2025-12-07,2.0,2025-12-13,2026-09-27T23:59:00-04:00
github:EbookFoundation/free-programming-books,2025-12-14,1.0,2025-12-20,2026-09-27T23:59:00-04:00
github:EbookFoundation/free-programming-books,2025-12-21,0.0,2025-12-27,2026-09-27T23:59:00-04:00
github:EbookFoundation/free-programming-books,2025-12-28,1.0,2026-01-03,2026-09-27T23:59:00-04:00
github:EbookFoundation/free-programming-books,2026-01-04,4.0,2026-01-10,2026-09-27T23:59:00-04:00
github:EbookFoundation/free-programming-books,2026-01-11,0.0,2026-01-17,2026-09-27T23:59:00-04:00
github:EbookFoundation/free-programming-books,2026-01-18,1.0,2026-01-24,2026-09-27T23:59:00-04:00
github:EbookFoundation/free-programming-books,2026-01-25,3.0,2026-01-31,2026-09-27T23:59:00-04:00
github:EbookFoundation/free-programming-books,2026-02-01,1.0,2026-02-07,2026-09-27T23:59:00-04:00
github:EbookFoundation/free-programming-books,2026-02-08,2.0,2026-02-14,2026-09-27T23:59:00-04:00
github:EbookFoundation/free-programming-books,2026-02-15,2.0,2026-02-21,2026-09-27T23:59:00-04:00
github:EbookFoundation/free-programming-books,2026-02-22,3.0,2026-02-28,2026-09-27T23:59:00-04:00
github:EbookFoundation/free-programming-books,2026-03-01,6.0,2026-03-07,2026-09-27T23:59:00-04:00
github:EbookFoundation/free-programming-books,2026-03-08,4.0,2026-03-14,2026-09-27T23:59:00-04:00
github:EbookFoundation/free-programming-books,2026-03-15,5.0,2026-03-21,2026-09-27T23:59:00-04:00
github:EbookFoundation/free-programming-books,2026-03-22,4.0,2026-03-28,2026-09-27T23:59:00-04:00
github:EbookFoundation/free-programming-books,2026-03-29,11.0,2026-04-04,2026-09-27T23:59:00-04:00
github:EbookFoundation/free-programming-books,2026-04-05,2.0,2026-04-11,2026-09-27T23:59:00-04:00
github:EbookFoundation/free-programming-books,2026-04-12,1.0,2026-04-18,2026-09-27T23:59:00-04:00
github:EbookFoundation/free-programming-books,2026-04-19,2.0,2026-04-25,2026-09-27T23:59:00-04:00
github:EbookFoundation/free-programming-books,2026-04-26,0.0,2026-05-02,2026-09-27T23:59:00-04:00
github:EbookFoundation/free-programming-books,2026-05-03,3.0,2026-05-09,2026-09-27T23:59:00-04:00
github:EbookFoundation/free-programming-books,2026-05-10,6.0,2026-05-16,2026-09-27T23:59:00-04:00
github:EbookFoundation/free-programming-books,2026-05-17,2.0,2026-05-23,2026-09-27T23:59:00-04:00
github:EbookFoundation/free-programming-books,2026-05-24,3.0,2026-05-30,2026-09-27T23:59:00-04:00
github:EbookFoundation/free-programming-books,2026-05-31,5.0,2026-06-06,2026-09-27T23:59:00-04:00
github:EbookFoundation/free-programming-books,2026-06-07,5.0,2026-06-13,2026-09-27T23:59:00-04:00
github:EbookFoundation/free-programming-books,2026-06-14,7.0,2026-06-20,2026-09-27T23:59:00-04:00
github:EbookFoundation/free-programming-books,2026-06-21,5.0,2026-06-27,2026-09-27T23:59:00-04:00
github:EbookFoundation/free-programming-books,2026-06-28,9.0,2026-07-04,2026-09-27T23:59:00-04:00
github:EbookFoundation/free-programming-books,2026-07-05,1.0,2026-07-11,2026-09-27T23:59:00-04:00
github:EbookFoundation/free-programming-books,2026-07-12,3.0,2026-07-18,2026-09-27T23:59:00-04:00
github:EbookFoundation/free-programming-books,2026-07-19,6.0,2026-07-25,2026-09-27T23:59:00-04:00
github:EbookFoundation/free-programming-books,2026-07-26,4.0,2026-08-01,2026-09-27T23:59:00-04:00
github:EbookFoundation/free-programming-books,2026-08-02,7.0,2026-08-08,2026-09-27T23:59:00-04:00
github:EbookFoundation/free-programming-books,2026-08-09,1.0,2026-08-15,2026-09-27T23:59:00-04:00
github:EbookFoundation/free-programming-books,2026-08-16,7.0,2026-08-22,2026-09-27T23:59:00-04:00
github:EbookFoundation/free-programming-books,2026-08-23,6.0,2026-08-29,2026-09-27T23:59:00-04:00
github:EbookFoundation/free-programming-books,2026-08-30,2.0,2026-09-05,2026-09-27T23:59:00-04:00
github:EbookFoundation/free-programming-books,2026-09-06,10.0,2026-09-12,2026-09-27T23:59:00-04:00
github:EbookFoundation/free-programming-books,2026-09-13,7.0,2026-09-19,2026-09-27T23:59:00-04:00
github:EbookFoundation/free-programming-books,2026-09-20,5.0,2026-09-26,2026-09-27T23:59:00-04:00
github:farion1231/cc-switch,2025-10-05,47.0,2025-10-11,2026-09-27T23:59:00-04:00
github:farion1231/cc-switch,2025-10-12,75.0,2025-10-18,2026-09-27T23:59:00-04:00
github:farion1231/cc-switch,2025-10-19,41.0,2025-10-25,2026-09-27T23:59:00-04:00
github:farion1231/cc-switch,2025-10-26,39.0,2025-11-01,2026-09-27T23:59:00-04:00
github:farion1231/cc-switch,2025-11-02,50.0,2025-11-08,2026-09-27T23:59:00-04:00
github:farion1231/cc-switch,2025-11-09,47.0,2025-11-15,2026-09-27T23:59:00-04:00
github:farion1231/cc-switch,2025-11-16,46.0,2025-11-22,2026-09-27T23:59:00-04:00
github:farion1231/cc-switch,2025-11-23,62.0,2025-11-29,2026-09-27T23:59:00-04:00
github:farion1231/cc-switch,2025-11-30,16.0,2025-12-06,2026-09-27T23:59:00-04:00
github:farion1231/cc-switch,2025-12-07,23.0,2025-12-13,2026-09-27T23:59:00-04:00
github:farion1231/cc-switch,2025-12-14,44.0,2025-12-20,2026-09-27T23:59:00-04:00
github:farion1231/cc-switch,2025-12-21,26.0,2025-12-27,2026-09-27T23:59:00-04:00
github:farion1231/cc-switch,2025-12-28,32.0,2026-01-03,2026-09-27T23:59:00-04:00
github:farion1231/cc-switch,2026-01-04,38.0,2026-01-10,2026-09-27T23:59:00-04:00
github:farion1231/cc-switch,2026-01-11,52.0,2026-01-17,2026-09-27T23:59:00-04:00
github:farion1231/cc-switch,2026-01-18,43.0,2026-01-24,2026-09-27T23:59:00-04:00
github:farion1231/cc-switch,2026-01-25,36.0,2026-01-31,2026-09-27T23:59:00-04:00
github:farion1231/cc-switch,2026-02-01,54.0,2026-02-07,2026-09-27T23:59:00-04:00
github:farion1231/cc-switch,2026-02-08,24.0,2026-02-14,2026-09-27T23:59:00-04:00
github:farion1231/cc-switch,2026-02-15,35.0,2026-02-21,2026-09-27T23:59:00-04:00
github:farion1231/cc-switch,2026-02-22,44.0,2026-02-28,2026-09-27T23:59:00-04:00
github:farion1231/cc-switch,2026-03-01,36.0,2026-03-07,2026-09-27T23:59:00-04:00
github:farion1231/cc-switch,2026-03-08,56.0,2026-03-14,2026-09-27T23:59:00-04:00
github:farion1231/cc-switch,2026-03-15,22.0,2026-03-21,2026-09-27T23:59:00-04:00
github:farion1231/cc-switch,2026-03-22,15.0,2026-03-28,2026-09-27T23:59:00-04:00
github:farion1231/cc-switch,2026-03-29,49.0,2026-04-04,2026-09-27T23:59:00-04:00
github:farion1231/cc-switch,2026-04-05,88.0,2026-04-11,2026-09-27T23:59:00-04:00
github:farion1231/cc-switch,2026-04-12,57.0,2026-04-18,2026-09-27T23:59:00-04:00
github:farion1231/cc-switch,2026-04-19,71.0,2026-04-25,2026-09-27T23:59:00-04:00
github:farion1231/cc-switch,2026-04-26,42.0,2026-05-02,2026-09-27T23:59:00-04:00
github:farion1231/cc-switch,2026-05-03,16.0,2026-05-09,2026-09-27T23:59:00-04:00
github:farion1231/cc-switch,2026-05-10,69.0,2026-05-16,2026-09-27T23:59:00-04:00
github:farion1231/cc-switch,2026-05-17,53.0,2026-05-23,2026-09-27T23:59:00-04:00
github:farion1231/cc-switch,2026-05-24,53.0,2026-05-30,2026-09-27T23:59:00-04:00
github:farion1231/cc-switch,2026-05-31,47.0,2026-06-06,2026-09-27T23:59:00-04:00
github:farion1231/cc-switch,2026-06-07,58.0,2026-06-13,2026-09-27T23:59:00-04:00
github:farion1231/cc-switch,2026-06-14,35.0,2026-06-20,2026-09-27T23:59:00-04:00
github:farion1231/cc-switch,2026-06-21,37.0,2026-06-27,2026-09-27T23:59:00-04:00
github:farion1231/cc-switch,2026-06-28,50.0,2026-07-04,2026-09-27T23:59:00-04:00
github:farion1231/cc-switch,2026-07-05,41.0,2026-07-11,2026-09-27T23:59:00-04:00
github:farion1231/cc-switch,2026-07-12,37.0,2026-07-18,2026-09-27T23:59:00-04:00
github:farion1231/cc-switch,2026-07-19,44.0,2026-07-25,2026-09-27T23:59:00-04:00
github:farion1231/cc-switch,2026-07-26,48.0,2026-08-01,2026-09-27T23:59:00-04:00
github:farion1231/cc-switch,2026-08-02,24.0,2026-08-08,2026-09-27T23:59:00-04:00
github:farion1231/cc-switch,2026-08-09,50.0,2026-08-15,2026-09-27T23:59:00-04:00
github:farion1231/cc-switch,2026-08-16,23.0,2026-08-22,2026-09-27T23:59:00-04:00
github:farion1231/cc-switch,2026-08-23,33.0,2026-08-29,2026-09-27T23:59:00-04:00
github:farion1231/cc-switch,2026-08-30,22.0,2026-09-05,2026-09-27T23:59:00-04:00
github:farion1231/cc-switch,2026-09-06,50.0,2026-09-12,2026-09-27T23:59:00-04:00
github:farion1231/cc-switch,2026-09-13,14.0,2026-09-19,2026-09-27T23:59:00-04:00
github:farion1231/cc-switch,2026-09-20,54.0,2026-09-26,2026-09-27T23:59:00-04:00
github:golang/go,2025-10-05,78.0,2025-10-11,2026-09-27T23:59:00-04:00
github:golang/go,2025-10-12,46.0,2025-10-18,2026-09-27T23:59:00-04:00
github:golang/go,2025-10-19,61.0,2025-10-25,2026-09-27T23:59:00-04:00
github:golang/go,2025-10-26,70.0,2025-11-01,2026-09-27T23:59:00-04:00
github:golang/go,2025-11-02,68.0,2025-11-08,2026-09-27T23:59:00-04:00
github:golang/go,2025-11-09,72.0,2025-11-15,2026-09-27T23:59:00-04:00
github:golang/go,2025-11-16,105.0,2025-11-22,2026-09-27T23:59:00-04:00
github:golang/go,2025-11-23,75.0,2025-11-29,2026-09-27T23:59:00-04:00
github:golang/go,2025-11-30,83.0,2025-12-06,2026-09-27T23:59:00-04:00
github:golang/go,2025-12-07,74.0,2025-12-13,2026-09-27T23:59:00-04:00
github:golang/go,2025-12-14,36.0,2025-12-20,2026-09-27T23:59:00-04:00
github:golang/go,2025-12-21,40.0,2025-12-27,2026-09-27T23:59:00-04:00
github:golang/go,2025-12-28,19.0,2026-01-03,2026-09-27T23:59:00-04:00
github:golang/go,2026-01-04,28.0,2026-01-10,2026-09-27T23:59:00-04:00
github:golang/go,2026-01-11,27.0,2026-01-17,2026-09-27T23:59:00-04:00
github:golang/go,2026-01-18,44.0,2026-01-24,2026-09-27T23:59:00-04:00
github:golang/go,2026-01-25,53.0,2026-01-31,2026-09-27T23:59:00-04:00
github:golang/go,2026-02-01,57.0,2026-02-07,2026-09-27T23:59:00-04:00
github:golang/go,2026-02-08,48.0,2026-02-14,2026-09-27T23:59:00-04:00
github:golang/go,2026-02-15,42.0,2026-02-21,2026-09-27T23:59:00-04:00
github:golang/go,2026-02-22,51.0,2026-02-28,2026-09-27T23:59:00-04:00
github:golang/go,2026-03-01,56.0,2026-03-07,2026-09-27T23:59:00-04:00
github:golang/go,2026-03-08,62.0,2026-03-14,2026-09-27T23:59:00-04:00
github:golang/go,2026-03-15,40.0,2026-03-21,2026-09-27T23:59:00-04:00
github:golang/go,2026-03-22,82.0,2026-03-28,2026-09-27T23:59:00-04:00
github:golang/go,2026-03-29,52.0,2026-04-04,2026-09-27T23:59:00-04:00
github:golang/go,2026-04-05,84.0,2026-04-11,2026-09-27T23:59:00-04:00
github:golang/go,2026-04-12,76.0,2026-04-18,2026-09-27T23:59:00-04:00
github:golang/go,2026-04-19,59.0,2026-04-25,2026-09-27T23:59:00-04:00
github:golang/go,2026-04-26,49.0,2026-05-02,2026-09-27T23:59:00-04:00
github:golang/go,2026-05-03,89.0,2026-05-09,2026-09-27T23:59:00-04:00
github:golang/go,2026-05-10,65.0,2026-05-16,2026-09-27T23:59:00-04:00
github:golang/go,2026-05-17,108.0,2026-05-23,2026-09-27T23:59:00-04:00
github:golang/go,2026-05-24,78.0,2026-05-30,2026-09-27T23:59:00-04:00
github:golang/go,2026-05-31,58.0,2026-06-06,2026-09-27T23:59:00-04:00
github:golang/go,2026-06-07,74.0,2026-06-13,2026-09-27T23:59:00-04:00
github:golang/go,2026-06-14,37.0,2026-06-20,2026-09-27T23:59:00-04:00
github:golang/go,2026-06-21,46.0,2026-06-27,2026-09-27T23:59:00-04:00
github:golang/go,2026-06-28,52.0,2026-07-04,2026-09-27T23:59:00-04:00
github:golang/go,2026-07-05,51.0,2026-07-11,2026-09-27T23:59:00-04:00
github:golang/go,2026-07-12,61.0,2026-07-18,2026-09-27T23:59:00-04:00
github:golang/go,2026-07-19,69.0,2026-07-25,2026-09-27T23:59:00-04:00
github:golang/go,2026-07-26,60.0,2026-08-01,2026-09-27T23:59:00-04:00
github:golang/go,2026-08-02,37.0,2026-08-08,2026-09-27T23:59:00-04:00
github:golang/go,2026-08-09,43.0,2026-08-15,2026-09-27T23:59:00-04:00
github:golang/go,2026-08-16,95.0,2026-08-22,2026-09-27T23:59:00-04:00
github:golang/go,2026-08-23,99.0,2026-08-29,2026-09-27T23:59:00-04:00
github:golang/go,2026-08-30,66.0,2026-09-05,2026-09-27T23:59:00-04:00
github:golang/go,2026-09-06,76.0,2026-09-12,2026-09-27T23:59:00-04:00
github:golang/go,2026-09-13,54.0,2026-09-19,2026-09-27T23:59:00-04:00
github:golang/go,2026-09-20,34.0,2026-09-26,2026-09-27T23:59:00-04:00
github:kubernetes/kubernetes,2025-10-05,139.0,2025-10-11,2026-09-27T23:59:00-04:00
github:kubernetes/kubernetes,2025-10-12,174.0,2025-10-18,2026-09-27T23:59:00-04:00
github:kubernetes/kubernetes,2025-10-19,202.0,2025-10-25,2026-09-27T23:59:00-04:00
github:kubernetes/kubernetes,2025-10-26,255.0,2025-11-01,2026-09-27T23:59:00-04:00
github:kubernetes/kubernetes,2025-11-02,300.0,2025-11-08,2026-09-27T23:59:00-04:00
github:kubernetes/kubernetes,2025-11-09,66.0,2025-11-15,2026-09-27T23:59:00-04:00
github:kubernetes/kubernetes,2025-11-16,43.0,2025-11-22,2026-09-27T23:59:00-04:00
github:kubernetes/kubernetes,2025-11-23,59.0,2025-11-29,2026-09-27T23:59:00-04:00
github:kubernetes/kubernetes,2025-11-30,79.0,2025-12-06,2026-09-27T23:59:00-04:00
github:kubernetes/kubernetes,2025-12-07,65.0,2025-12-13,2026-09-27T23:59:00-04:00
github:kubernetes/kubernetes,2025-12-14,193.0,2025-12-20,2026-09-27T23:59:00-04:00
github:kubernetes/kubernetes,2025-12-21,44.0,2025-12-27,2026-09-27T23:59:00-04:00
github:kubernetes/kubernetes,2025-12-28,31.0,2026-01-03,2026-09-27T23:59:00-04:00
github:kubernetes/kubernetes,2026-01-04,162.0,2026-01-10,2026-09-27T23:59:00-04:00
github:kubernetes/kubernetes,2026-01-11,189.0,2026-01-17,2026-09-27T23:59:00-04:00
github:kubernetes/kubernetes,2026-01-18,176.0,2026-01-24,2026-09-27T23:59:00-04:00
github:kubernetes/kubernetes,2026-01-25,171.0,2026-01-31,2026-09-27T23:59:00-04:00
github:kubernetes/kubernetes,2026-02-01,163.0,2026-02-07,2026-09-27T23:59:00-04:00
github:kubernetes/kubernetes,2026-02-08,189.0,2026-02-14,2026-09-27T23:59:00-04:00
github:kubernetes/kubernetes,2026-02-15,180.0,2026-02-21,2026-09-27T23:59:00-04:00
github:kubernetes/kubernetes,2026-02-22,179.0,2026-02-28,2026-09-27T23:59:00-04:00
github:kubernetes/kubernetes,2026-03-01,244.0,2026-03-07,2026-09-27T23:59:00-04:00
github:kubernetes/kubernetes,2026-03-08,289.0,2026-03-14,2026-09-27T23:59:00-04:00
github:kubernetes/kubernetes,2026-03-15,277.0,2026-03-21,2026-09-27T23:59:00-04:00
github:kubernetes/kubernetes,2026-03-22,63.0,2026-03-28,2026-09-27T23:59:00-04:00
github:kubernetes/kubernetes,2026-03-29,58.0,2026-04-04,2026-09-27T23:59:00-04:00
github:kubernetes/kubernetes,2026-04-05,81.0,2026-04-11,2026-09-27T23:59:00-04:00
github:kubernetes/kubernetes,2026-04-12,80.0,2026-04-18,2026-09-27T23:59:00-04:00
github:kubernetes/kubernetes,2026-04-19,218.0,2026-04-25,2026-09-27T23:59:00-04:00
github:kubernetes/kubernetes,2026-04-26,167.0,2026-05-02,2026-09-27T23:59:00-04:00
github:kubernetes/kubernetes,2026-05-03,199.0,2026-05-09,2026-09-27T23:59:00-04:00
github:kubernetes/kubernetes,2026-05-10,191.0,2026-05-16,2026-09-27T23:59:00-04:00
github:kubernetes/kubernetes,2026-05-17,163.0,2026-05-23,2026-09-27T23:59:00-04:00
github:kubernetes/kubernetes,2026-05-24,134.0,2026-05-30,2026-09-27T23:59:00-04:00
github:kubernetes/kubernetes,2026-05-31,125.0,2026-06-06,2026-09-27T23:59:00-04:00
github:kubernetes/kubernetes,2026-06-07,225.0,2026-06-13,2026-09-27T23:59:00-04:00
github:kubernetes/kubernetes,2026-06-14,190.0,2026-06-20,2026-09-27T23:59:00-04:00
github:kubernetes/kubernetes,2026-06-21,221.0,2026-06-27,2026-09-27T23:59:00-04:00
github:kubernetes/kubernetes,2026-06-28,231.0,2026-07-04,2026-09-27T23:59:00-04:00
github:kubernetes/kubernetes,2026-07-05,277.0,2026-07-11,2026-09-27T23:59:00-04:00
github:kubernetes/kubernetes,2026-07-12,263.0,2026-07-18,2026-09-27T23:59:00-04:00
github:kubernetes/kubernetes,2026-07-19,263.0,2026-07-25,2026-09-27T23:59:00-04:00
github:kubernetes/kubernetes,2026-07-26,64.0,2026-08-01,2026-09-27T23:59:00-04:00
github:kubernetes/kubernetes,2026-08-02,47.0,2026-08-08,2026-09-27T23:59:00-04:00
github:kubernetes/kubernetes,2026-08-09,31.0,2026-08-15,2026-09-27T23:59:00-04:00
github:kubernetes/kubernetes,2026-08-16,45.0,2026-08-22,2026-09-27T23:59:00-04:00
github:kubernetes/kubernetes,2026-08-23,103.0,2026-08-29,2026-09-27T23:59:00-04:00
github:kubernetes/kubernetes,2026-08-30,133.0,2026-09-05,2026-09-27T23:59:00-04:00
github:kubernetes/kubernetes,2026-09-06,173.0,2026-09-12,2026-09-27T23:59:00-04:00
github:kubernetes/kubernetes,2026-09-13,130.0,2026-09-19,2026-09-27T23:59:00-04:00
github:kubernetes/kubernetes,2026-09-20,127.0,2026-09-26,2026-09-27T23:59:00-04:00
github:microsoft/TypeScript,2025-10-05,5.0,2025-10-11,2026-09-27T23:59:00-04:00
github:microsoft/TypeScript,2025-10-12,3.0,2025-10-18,2026-09-27T23:59:00-04:00
github:microsoft/TypeScript,2025-10-19,8.0,2025-10-25,2026-09-27T23:59:00-04:00
github:microsoft/TypeScript,2025-10-26,11.0,2025-11-01,2026-09-27T23:59:00-04:00
github:microsoft/TypeScript,2025-11-02,2.0,2025-11-08,2026-09-27T23:59:00-04:00
github:microsoft/TypeScript,2025-11-09,6.0,2025-11-15,2026-09-27T23:59:00-04:00
github:microsoft/TypeScript,2025-11-16,5.0,2025-11-22,2026-09-27T23:59:00-04:00
github:microsoft/TypeScript,2025-11-23,1.0,2025-11-29,2026-09-27T23:59:00-04:00
github:microsoft/TypeScript,2025-11-30,7.0,2025-12-06,2026-09-27T23:59:00-04:00
github:microsoft/TypeScript,2025-12-07,15.0,2025-12-13,2026-09-27T23:59:00-04:00
github:microsoft/TypeScript,2025-12-14,4.0,2025-12-20,2026-09-27T23:59:00-04:00
github:microsoft/TypeScript,2025-12-21,1.0,2025-12-27,2026-09-27T23:59:00-04:00
github:microsoft/TypeScript,2025-12-28,1.0,2026-01-03,2026-09-27T23:59:00-04:00
github:microsoft/TypeScript,2026-01-04,7.0,2026-01-10,2026-09-27T23:59:00-04:00
github:microsoft/TypeScript,2026-01-11,11.0,2026-01-17,2026-09-27T23:59:00-04:00
github:microsoft/TypeScript,2026-01-18,6.0,2026-01-24,2026-09-27T23:59:00-04:00
github:microsoft/TypeScript,2026-01-25,9.0,2026-01-31,2026-09-27T23:59:00-04:00
github:microsoft/TypeScript,2026-02-01,39.0,2026-02-07,2026-09-27T23:59:00-04:00
github:microsoft/TypeScript,2026-02-08,37.0,2026-02-14,2026-09-27T23:59:00-04:00
github:microsoft/TypeScript,2026-02-15,72.0,2026-02-21,2026-09-27T23:59:00-04:00
github:microsoft/TypeScript,2026-02-22,35.0,2026-02-28,2026-09-27T23:59:00-04:00
github:microsoft/TypeScript,2026-03-01,65.0,2026-03-07,2026-09-27T23:59:00-04:00
github:microsoft/TypeScript,2026-03-08,56.0,2026-03-14,2026-09-27T23:59:00-04:00
github:microsoft/TypeScript,2026-03-15,77.0,2026-03-21,2026-09-27T23:59:00-04:00
github:microsoft/TypeScript,2026-03-22,68.0,2026-03-28,2026-09-27T23:59:00-04:00
github:microsoft/TypeScript,2026-03-29,41.0,2026-04-04,2026-09-27T23:59:00-04:00
github:microsoft/TypeScript,2026-04-05,25.0,2026-04-11,2026-09-27T23:59:00-04:00
github:microsoft/TypeScript,2026-04-12,59.0,2026-04-18,2026-09-27T23:59:00-04:00
github:microsoft/TypeScript,2026-04-19,71.0,2026-04-25,2026-09-27T23:59:00-04:00
github:microsoft/TypeScript,2026-04-26,35.0,2026-05-02,2026-09-27T23:59:00-04:00
github:microsoft/TypeScript,2026-05-03,58.0,2026-05-09,2026-09-27T23:59:00-04:00
github:microsoft/TypeScript,2026-05-10,75.0,2026-05-16,2026-09-27T23:59:00-04:00
github:microsoft/TypeScript,2026-05-17,82.0,2026-05-23,2026-09-27T23:59:00-04:00
github:microsoft/TypeScript,2026-05-24,16.0,2026-05-30,2026-09-27T23:59:00-04:00
github:microsoft/TypeScript,2026-05-31,112.0,2026-06-06,2026-09-27T23:59:00-04:00
github:microsoft/TypeScript,2026-06-07,63.0,2026-06-13,2026-09-27T23:59:00-04:00
github:microsoft/TypeScript,2026-06-14,20.0,2026-06-20,2026-09-27T23:59:00-04:00
github:microsoft/TypeScript,2026-06-21,59.0,2026-06-27,2026-09-27T23:59:00-04:00
github:microsoft/TypeScript,2026-06-28,46.0,2026-07-04,2026-09-27T23:59:00-04:00
github:microsoft/TypeScript,2026-07-05,23.0,2026-07-11,2026-09-27T23:59:00-04:00
github:microsoft/TypeScript,2026-07-12,20.0,2026-07-18,2026-09-27T23:59:00-04:00
github:microsoft/TypeScript,2026-07-19,39.0,2026-07-25,2026-09-27T23:59:00-04:00
github:microsoft/TypeScript,2026-07-26,41.0,2026-08-01,2026-09-27T23:59:00-04:00
github:microsoft/TypeScript,2026-08-02,4.0,2026-08-08,2026-09-27T23:59:00-04:00
github:microsoft/TypeScript,2026-08-09,56.0,2026-08-15,2026-09-27T23:59:00-04:00
github:microsoft/TypeScript,2026-08-16,59.0,2026-08-22,2026-09-27T23:59:00-04:00
github:microsoft/TypeScript,2026-08-23,54.0,2026-08-29,2026-09-27T23:59:00-04:00
github:microsoft/TypeScript,2026-08-30,29.0,2026-09-05,2026-09-27T23:59:00-04:00
github:microsoft/TypeScript,2026-09-06,21.0,2026-09-12,2026-09-27T23:59:00-04:00
github:microsoft/TypeScript,2026-09-13,37.0,2026-09-19,2026-09-27T23:59:00-04:00
github:microsoft/TypeScript,2026-09-20,46.0,2026-09-26,2026-09-27T23:59:00-04:00
github:ollama/ollama,2025-10-05,27.0,2025-10-11,2026-09-27T23:59:00-04:00
github:ollama/ollama,2025-10-12,30.0,2025-10-18,2026-09-27T23:59:00-04:00
github:ollama/ollama,2025-10-19,13.0,2025-10-25,2026-09-27T23:59:00-04:00
github:ollama/ollama,2025-10-26,38.0,2025-11-01,2026-09-27T23:59:00-04:00
github:ollama/ollama,2025-11-02,43.0,2025-11-08,2026-09-27T23:59:00-04:00
github:ollama/ollama,2025-11-09,26.0,2025-11-15,2026-09-27T23:59:00-04:00
github:ollama/ollama,2025-11-16,30.0,2025-11-22,2026-09-27T23:59:00-04:00
github:ollama/ollama,2025-11-23,4.0,2025-11-29,2026-09-27T23:59:00-04:00
github:ollama/ollama,2025-11-30,20.0,2025-12-06,2026-09-27T23:59:00-04:00
github:ollama/ollama,2025-12-07,32.0,2025-12-13,2026-09-27T23:59:00-04:00
github:ollama/ollama,2025-12-14,22.0,2025-12-20,2026-09-27T23:59:00-04:00
github:ollama/ollama,2025-12-21,2.0,2025-12-27,2026-09-27T23:59:00-04:00
github:ollama/ollama,2025-12-28,4.0,2026-01-03,2026-09-27T23:59:00-04:00
github:ollama/ollama,2026-01-04,18.0,2026-01-10,2026-09-27T23:59:00-04:00
github:ollama/ollama,2026-01-11,36.0,2026-01-17,2026-09-27T23:59:00-04:00
github:ollama/ollama,2026-01-18,33.0,2026-01-24,2026-09-27T23:59:00-04:00
github:ollama/ollama,2026-01-25,16.0,2026-01-31,2026-09-27T23:59:00-04:00
github:ollama/ollama,2026-02-01,34.0,2026-02-07,2026-09-27T23:59:00-04:00
github:ollama/ollama,2026-02-08,28.0,2026-02-14,2026-09-27T23:59:00-04:00
github:ollama/ollama,2026-02-15,23.0,2026-02-21,2026-09-27T23:59:00-04:00
github:ollama/ollama,2026-02-22,23.0,2026-02-28,2026-09-27T23:59:00-04:00
github:ollama/ollama,2026-03-01,30.0,2026-03-07,2026-09-27T23:59:00-04:00
github:ollama/ollama,2026-03-08,33.0,2026-03-14,2026-09-27T23:59:00-04:00
github:ollama/ollama,2026-03-15,25.0,2026-03-21,2026-09-27T23:59:00-04:00
github:ollama/ollama,2026-03-22,31.0,2026-03-28,2026-09-27T23:59:00-04:00
github:ollama/ollama,2026-03-29,19.0,2026-04-04,2026-09-27T23:59:00-04:00
github:ollama/ollama,2026-04-05,28.0,2026-04-11,2026-09-27T23:59:00-04:00
github:ollama/ollama,2026-04-12,38.0,2026-04-18,2026-09-27T23:59:00-04:00
github:ollama/ollama,2026-04-19,17.0,2026-04-25,2026-09-27T23:59:00-04:00
github:ollama/ollama,2026-04-26,14.0,2026-05-02,2026-09-27T23:59:00-04:00
github:ollama/ollama,2026-05-03,10.0,2026-05-09,2026-09-27T23:59:00-04:00
github:ollama/ollama,2026-05-10,16.0,2026-05-16,2026-09-27T23:59:00-04:00
github:ollama/ollama,2026-05-17,8.0,2026-05-23,2026-09-27T23:59:00-04:00
github:ollama/ollama,2026-05-24,9.0,2026-05-30,2026-09-27T23:59:00-04:00
github:ollama/ollama,2026-05-31,47.0,2026-06-06,2026-09-27T23:59:00-04:00
github:ollama/ollama,2026-06-07,14.0,2026-06-13,2026-09-27T23:59:00-04:00
github:ollama/ollama,2026-06-14,11.0,2026-06-20,2026-09-27T23:59:00-04:00
github:ollama/ollama,2026-06-21,20.0,2026-06-27,2026-09-27T23:59:00-04:00
github:ollama/ollama,2026-06-28,15.0,2026-07-04,2026-09-27T23:59:00-04:00
github:ollama/ollama,2026-07-05,14.0,2026-07-11,2026-09-27T23:59:00-04:00
github:ollama/ollama,2026-07-12,19.0,2026-07-18,2026-09-27T23:59:00-04:00
github:ollama/ollama,2026-07-19,32.0,2026-07-25,2026-09-27T23:59:00-04:00
github:ollama/ollama,2026-07-26,22.0,2026-08-01,2026-09-27T23:59:00-04:00
github:ollama/ollama,2026-08-02,16.0,2026-08-08,2026-09-27T23:59:00-04:00
github:ollama/ollama,2026-08-09,30.0,2026-08-15,2026-09-27T23:59:00-04:00
github:ollama/ollama,2026-08-16,24.0,2026-08-22,2026-09-27T23:59:00-04:00
github:ollama/ollama,2026-08-23,29.0,2026-08-29,2026-09-27T23:59:00-04:00
github:ollama/ollama,2026-08-30,25.0,2026-09-05,2026-09-27T23:59:00-04:00
github:ollama/ollama,2026-09-06,24.0,2026-09-12,2026-09-27T23:59:00-04:00
github:ollama/ollama,2026-09-13,33.0,2026-09-19,2026-09-27T23:59:00-04:00
github:ollama/ollama,2026-09-20,15.0,2026-09-26,2026-09-27T23:59:00-04:00
github:openai/codex,2025-10-05,66.0,2025-10-11,2026-09-27T23:59:00-04:00
github:openai/codex,2025-10-12,55.0,2025-10-18,2026-09-27T23:59:00-04:00
github:openai/codex,2025-10-19,94.0,2025-10-25,2026-09-27T23:59:00-04:00
github:openai/codex,2025-10-26,112.0,2025-11-01,2026-09-27T23:59:00-04:00
github:openai/codex,2025-11-02,98.0,2025-11-08,2026-09-27T23:59:00-04:00
github:openai/codex,2025-11-09,106.0,2025-11-15,2026-09-27T23:59:00-04:00
github:openai/codex,2025-11-16,175.0,2025-11-22,2026-09-27T23:59:00-04:00
github:openai/codex,2025-11-23,48.0,2025-11-29,2026-09-27T23:59:00-04:00
github:openai/codex,2025-11-30,128.0,2025-12-06,2026-09-27T23:59:00-04:00
github:openai/codex,2025-12-07,132.0,2025-12-13,2026-09-27T23:59:00-04:00
github:openai/codex,2025-12-14,143.0,2025-12-20,2026-09-27T23:59:00-04:00
github:openai/codex,2025-12-21,45.0,2025-12-27,2026-09-27T23:59:00-04:00
github:openai/codex,2025-12-28,21.0,2026-01-03,2026-09-27T23:59:00-04:00
github:openai/codex,2026-01-04,155.0,2026-01-10,2026-09-27T23:59:00-04:00
github:openai/codex,2026-01-11,145.0,2026-01-17,2026-09-27T23:59:00-04:00
github:openai/codex,2026-01-18,156.0,2026-01-24,2026-09-27T23:59:00-04:00
github:openai/codex,2026-01-25,216.0,2026-01-31,2026-09-27T23:59:00-04:00
github:openai/codex,2026-02-01,206.0,2026-02-07,2026-09-27T23:59:00-04:00
github:openai/codex,2026-02-08,294.0,2026-02-14,2026-09-27T23:59:00-04:00
github:openai/codex,2026-02-15,191.0,2026-02-21,2026-09-27T23:59:00-04:00
github:openai/codex,2026-02-22,222.0,2026-02-28,2026-09-27T23:59:00-04:00
github:openai/codex,2026-03-01,227.0,2026-03-07,2026-09-27T23:59:00-04:00
github:openai/codex,2026-03-08,305.0,2026-03-14,2026-09-27T23:59:00-04:00
github:openai/codex,2026-03-15,188.0,2026-03-21,2026-09-27T23:59:00-04:00
github:openai/codex,2026-03-22,262.0,2026-03-28,2026-09-27T23:59:00-04:00
github:openai/codex,2026-03-29,154.0,2026-04-04,2026-09-27T23:59:00-04:00
github:openai/codex,2026-04-05,215.0,2026-04-11,2026-09-27T23:59:00-04:00
github:openai/codex,2026-04-12,294.0,2026-04-18,2026-09-27T23:59:00-04:00
github:openai/codex,2026-04-19,334.0,2026-04-25,2026-09-27T23:59:00-04:00
github:openai/codex,2026-04-26,299.0,2026-05-02,2026-09-27T23:59:00-04:00
github:openai/codex,2026-05-03,280.0,2026-05-09,2026-09-27T23:59:00-04:00
github:openai/codex,2026-05-10,240.0,2026-05-16,2026-09-27T23:59:00-04:00
github:openai/codex,2026-05-17,221.0,2026-05-23,2026-09-27T23:59:00-04:00
github:openai/codex,2026-05-24,183.0,2026-05-30,2026-09-27T23:59:00-04:00
github:openai/codex,2026-05-31,211.0,2026-06-06,2026-09-27T23:59:00-04:00
github:openai/codex,2026-06-07,242.0,2026-06-13,2026-09-27T23:59:00-04:00
github:openai/codex,2026-06-14,210.0,2026-06-20,2026-09-27T23:59:00-04:00
github:openai/codex,2026-06-21,268.0,2026-06-27,2026-09-27T23:59:00-04:00
github:openai/codex,2026-06-28,26.0,2026-07-04,2026-09-27T23:59:00-04:00
github:openai/codex,2026-07-05,197.0,2026-07-11,2026-09-27T23:59:00-04:00
github:openai/codex,2026-07-12,201.0,2026-07-18,2026-09-27T23:59:00-04:00
github:openai/codex,2026-07-19,278.0,2026-07-25,2026-09-27T23:59:00-04:00
github:openai/codex,2026-07-26,203.0,2026-08-01,2026-09-27T23:59:00-04:00
github:openai/codex,2026-08-02,236.0,2026-08-08,2026-09-27T23:59:00-04:00
github:openai/codex,2026-08-09,289.0,2026-08-15,2026-09-27T23:59:00-04:00
github:openai/codex,2026-08-16,351.0,2026-08-22,2026-09-27T23:59:00-04:00
github:openai/codex,2026-08-23,310.0,2026-08-29,2026-09-27T23:59:00-04:00
github:openai/codex,2026-08-30,301.0,2026-09-05,2026-09-27T23:59:00-04:00
github:openai/codex,2026-09-06,352.0,2026-09-12,2026-09-27T23:59:00-04:00
github:openai/codex,2026-09-13,355.0,2026-09-19,2026-09-27T23:59:00-04:00
github:openai/codex,2026-09-20,404.0,2026-09-26,2026-09-27T23:59:00-04:00
github:practical-tutorials/project-based-learning,2025-10-05,0.0,2025-10-11,2026-09-27T23:59:00-04:00
github:practical-tutorials/project-based-learning,2025-10-12,0.0,2025-10-18,2026-09-27T23:59:00-04:00
github:practical-tutorials/project-based-learning,2025-10-19,0.0,2025-10-25,2026-09-27T23:59:00-04:00
github:practical-tutorials/project-based-learning,2025-10-26,0.0,2025-11-01,2026-09-27T23:59:00-04:00
github:practical-tutorials/project-based-learning,2025-11-02,0.0,2025-11-08,2026-09-27T23:59:00-04:00
github:practical-tutorials/project-based-learning,2025-11-09,0.0,2025-11-15,2026-09-27T23:59:00-04:00
github:practical-tutorials/project-based-learning,2025-11-16,0.0,2025-11-22,2026-09-27T23:59:00-04:00
github:practical-tutorials/project-based-learning,2025-11-23,0.0,2025-11-29,2026-09-27T23:59:00-04:00
github:practical-tutorials/project-based-learning,2025-11-30,0.0,2025-12-06,2026-09-27T23:59:00-04:00
github:practical-tutorials/project-based-learning,2025-12-07,0.0,2025-12-13,2026-09-27T23:59:00-04:00
github:practical-tutorials/project-based-learning,2025-12-14,0.0,2025-12-20,2026-09-27T23:59:00-04:00
github:practical-tutorials/project-based-learning,2025-12-21,0.0,2025-12-27,2026-09-27T23:59:00-04:00
github:practical-tutorials/project-based-learning,2025-12-28,0.0,2026-01-03,2026-09-27T23:59:00-04:00
github:practical-tutorials/project-based-learning,2026-01-04,0.0,2026-01-10,2026-09-27T23:59:00-04:00
github:practical-tutorials/project-based-learning,2026-01-11,0.0,2026-01-17,2026-09-27T23:59:00-04:00
github:practical-tutorials/project-based-learning,2026-01-18,0.0,2026-01-24,2026-09-27T23:59:00-04:00
github:practical-tutorials/project-based-learning,2026-01-25,0.0,2026-01-31,2026-09-27T23:59:00-04:00
github:practical-tutorials/project-based-learning,2026-02-01,0.0,2026-02-07,2026-09-27T23:59:00-04:00
github:practical-tutorials/project-based-learning,2026-02-08,0.0,2026-02-14,2026-09-27T23:59:00-04:00
github:practical-tutorials/project-based-learning,2026-02-15,0.0,2026-02-21,2026-09-27T23:59:00-04:00
github:practical-tutorials/project-based-learning,2026-02-22,0.0,2026-02-28,2026-09-27T23:59:00-04:00
github:practical-tutorials/project-based-learning,2026-03-01,0.0,2026-03-07,2026-09-27T23:59:00-04:00
github:practical-tutorials/project-based-learning,2026-03-08,0.0,2026-03-14,2026-09-27T23:59:00-04:00
github:practical-tutorials/project-based-learning,2026-03-15,0.0,2026-03-21,2026-09-27T23:59:00-04:00
github:practical-tutorials/project-based-learning,2026-03-22,0.0,2026-03-28,2026-09-27T23:59:00-04:00
github:practical-tutorials/project-based-learning,2026-03-29,0.0,2026-04-04,2026-09-27T23:59:00-04:00
github:practical-tutorials/project-based-learning,2026-04-05,0.0,2026-04-11,2026-09-27T23:59:00-04:00
github:practical-tutorials/project-based-learning,2026-04-12,0.0,2026-04-18,2026-09-27T23:59:00-04:00
github:practical-tutorials/project-based-learning,2026-04-19,0.0,2026-04-25,2026-09-27T23:59:00-04:00
github:practical-tutorials/project-based-learning,2026-04-26,0.0,2026-05-02,2026-09-27T23:59:00-04:00
github:practical-tutorials/project-based-learning,2026-05-03,0.0,2026-05-09,2026-09-27T23:59:00-04:00
github:practical-tutorials/project-based-learning,2026-05-10,0.0,2026-05-16,2026-09-27T23:59:00-04:00
github:practical-tutorials/project-based-learning,2026-05-17,0.0,2026-05-23,2026-09-27T23:59:00-04:00
github:practical-tutorials/project-based-learning,2026-05-24,0.0,2026-05-30,2026-09-27T23:59:00-04:00
github:practical-tutorials/project-based-learning,2026-05-31,0.0,2026-06-06,2026-09-27T23:59:00-04:00
github:practical-tutorials/project-based-learning,2026-06-07,0.0,2026-06-13,2026-09-27T23:59:00-04:00
github:practical-tutorials/project-based-learning,2026-06-14,0.0,2026-06-20,2026-09-27T23:59:00-04:00
github:practical-tutorials/project-based-learning,2026-06-21,0.0,2026-06-27,2026-09-27T23:59:00-04:00
github:practical-tutorials/project-based-learning,2026-06-28,23.0,2026-07-04,2026-09-27T23:59:00-04:00
github:practical-tutorials/project-based-learning,2026-07-05,1.0,2026-07-11,2026-09-27T23:59:00-04:00
github:practical-tutorials/project-based-learning,2026-07-12,1.0,2026-07-18,2026-09-27T23:59:00-04:00
github:practical-tutorials/project-based-learning,2026-07-19,1.0,2026-07-25,2026-09-27T23:59:00-04:00
github:practical-tutorials/project-based-learning,2026-07-26,1.0,2026-08-01,2026-09-27T23:59:00-04:00
github:practical-tutorials/project-based-learning,2026-08-02,1.0,2026-08-08,2026-09-27T23:59:00-04:00
github:practical-tutorials/project-based-learning,2026-08-09,1.0,2026-08-15,2026-09-27T23:59:00-04:00
github:practical-tutorials/project-based-learning,2026-08-16,1.0,2026-08-22,2026-09-27T23:59:00-04:00
github:practical-tutorials/project-based-learning,2026-08-23,1.0,2026-08-29,2026-09-27T23:59:00-04:00
github:practical-tutorials/project-based-learning,2026-08-30,1.0,2026-09-05,2026-09-27T23:59:00-04:00
github:practical-tutorials/project-based-learning,2026-09-06,1.0,2026-09-12,2026-09-27T23:59:00-04:00
github:practical-tutorials/project-based-learning,2026-09-13,1.0,2026-09-19,2026-09-27T23:59:00-04:00
github:practical-tutorials/project-based-learning,2026-09-20,1.0,2026-09-26,2026-09-27T23:59:00-04:00
github:public-apis/public-apis,2025-10-05,0.0,2025-10-11,2026-09-27T23:59:00-04:00
github:public-apis/public-apis,2025-10-12,0.0,2025-10-18,2026-09-27T23:59:00-04:00
github:public-apis/public-apis,2025-10-19,0.0,2025-10-25,2026-09-27T23:59:00-04:00
github:public-apis/public-apis,2025-10-26,0.0,2025-11-01,2026-09-27T23:59:00-04:00
github:public-apis/public-apis,2025-11-02,1.0,2025-11-08,2026-09-27T23:59:00-04:00
github:public-apis/public-apis,2025-11-09,0.0,2025-11-15,2026-09-27T23:59:00-04:00
github:public-apis/public-apis,2025-11-16,0.0,2025-11-22,2026-09-27T23:59:00-04:00
github:public-apis/public-apis,2025-11-23,0.0,2025-11-29,2026-09-27T23:59:00-04:00
github:public-apis/public-apis,2025-11-30,0.0,2025-12-06,2026-09-27T23:59:00-04:00
github:public-apis/public-apis,2025-12-07,0.0,2025-12-13,2026-09-27T23:59:00-04:00
github:public-apis/public-apis,2025-12-14,0.0,2025-12-20,2026-09-27T23:59:00-04:00
github:public-apis/public-apis,2025-12-21,0.0,2025-12-27,2026-09-27T23:59:00-04:00
github:public-apis/public-apis,2025-12-28,0.0,2026-01-03,2026-09-27T23:59:00-04:00
github:public-apis/public-apis,2026-01-04,0.0,2026-01-10,2026-09-27T23:59:00-04:00
github:public-apis/public-apis,2026-01-11,0.0,2026-01-17,2026-09-27T23:59:00-04:00
github:public-apis/public-apis,2026-01-18,0.0,2026-01-24,2026-09-27T23:59:00-04:00
github:public-apis/public-apis,2026-01-25,0.0,2026-01-31,2026-09-27T23:59:00-04:00
github:public-apis/public-apis,2026-02-01,0.0,2026-02-07,2026-09-27T23:59:00-04:00
github:public-apis/public-apis,2026-02-08,0.0,2026-02-14,2026-09-27T23:59:00-04:00
github:public-apis/public-apis,2026-02-15,1.0,2026-02-21,2026-09-27T23:59:00-04:00
github:public-apis/public-apis,2026-02-22,0.0,2026-02-28,2026-09-27T23:59:00-04:00
github:public-apis/public-apis,2026-03-01,0.0,2026-03-07,2026-09-27T23:59:00-04:00
github:public-apis/public-apis,2026-03-08,0.0,2026-03-14,2026-09-27T23:59:00-04:00
github:public-apis/public-apis,2026-03-15,1.0,2026-03-21,2026-09-27T23:59:00-04:00
github:public-apis/public-apis,2026-03-22,0.0,2026-03-28,2026-09-27T23:59:00-04:00
github:public-apis/public-apis,2026-03-29,0.0,2026-04-04,2026-09-27T23:59:00-04:00
github:public-apis/public-apis,2026-04-05,2.0,2026-04-11,2026-09-27T23:59:00-04:00
github:public-apis/public-apis,2026-04-12,11.0,2026-04-18,2026-09-27T23:59:00-04:00
github:public-apis/public-apis,2026-04-19,13.0,2026-04-25,2026-09-27T23:59:00-04:00
github:public-apis/public-apis,2026-04-26,22.0,2026-05-02,2026-09-27T23:59:00-04:00
github:public-apis/public-apis,2026-05-03,39.0,2026-05-09,2026-09-27T23:59:00-04:00
github:public-apis/public-apis,2026-05-10,23.0,2026-05-16,2026-09-27T23:59:00-04:00
github:public-apis/public-apis,2026-05-17,12.0,2026-05-23,2026-09-27T23:59:00-04:00
github:public-apis/public-apis,2026-05-24,21.0,2026-05-30,2026-09-27T23:59:00-04:00
github:public-apis/public-apis,2026-05-31,27.0,2026-06-06,2026-09-27T23:59:00-04:00
github:public-apis/public-apis,2026-06-07,13.0,2026-06-13,2026-09-27T23:59:00-04:00
github:public-apis/public-apis,2026-06-14,3.0,2026-06-20,2026-09-27T23:59:00-04:00
github:public-apis/public-apis,2026-06-21,3.0,2026-06-27,2026-09-27T23:59:00-04:00
github:public-apis/public-apis,2026-06-28,8.0,2026-07-04,2026-09-27T23:59:00-04:00
github:public-apis/public-apis,2026-07-05,0.0,2026-07-11,2026-09-27T23:59:00-04:00
github:public-apis/public-apis,2026-07-12,3.0,2026-07-18,2026-09-27T23:59:00-04:00
github:public-apis/public-apis,2026-07-19,30.0,2026-07-25,2026-09-27T23:59:00-04:00
github:public-apis/public-apis,2026-07-26,12.0,2026-08-01,2026-09-27T23:59:00-04:00
github:public-apis/public-apis,2026-08-02,31.0,2026-08-08,2026-09-27T23:59:00-04:00
github:public-apis/public-apis,2026-08-09,24.0,2026-08-15,2026-09-27T23:59:00-04:00
github:public-apis/public-apis,2026-08-16,27.0,2026-08-22,2026-09-27T23:59:00-04:00
github:public-apis/public-apis,2026-08-23,46.0,2026-08-29,2026-09-27T23:59:00-04:00
github:public-apis/public-apis,2026-08-30,54.0,2026-09-05,2026-09-27T23:59:00-04:00
github:public-apis/public-apis,2026-09-06,54.0,2026-09-12,2026-09-27T23:59:00-04:00
github:public-apis/public-apis,2026-09-13,55.0,2026-09-19,2026-09-27T23:59:00-04:00
github:public-apis/public-apis,2026-09-20,52.0,2026-09-26,2026-09-27T23:59:00-04:00
github:react/react,2025-10-05,23.0,2025-10-11,2026-09-27T23:59:00-04:00
github:react/react,2025-10-12,50.0,2025-10-18,2026-09-27T23:59:00-04:00
github:react/react,2025-10-19,27.0,2025-10-25,2026-09-27T23:59:00-04:00
github:react/react,2025-10-26,18.0,2025-11-01,2026-09-27T23:59:00-04:00
github:react/react,2025-11-02,20.0,2025-11-08,2026-09-27T23:59:00-04:00
github:react/react,2025-11-09,29.0,2025-11-15,2026-09-27T23:59:00-04:00
github:react/react,2025-11-16,21.0,2025-11-22,2026-09-27T23:59:00-04:00
github:react/react,2025-11-23,13.0,2025-11-29,2026-09-27T23:59:00-04:00
github:react/react,2025-11-30,14.0,2025-12-06,2026-09-27T23:59:00-04:00
github:react/react,2025-12-07,21.0,2025-12-13,2026-09-27T23:59:00-04:00
github:react/react,2025-12-14,9.0,2025-12-20,2026-09-27T23:59:00-04:00
github:react/react,2025-12-21,0.0,2025-12-27,2026-09-27T23:59:00-04:00
github:react/react,2025-12-28,0.0,2026-01-03,2026-09-27T23:59:00-04:00
github:react/react,2026-01-04,4.0,2026-01-10,2026-09-27T23:59:00-04:00
github:react/react,2026-01-11,22.0,2026-01-17,2026-09-27T23:59:00-04:00
github:react/react,2026-01-18,25.0,2026-01-24,2026-09-27T23:59:00-04:00
github:react/react,2026-01-25,20.0,2026-01-31,2026-09-27T23:59:00-04:00
github:react/react,2026-02-01,32.0,2026-02-07,2026-09-27T23:59:00-04:00
github:react/react,2026-02-08,22.0,2026-02-14,2026-09-27T23:59:00-04:00
github:react/react,2026-02-15,12.0,2026-02-21,2026-09-27T23:59:00-04:00
github:react/react,2026-02-22,25.0,2026-02-28,2026-09-27T23:59:00-04:00
github:react/react,2026-03-01,13.0,2026-03-07,2026-09-27T23:59:00-04:00
github:react/react,2026-03-08,9.0,2026-03-14,2026-09-27T23:59:00-04:00
github:react/react,2026-03-15,7.0,2026-03-21,2026-09-27T23:59:00-04:00
github:react/react,2026-03-22,12.0,2026-03-28,2026-09-27T23:59:00-04:00
github:react/react,2026-03-29,4.0,2026-04-04,2026-09-27T23:59:00-04:00
github:react/react,2026-04-05,5.0,2026-04-11,2026-09-27T23:59:00-04:00
github:react/react,2026-04-12,17.0,2026-04-18,2026-09-27T23:59:00-04:00
github:react/react,2026-04-19,5.0,2026-04-25,2026-09-27T23:59:00-04:00
github:react/react,2026-04-26,4.0,2026-05-02,2026-09-27T23:59:00-04:00
github:react/react,2026-05-03,3.0,2026-05-09,2026-09-27T23:59:00-04:00
github:react/react,2026-05-10,3.0,2026-05-16,2026-09-27T23:59:00-04:00
github:react/react,2026-05-17,1.0,2026-05-23,2026-09-27T23:59:00-04:00
github:react/react,2026-05-24,12.0,2026-05-30,2026-09-27T23:59:00-04:00
github:react/react,2026-05-31,8.0,2026-06-06,2026-09-27T23:59:00-04:00
github:react/react,2026-06-07,13.0,2026-06-13,2026-09-27T23:59:00-04:00
github:react/react,2026-06-14,15.0,2026-06-20,2026-09-27T23:59:00-04:00
github:react/react,2026-06-21,14.0,2026-06-27,2026-09-27T23:59:00-04:00
github:react/react,2026-06-28,24.0,2026-07-04,2026-09-27T23:59:00-04:00
github:react/react,2026-07-05,28.0,2026-07-11,2026-09-27T23:59:00-04:00
github:react/react,2026-07-12,13.0,2026-07-18,2026-09-27T23:59:00-04:00
github:react/react,2026-07-19,20.0,2026-07-25,2026-09-27T23:59:00-04:00
github:react/react,2026-07-26,17.0,2026-08-01,2026-09-27T23:59:00-04:00
github:react/react,2026-08-02,8.0,2026-08-08,2026-09-27T23:59:00-04:00
github:react/react,2026-08-09,18.0,2026-08-15,2026-09-27T23:59:00-04:00
github:react/react,2026-08-16,4.0,2026-08-22,2026-09-27T23:59:00-04:00
github:react/react,2026-08-23,25.0,2026-08-29,2026-09-27T23:59:00-04:00
github:react/react,2026-08-30,23.0,2026-09-05,2026-09-27T23:59:00-04:00
github:react/react,2026-09-06,17.0,2026-09-12,2026-09-27T23:59:00-04:00
github:react/react,2026-09-13,15.0,2026-09-19,2026-09-27T23:59:00-04:00
github:react/react,2026-09-20,4.0,2026-09-26,2026-09-27T23:59:00-04:00
github:rustdesk/rustdesk,2025-10-05,15.0,2025-10-11,2026-09-27T23:59:00-04:00
github:rustdesk/rustdesk,2025-10-12,24.0,2025-10-18,2026-09-27T23:59:00-04:00
github:rustdesk/rustdesk,2025-10-19,8.0,2025-10-25,2026-09-27T23:59:00-04:00
github:rustdesk/rustdesk,2025-10-26,21.0,2025-11-01,2026-09-27T23:59:00-04:00
github:rustdesk/rustdesk,2025-11-02,23.0,2025-11-08,2026-09-27T23:59:00-04:00
github:rustdesk/rustdesk,2025-11-09,15.0,2025-11-15,2026-09-27T23:59:00-04:00
github:rustdesk/rustdesk,2025-11-16,18.0,2025-11-22,2026-09-27T23:59:00-04:00
github:rustdesk/rustdesk,2025-11-23,5.0,2025-11-29,2026-09-27T23:59:00-04:00
github:rustdesk/rustdesk,2025-11-30,7.0,2025-12-06,2026-09-27T23:59:00-04:00
github:rustdesk/rustdesk,2025-12-07,9.0,2025-12-13,2026-09-27T23:59:00-04:00
github:rustdesk/rustdesk,2025-12-14,7.0,2025-12-20,2026-09-27T23:59:00-04:00
github:rustdesk/rustdesk,2025-12-21,9.0,2025-12-27,2026-09-27T23:59:00-04:00
github:rustdesk/rustdesk,2025-12-28,14.0,2026-01-03,2026-09-27T23:59:00-04:00
github:rustdesk/rustdesk,2026-01-04,13.0,2026-01-10,2026-09-27T23:59:00-04:00
github:rustdesk/rustdesk,2026-01-11,14.0,2026-01-17,2026-09-27T23:59:00-04:00
github:rustdesk/rustdesk,2026-01-18,17.0,2026-01-24,2026-09-27T23:59:00-04:00
github:rustdesk/rustdesk,2026-01-25,24.0,2026-01-31,2026-09-27T23:59:00-04:00
github:rustdesk/rustdesk,2026-02-01,6.0,2026-02-07,2026-09-27T23:59:00-04:00
github:rustdesk/rustdesk,2026-02-08,9.0,2026-02-14,2026-09-27T23:59:00-04:00
github:rustdesk/rustdesk,2026-02-15,8.0,2026-02-21,2026-09-27T23:59:00-04:00
github:rustdesk/rustdesk,2026-02-22,22.0,2026-02-28,2026-09-27T23:59:00-04:00
github:rustdesk/rustdesk,2026-03-01,13.0,2026-03-07,2026-09-27T23:59:00-04:00
github:rustdesk/rustdesk,2026-03-08,10.0,2026-03-14,2026-09-27T23:59:00-04:00
github:rustdesk/rustdesk,2026-03-15,10.0,2026-03-21,2026-09-27T23:59:00-04:00
github:rustdesk/rustdesk,2026-03-22,7.0,2026-03-28,2026-09-27T23:59:00-04:00
github:rustdesk/rustdesk,2026-03-29,10.0,2026-04-04,2026-09-27T23:59:00-04:00
github:rustdesk/rustdesk,2026-04-05,5.0,2026-04-11,2026-09-27T23:59:00-04:00
github:rustdesk/rustdesk,2026-04-12,13.0,2026-04-18,2026-09-27T23:59:00-04:00
github:rustdesk/rustdesk,2026-04-19,16.0,2026-04-25,2026-09-27T23:59:00-04:00
github:rustdesk/rustdesk,2026-04-26,21.0,2026-05-02,2026-09-27T23:59:00-04:00
github:rustdesk/rustdesk,2026-05-03,14.0,2026-05-09,2026-09-27T23:59:00-04:00
github:rustdesk/rustdesk,2026-05-10,15.0,2026-05-16,2026-09-27T23:59:00-04:00
github:rustdesk/rustdesk,2026-05-17,7.0,2026-05-23,2026-09-27T23:59:00-04:00
github:rustdesk/rustdesk,2026-05-24,20.0,2026-05-30,2026-09-27T23:59:00-04:00
github:rustdesk/rustdesk,2026-05-31,21.0,2026-06-06,2026-09-27T23:59:00-04:00
github:rustdesk/rustdesk,2026-06-07,4.0,2026-06-13,2026-09-27T23:59:00-04:00
github:rustdesk/rustdesk,2026-06-14,35.0,2026-06-20,2026-09-27T23:59:00-04:00
github:rustdesk/rustdesk,2026-06-21,21.0,2026-06-27,2026-09-27T23:59:00-04:00
github:rustdesk/rustdesk,2026-06-28,10.0,2026-07-04,2026-09-27T23:59:00-04:00
github:rustdesk/rustdesk,2026-07-05,18.0,2026-07-11,2026-09-27T23:59:00-04:00
github:rustdesk/rustdesk,2026-07-12,8.0,2026-07-18,2026-09-27T23:59:00-04:00
github:rustdesk/rustdesk,2026-07-19,12.0,2026-07-25,2026-09-27T23:59:00-04:00
github:rustdesk/rustdesk,2026-07-26,28.0,2026-08-01,2026-09-27T23:59:00-04:00
github:rustdesk/rustdesk,2026-08-02,37.0,2026-08-08,2026-09-27T23:59:00-04:00
github:rustdesk/rustdesk,2026-08-09,22.0,2026-08-15,2026-09-27T23:59:00-04:00
github:rustdesk/rustdesk,2026-08-16,35.0,2026-08-22,2026-09-27T23:59:00-04:00
github:rustdesk/rustdesk,2026-08-23,17.0,2026-08-29,2026-09-27T23:59:00-04:00
github:rustdesk/rustdesk,2026-08-30,41.0,2026-09-05,2026-09-27T23:59:00-04:00
github:rustdesk/rustdesk,2026-09-06,52.0,2026-09-12,2026-09-27T23:59:00-04:00
github:rustdesk/rustdesk,2026-09-13,56.0,2026-09-19,2026-09-27T23:59:00-04:00
github:rustdesk/rustdesk,2026-09-20,41.0,2026-09-26,2026-09-27T23:59:00-04:00
github:Snailclimb/JavaGuide,2025-10-05,0.0,2025-10-11,2026-09-27T23:59:00-04:00
github:Snailclimb/JavaGuide,2025-10-12,2.0,2025-10-18,2026-09-27T23:59:00-04:00
github:Snailclimb/JavaGuide,2025-10-19,2.0,2025-10-25,2026-09-27T23:59:00-04:00
github:Snailclimb/JavaGuide,2025-10-26,7.0,2025-11-01,2026-09-27T23:59:00-04:00
github:Snailclimb/JavaGuide,2025-11-02,2.0,2025-11-08,2026-09-27T23:59:00-04:00
github:Snailclimb/JavaGuide,2025-11-09,1.0,2025-11-15,2026-09-27T23:59:00-04:00
github:Snailclimb/JavaGuide,2025-11-16,6.0,2025-11-22,2026-09-27T23:59:00-04:00
github:Snailclimb/JavaGuide,2025-11-23,3.0,2025-11-29,2026-09-27T23:59:00-04:00
github:Snailclimb/JavaGuide,2025-11-30,3.0,2025-12-06,2026-09-27T23:59:00-04:00
github:Snailclimb/JavaGuide,2025-12-07,6.0,2025-12-13,2026-09-27T23:59:00-04:00
github:Snailclimb/JavaGuide,2025-12-14,5.0,2025-12-20,2026-09-27T23:59:00-04:00
github:Snailclimb/JavaGuide,2025-12-21,4.0,2025-12-27,2026-09-27T23:59:00-04:00
github:Snailclimb/JavaGuide,2025-12-28,0.0,2026-01-03,2026-09-27T23:59:00-04:00
github:Snailclimb/JavaGuide,2026-01-04,2.0,2026-01-10,2026-09-27T23:59:00-04:00
github:Snailclimb/JavaGuide,2026-01-11,10.0,2026-01-17,2026-09-27T23:59:00-04:00
github:Snailclimb/JavaGuide,2026-01-18,5.0,2026-01-24,2026-09-27T23:59:00-04:00
github:Snailclimb/JavaGuide,2026-01-25,10.0,2026-01-31,2026-09-27T23:59:00-04:00
github:Snailclimb/JavaGuide,2026-02-01,0.0,2026-02-07,2026-09-27T23:59:00-04:00
github:Snailclimb/JavaGuide,2026-02-08,4.0,2026-02-14,2026-09-27T23:59:00-04:00
github:Snailclimb/JavaGuide,2026-02-15,0.0,2026-02-21,2026-09-27T23:59:00-04:00
github:Snailclimb/JavaGuide,2026-02-22,12.0,2026-02-28,2026-09-27T23:59:00-04:00
github:Snailclimb/JavaGuide,2026-03-01,11.0,2026-03-07,2026-09-27T23:59:00-04:00
github:Snailclimb/JavaGuide,2026-03-08,19.0,2026-03-14,2026-09-27T23:59:00-04:00
github:Snailclimb/JavaGuide,2026-03-15,3.0,2026-03-21,2026-09-27T23:59:00-04:00
github:Snailclimb/JavaGuide,2026-03-22,7.0,2026-03-28,2026-09-27T23:59:00-04:00
github:Snailclimb/JavaGuide,2026-03-29,7.0,2026-04-04,2026-09-27T23:59:00-04:00
github:Snailclimb/JavaGuide,2026-04-05,13.0,2026-04-11,2026-09-27T23:59:00-04:00
github:Snailclimb/JavaGuide,2026-04-12,14.0,2026-04-18,2026-09-27T23:59:00-04:00
github:Snailclimb/JavaGuide,2026-04-19,6.0,2026-04-25,2026-09-27T23:59:00-04:00
github:Snailclimb/JavaGuide,2026-04-26,5.0,2026-05-02,2026-09-27T23:59:00-04:00
github:Snailclimb/JavaGuide,2026-05-03,31.0,2026-05-09,2026-09-27T23:59:00-04:00
github:Snailclimb/JavaGuide,2026-05-10,20.0,2026-05-16,2026-09-27T23:59:00-04:00
github:Snailclimb/JavaGuide,2026-05-17,24.0,2026-05-23,2026-09-27T23:59:00-04:00
github:Snailclimb/JavaGuide,2026-05-24,20.0,2026-05-30,2026-09-27T23:59:00-04:00
github:Snailclimb/JavaGuide,2026-05-31,4.0,2026-06-06,2026-09-27T23:59:00-04:00
github:Snailclimb/JavaGuide,2026-06-07,24.0,2026-06-13,2026-09-27T23:59:00-04:00
github:Snailclimb/JavaGuide,2026-06-14,10.0,2026-06-20,2026-09-27T23:59:00-04:00
github:Snailclimb/JavaGuide,2026-06-21,8.0,2026-06-27,2026-09-27T23:59:00-04:00
github:Snailclimb/JavaGuide,2026-06-28,1.0,2026-07-04,2026-09-27T23:59:00-04:00
github:Snailclimb/JavaGuide,2026-07-05,5.0,2026-07-11,2026-09-27T23:59:00-04:00
github:Snailclimb/JavaGuide,2026-07-12,0.0,2026-07-18,2026-09-27T23:59:00-04:00
github:Snailclimb/JavaGuide,2026-07-19,8.0,2026-07-25,2026-09-27T23:59:00-04:00
github:Snailclimb/JavaGuide,2026-07-26,6.0,2026-08-01,2026-09-27T23:59:00-04:00
github:Snailclimb/JavaGuide,2026-08-02,8.0,2026-08-08,2026-09-27T23:59:00-04:00
github:Snailclimb/JavaGuide,2026-08-09,3.0,2026-08-15,2026-09-27T23:59:00-04:00
github:Snailclimb/JavaGuide,2026-08-16,13.0,2026-08-22,2026-09-27T23:59:00-04:00
github:Snailclimb/JavaGuide,2026-08-23,8.0,2026-08-29,2026-09-27T23:59:00-04:00
github:Snailclimb/JavaGuide,2026-08-30,4.0,2026-09-05,2026-09-27T23:59:00-04:00
github:Snailclimb/JavaGuide,2026-09-06,0.0,2026-09-12,2026-09-27T23:59:00-04:00
github:Snailclimb/JavaGuide,2026-09-13,2.0,2026-09-19,2026-09-27T23:59:00-04:00
github:Snailclimb/JavaGuide,2026-09-20,6.0,2026-09-26,2026-09-27T23:59:00-04:00
github:trekhleb/javascript-algorithms,2025-10-05,0.0,2025-10-11,2026-09-27T23:59:00-04:00
github:trekhleb/javascript-algorithms,2025-10-12,0.0,2025-10-18,2026-09-27T23:59:00-04:00
github:trekhleb/javascript-algorithms,2025-10-19,1.0,2025-10-25,2026-09-27T23:59:00-04:00
github:trekhleb/javascript-algorithms,2025-10-26,0.0,2025-11-01,2026-09-27T23:59:00-04:00
github:trekhleb/javascript-algorithms,2025-11-02,5.0,2025-11-08,2026-09-27T23:59:00-04:00
github:trekhleb/javascript-algorithms,2025-11-09,1.0,2025-11-15,2026-09-27T23:59:00-04:00
github:trekhleb/javascript-algorithms,2025-11-16,1.0,2025-11-22,2026-09-27T23:59:00-04:00
github:trekhleb/javascript-algorithms,2025-11-23,0.0,2025-11-29,2026-09-27T23:59:00-04:00
github:trekhleb/javascript-algorithms,2025-11-30,0.0,2025-12-06,2026-09-27T23:59:00-04:00
github:trekhleb/javascript-algorithms,2025-12-07,0.0,2025-12-13,2026-09-27T23:59:00-04:00
github:trekhleb/javascript-algorithms,2025-12-14,0.0,2025-12-20,2026-09-27T23:59:00-04:00
github:trekhleb/javascript-algorithms,2025-12-21,0.0,2025-12-27,2026-09-27T23:59:00-04:00
github:trekhleb/javascript-algorithms,2025-12-28,0.0,2026-01-03,2026-09-27T23:59:00-04:00
github:trekhleb/javascript-algorithms,2026-01-04,0.0,2026-01-10,2026-09-27T23:59:00-04:00
github:trekhleb/javascript-algorithms,2026-01-11,0.0,2026-01-17,2026-09-27T23:59:00-04:00
github:trekhleb/javascript-algorithms,2026-01-18,0.0,2026-01-24,2026-09-27T23:59:00-04:00
github:trekhleb/javascript-algorithms,2026-01-25,0.0,2026-01-31,2026-09-27T23:59:00-04:00
github:trekhleb/javascript-algorithms,2026-02-01,0.0,2026-02-07,2026-09-27T23:59:00-04:00
github:trekhleb/javascript-algorithms,2026-02-08,0.0,2026-02-14,2026-09-27T23:59:00-04:00
github:trekhleb/javascript-algorithms,2026-02-15,2.0,2026-02-21,2026-09-27T23:59:00-04:00
github:trekhleb/javascript-algorithms,2026-02-22,0.0,2026-02-28,2026-09-27T23:59:00-04:00
github:trekhleb/javascript-algorithms,2026-03-01,0.0,2026-03-07,2026-09-27T23:59:00-04:00
github:trekhleb/javascript-algorithms,2026-03-08,0.0,2026-03-14,2026-09-27T23:59:00-04:00
github:trekhleb/javascript-algorithms,2026-03-15,1.0,2026-03-21,2026-09-27T23:59:00-04:00
github:trekhleb/javascript-algorithms,2026-03-22,0.0,2026-03-28,2026-09-27T23:59:00-04:00
github:trekhleb/javascript-algorithms,2026-03-29,0.0,2026-04-04,2026-09-27T23:59:00-04:00
github:trekhleb/javascript-algorithms,2026-04-05,0.0,2026-04-11,2026-09-27T23:59:00-04:00
github:trekhleb/javascript-algorithms,2026-04-12,0.0,2026-04-18,2026-09-27T23:59:00-04:00
github:trekhleb/javascript-algorithms,2026-04-19,0.0,2026-04-25,2026-09-27T23:59:00-04:00
github:trekhleb/javascript-algorithms,2026-04-26,0.0,2026-05-02,2026-09-27T23:59:00-04:00
github:trekhleb/javascript-algorithms,2026-05-03,1.0,2026-05-09,2026-09-27T23:59:00-04:00
github:trekhleb/javascript-algorithms,2026-05-10,1.0,2026-05-16,2026-09-27T23:59:00-04:00
github:trekhleb/javascript-algorithms,2026-05-17,1.0,2026-05-23,2026-09-27T23:59:00-04:00
github:trekhleb/javascript-algorithms,2026-05-24,5.0,2026-05-30,2026-09-27T23:59:00-04:00
github:trekhleb/javascript-algorithms,2026-05-31,0.0,2026-06-06,2026-09-27T23:59:00-04:00
github:trekhleb/javascript-algorithms,2026-06-07,2.0,2026-06-13,2026-09-27T23:59:00-04:00
github:trekhleb/javascript-algorithms,2026-06-14,2.0,2026-06-20,2026-09-27T23:59:00-04:00
github:trekhleb/javascript-algorithms,2026-06-21,1.0,2026-06-27,2026-09-27T23:59:00-04:00
github:trekhleb/javascript-algorithms,2026-06-28,0.0,2026-07-04,2026-09-27T23:59:00-04:00
github:trekhleb/javascript-algorithms,2026-07-05,0.0,2026-07-11,2026-09-27T23:59:00-04:00
github:trekhleb/javascript-algorithms,2026-07-12,0.0,2026-07-18,2026-09-27T23:59:00-04:00
github:trekhleb/javascript-algorithms,2026-07-19,3.0,2026-07-25,2026-09-27T23:59:00-04:00
github:trekhleb/javascript-algorithms,2026-07-26,0.0,2026-08-01,2026-09-27T23:59:00-04:00
github:trekhleb/javascript-algorithms,2026-08-02,0.0,2026-08-08,2026-09-27T23:59:00-04:00
github:trekhleb/javascript-algorithms,2026-08-09,0.0,2026-08-15,2026-09-27T23:59:00-04:00
github:trekhleb/javascript-algorithms,2026-08-16,0.0,2026-08-22,2026-09-27T23:59:00-04:00
github:trekhleb/javascript-algorithms,2026-08-23,0.0,2026-08-29,2026-09-27T23:59:00-04:00
github:trekhleb/javascript-algorithms,2026-08-30,0.0,2026-09-05,2026-09-27T23:59:00-04:00
github:trekhleb/javascript-algorithms,2026-09-06,0.0,2026-09-12,2026-09-27T23:59:00-04:00
github:trekhleb/javascript-algorithms,2026-09-13,0.0,2026-09-19,2026-09-27T23:59:00-04:00
github:trekhleb/javascript-algorithms,2026-09-20,0.0,2026-09-26,2026-09-27T23:59:00-04:00
github:ultraworkers/claw-code,2025-10-05,0.0,2025-10-11,2026-09-27T23:59:00-04:00
github:ultraworkers/claw-code,2025-10-12,0.0,2025-10-18,2026-09-27T23:59:00-04:00
github:ultraworkers/claw-code,2025-10-19,0.0,2025-10-25,2026-09-27T23:59:00-04:00
github:ultraworkers/claw-code,2025-10-26,0.0,2025-11-01,2026-09-27T23:59:00-04:00
github:ultraworkers/claw-code,2025-11-02,0.0,2025-11-08,2026-09-27T23:59:00-04:00
github:ultraworkers/claw-code,2025-11-09,0.0,2025-11-15,2026-09-27T23:59:00-04:00
github:ultraworkers/claw-code,2025-11-16,0.0,2025-11-22,2026-09-27T23:59:00-04:00
github:ultraworkers/claw-code,2025-11-23,0.0,2025-11-29,2026-09-27T23:59:00-04:00
github:ultraworkers/claw-code,2025-11-30,0.0,2025-12-06,2026-09-27T23:59:00-04:00
github:ultraworkers/claw-code,2025-12-07,0.0,2025-12-13,2026-09-27T23:59:00-04:00
github:ultraworkers/claw-code,2025-12-14,0.0,2025-12-20,2026-09-27T23:59:00-04:00
github:ultraworkers/claw-code,2025-12-21,0.0,2025-12-27,2026-09-27T23:59:00-04:00
github:ultraworkers/claw-code,2025-12-28,0.0,2026-01-03,2026-09-27T23:59:00-04:00
github:ultraworkers/claw-code,2026-01-04,0.0,2026-01-10,2026-09-27T23:59:00-04:00
github:ultraworkers/claw-code,2026-01-11,0.0,2026-01-17,2026-09-27T23:59:00-04:00
github:ultraworkers/claw-code,2026-01-18,0.0,2026-01-24,2026-09-27T23:59:00-04:00
github:ultraworkers/claw-code,2026-01-25,0.0,2026-01-31,2026-09-27T23:59:00-04:00
github:ultraworkers/claw-code,2026-02-01,0.0,2026-02-07,2026-09-27T23:59:00-04:00
github:ultraworkers/claw-code,2026-02-08,0.0,2026-02-14,2026-09-27T23:59:00-04:00
github:ultraworkers/claw-code,2026-02-15,0.0,2026-02-21,2026-09-27T23:59:00-04:00
github:ultraworkers/claw-code,2026-02-22,0.0,2026-02-28,2026-09-27T23:59:00-04:00
github:ultraworkers/claw-code,2026-03-01,0.0,2026-03-07,2026-09-27T23:59:00-04:00
github:ultraworkers/claw-code,2026-03-08,0.0,2026-03-14,2026-09-27T23:59:00-04:00
github:ultraworkers/claw-code,2026-03-15,0.0,2026-03-21,2026-09-27T23:59:00-04:00
github:ultraworkers/claw-code,2026-03-22,0.0,2026-03-28,2026-09-27T23:59:00-04:00
github:ultraworkers/claw-code,2026-03-29,400.0,2026-04-04,2026-09-27T23:59:00-04:00
github:ultraworkers/claw-code,2026-04-05,235.0,2026-04-11,2026-09-27T23:59:00-04:00
github:ultraworkers/claw-code,2026-04-12,95.0,2026-04-18,2026-09-27T23:59:00-04:00
github:ultraworkers/claw-code,2026-04-19,59.0,2026-04-25,2026-09-27T23:59:00-04:00
github:ultraworkers/claw-code,2026-04-26,49.0,2026-05-02,2026-09-27T23:59:00-04:00
github:ultraworkers/claw-code,2026-05-03,18.0,2026-05-09,2026-09-27T23:59:00-04:00
github:ultraworkers/claw-code,2026-05-10,210.0,2026-05-16,2026-09-27T23:59:00-04:00
github:ultraworkers/claw-code,2026-05-17,0.0,2026-05-23,2026-09-27T23:59:00-04:00
github:ultraworkers/claw-code,2026-05-24,242.0,2026-05-30,2026-09-27T23:59:00-04:00
github:ultraworkers/claw-code,2026-05-31,144.0,2026-06-06,2026-09-27T23:59:00-04:00
github:ultraworkers/claw-code,2026-06-07,8.0,2026-06-13,2026-09-27T23:59:00-04:00
github:ultraworkers/claw-code,2026-06-14,1.0,2026-06-20,2026-09-27T23:59:00-04:00
github:ultraworkers/claw-code,2026-06-21,1.0,2026-06-27,2026-09-27T23:59:00-04:00
github:ultraworkers/claw-code,2026-06-28,0.0,2026-07-04,2026-09-27T23:59:00-04:00
github:ultraworkers/claw-code,2026-07-05,0.0,2026-07-11,2026-09-27T23:59:00-04:00
github:ultraworkers/claw-code,2026-07-12,0.0,2026-07-18,2026-09-27T23:59:00-04:00
github:ultraworkers/claw-code,2026-07-19,0.0,2026-07-25,2026-09-27T23:59:00-04:00
github:ultraworkers/claw-code,2026-07-26,3.0,2026-08-01,2026-09-27T23:59:00-04:00
github:ultraworkers/claw-code,2026-08-02,1.0,2026-08-08,2026-09-27T23:59:00-04:00
github:ultraworkers/claw-code,2026-08-09,0.0,2026-08-15,2026-09-27T23:59:00-04:00
github:ultraworkers/claw-code,2026-08-16,1.0,2026-08-22,2026-09-27T23:59:00-04:00
github:ultraworkers/claw-code,2026-08-23,0.0,2026-08-29,2026-09-27T23:59:00-04:00
github:ultraworkers/claw-code,2026-08-30,0.0,2026-09-05,2026-09-27T23:59:00-04:00
github:ultraworkers/claw-code,2026-09-06,0.0,2026-09-12,2026-09-27T23:59:00-04:00
github:ultraworkers/claw-code,2026-09-13,0.0,2026-09-19,2026-09-27T23:59:00-04:00
github:ultraworkers/claw-code,2026-09-20,0.0,2026-09-26,2026-09-27T23:59:00-04:00
github:vinta/awesome-python,2025-10-05,0.0,2025-10-11,2026-09-27T23:59:00-04:00
github:vinta/awesome-python,2025-10-12,0.0,2025-10-18,2026-09-27T23:59:00-04:00
github:vinta/awesome-python,2025-10-19,1.0,2025-10-25,2026-09-27T23:59:00-04:00
github:vinta/awesome-python,2025-10-26,1.0,2025-11-01,2026-09-27T23:59:00-04:00
github:vinta/awesome-python,2025-11-02,1.0,2025-11-08,2026-09-27T23:59:00-04:00
github:vinta/awesome-python,2025-11-09,2.0,2025-11-15,2026-09-27T23:59:00-04:00
github:vinta/awesome-python,2025-11-16,0.0,2025-11-22,2026-09-27T23:59:00-04:00
github:vinta/awesome-python,2025-11-23,0.0,2025-11-29,2026-09-27T23:59:00-04:00
github:vinta/awesome-python,2025-11-30,2.0,2025-12-06,2026-09-27T23:59:00-04:00
github:vinta/awesome-python,2025-12-07,2.0,2025-12-13,2026-09-27T23:59:00-04:00
github:vinta/awesome-python,2025-12-14,2.0,2025-12-20,2026-09-27T23:59:00-04:00
github:vinta/awesome-python,2025-12-21,2.0,2025-12-27,2026-09-27T23:59:00-04:00
github:vinta/awesome-python,2025-12-28,0.0,2026-01-03,2026-09-27T23:59:00-04:00
github:vinta/awesome-python,2026-01-04,57.0,2026-01-10,2026-09-27T23:59:00-04:00
github:vinta/awesome-python,2026-01-11,29.0,2026-01-17,2026-09-27T23:59:00-04:00
github:vinta/awesome-python,2026-01-18,8.0,2026-01-24,2026-09-27T23:59:00-04:00
github:vinta/awesome-python,2026-01-25,13.0,2026-01-31,2026-09-27T23:59:00-04:00
github:vinta/awesome-python,2026-02-01,12.0,2026-02-07,2026-09-27T23:59:00-04:00
github:vinta/awesome-python,2026-02-08,7.0,2026-02-14,2026-09-27T23:59:00-04:00
github:vinta/awesome-python,2026-02-15,7.0,2026-02-21,2026-09-27T23:59:00-04:00
github:vinta/awesome-python,2026-02-22,1.0,2026-02-28,2026-09-27T23:59:00-04:00
github:vinta/awesome-python,2026-03-01,5.0,2026-03-07,2026-09-27T23:59:00-04:00
github:vinta/awesome-python,2026-03-08,4.0,2026-03-14,2026-09-27T23:59:00-04:00
github:vinta/awesome-python,2026-03-15,102.0,2026-03-21,2026-09-27T23:59:00-04:00
github:vinta/awesome-python,2026-03-22,148.0,2026-03-28,2026-09-27T23:59:00-04:00
github:vinta/awesome-python,2026-03-29,16.0,2026-04-04,2026-09-27T23:59:00-04:00
github:vinta/awesome-python,2026-04-05,6.0,2026-04-11,2026-09-27T23:59:00-04:00
github:vinta/awesome-python,2026-04-12,9.0,2026-04-18,2026-09-27T23:59:00-04:00
github:vinta/awesome-python,2026-04-19,60.0,2026-04-25,2026-09-27T23:59:00-04:00
github:vinta/awesome-python,2026-04-26,11.0,2026-05-02,2026-09-27T23:59:00-04:00
github:vinta/awesome-python,2026-05-03,65.0,2026-05-09,2026-09-27T23:59:00-04:00
github:vinta/awesome-python,2026-05-10,4.0,2026-05-16,2026-09-27T23:59:00-04:00
github:vinta/awesome-python,2026-05-17,7.0,2026-05-23,2026-09-27T23:59:00-04:00
github:vinta/awesome-python,2026-05-24,6.0,2026-05-30,2026-09-27T23:59:00-04:00
github:vinta/awesome-python,2026-05-31,5.0,2026-06-06,2026-09-27T23:59:00-04:00
github:vinta/awesome-python,2026-06-07,11.0,2026-06-13,2026-09-27T23:59:00-04:00
github:vinta/awesome-python,2026-06-14,0.0,2026-06-20,2026-09-27T23:59:00-04:00
github:vinta/awesome-python,2026-06-21,2.0,2026-06-27,2026-09-27T23:59:00-04:00
github:vinta/awesome-python,2026-06-28,5.0,2026-07-04,2026-09-27T23:59:00-04:00
github:vinta/awesome-python,2026-07-05,7.0,2026-07-11,2026-09-27T23:59:00-04:00
github:vinta/awesome-python,2026-07-12,3.0,2026-07-18,2026-09-27T23:59:00-04:00
github:vinta/awesome-python,2026-07-19,4.0,2026-07-25,2026-09-27T23:59:00-04:00
github:vinta/awesome-python,2026-07-26,1.0,2026-08-01,2026-09-27T23:59:00-04:00
github:vinta/awesome-python,2026-08-02,2.0,2026-08-08,2026-09-27T23:59:00-04:00
github:vinta/awesome-python,2026-08-09,26.0,2026-08-15,2026-09-27T23:59:00-04:00
github:vinta/awesome-python,2026-08-16,159.0,2026-08-22,2026-09-27T23:59:00-04:00
github:vinta/awesome-python,2026-08-23,19.0,2026-08-29,2026-09-27T23:59:00-04:00
github:vinta/awesome-python,2026-08-30,1.0,2026-09-05,2026-09-27T23:59:00-04:00
github:vinta/awesome-python,2026-09-06,2.0,2026-09-12,2026-09-27T23:59:00-04:00
github:vinta/awesome-python,2026-09-13,2.0,2026-09-19,2026-09-27T23:59:00-04:00
github:vinta/awesome-python,2026-09-20,24.0,2026-09-26,2026-09-27T23:59:00-04:00
