\\Hourly Demand Report,,,
\\Created at 2026-09-27 07:30:15,,,
\\For 2026,,,
Date,Hour,Market Demand,Ontario Demand
2026-01-01,1,19489,16526
2026-01-01,2,19317,16374
2026-01-01,3,19326,16242
2026-01-01,4,19070,16155
2026-01-01,5,19109,16180
2026-01-01,6,19337,16385
2026-01-01,7,20047,16739
2026-01-01,8,20793,17205
2026-01-01,9,20831,17427
2026-01-01,10,20887,17639
2026-01-01,11,20965,17749
2026-01-01,12,21197,17948
2026-01-01,13,21326,18013
2026-01-01,14,21011,17692
2026-01-01,15,21358,17889
2026-01-01,16,22115,18583
2026-01-01,17,22827,19229
2026-01-01,18,23734,19910
2026-01-01,19,23255,19435
2026-01-01,20,23209,19152
2026-01-01,21,22880,18778
2026-01-01,22,22154,18273
2026-01-01,23,20942,17718
2026-01-01,24,20265,17182
2026-01-02,1,19723,16756
2026-01-02,2,19306,16405
2026-01-02,3,19237,16227
2026-01-02,4,19132,16133
2026-01-02,5,19147,16215
2026-01-02,6,19839,16606
2026-01-02,7,20714,17354
2026-01-02,8,21522,18149
2026-01-02,9,21697,18542
2026-01-02,10,22023,18858
2026-01-02,11,22113,18989
2026-01-02,12,21957,18836
2026-01-02,13,21993,18770
2026-01-02,14,21746,18509
2026-01-02,15,21624,18354
2026-01-02,16,22118,18969
2026-01-02,17,22623,19567
2026-01-02,18,23483,20268
2026-01-02,19,23308,20113
2026-01-02,20,22921,19710
2026-01-02,21,22647,19556
2026-01-02,22,22068,18850
2026-01-02,23,21076,18137
2026-01-02,24,20850,17807
2026-01-03,1,20565,17430
2026-01-03,2,20087,16937
2026-01-03,3,20011,16772
2026-01-03,4,19618,16428
2026-01-03,5,19615,16439
2026-01-03,6,19753,16395
2026-01-03,7,20143,16763
2026-01-03,8,20698,17451
2026-01-03,9,21234,17894
2026-01-03,10,21480,18317
2026-01-03,11,21654,18689
2026-01-03,12,21952,18925
2026-01-03,13,22185,19110
2026-01-03,14,22394,19269
2026-01-03,15,22183,19068
2026-01-03,16,22540,19439
2026-01-03,17,23067,19931
2026-01-03,18,23249,20512
2026-01-03,19,23056,20176
2026-01-03,20,22527,19661
2026-01-03,21,22289,19293
2026-01-03,22,21667,18595
2026-01-03,23,21177,18248
2026-01-03,24,20613,17652
2026-01-04,1,20073,17124
2026-01-04,2,19724,16711
2026-01-04,3,19330,16475
2026-01-04,4,19439,16452
2026-01-04,5,19695,16511
2026-01-04,6,19848,16613
2026-01-04,7,20043,16881
2026-01-04,8,20589,17383
2026-01-04,9,21061,17956
2026-01-04,10,21408,18300
2026-01-04,11,21635,18598
2026-01-04,12,21948,18943
2026-01-04,13,21928,18961
2026-01-04,14,22145,19024
2026-01-04,15,22415,19276
2026-01-04,16,22645,19529
2026-01-04,17,22893,20083
2026-01-04,18,23147,20708
2026-01-04,19,22750,20296
2026-01-04,20,22414,19861
2026-01-04,21,21880,19473
2026-01-04,22,21390,18924
2026-01-04,23,20787,18106
2026-01-04,24,20272,17313
2026-01-05,1,20045,17063
2026-01-05,2,19562,16605
2026-01-05,3,19233,16272
2026-01-05,4,19176,16182
2026-01-05,5,19147,16175
2026-01-05,6,19889,16807
2026-01-05,7,21178,17907
2026-01-05,8,22667,19069
2026-01-05,9,23143,19709
2026-01-05,10,22919,19681
2026-01-05,11,23161,19880
2026-01-05,12,23168,19990
2026-01-05,13,23075,19917
2026-01-05,14,23165,20084
2026-01-05,15,23243,20405
2026-01-05,16,23062,20238
2026-01-05,17,22725,20501
2026-01-05,18,22863,20931
2026-01-05,19,22431,20383
2026-01-05,20,22375,20044
2026-01-05,21,22087,19768
2026-01-05,22,21742,19097
2026-01-05,23,20934,18157
2026-01-05,24,20497,17457
2026-01-06,1,19835,16839
2026-01-06,2,19499,16511
2026-01-06,3,19292,16322
2026-01-06,4,19102,16225
2026-01-06,5,19292,16396
2026-01-06,6,19639,16689
2026-01-06,7,20917,17882
2026-01-06,8,22201,19128
2026-01-06,9,22586,19518
2026-01-06,10,22571,19464
2026-01-06,11,22884,19809
2026-01-06,12,22913,19976
2026-01-06,13,23196,20206
2026-01-06,14,23378,20367
2026-01-06,15,23009,19939
2026-01-06,16,23040,20096
2026-01-06,17,22912,20396
2026-01-06,18,22822,20894
2026-01-06,19,21923,20324
2026-01-06,20,21855,20053
2026-01-06,21,21487,19714
2026-01-06,22,21082,18978
2026-01-06,23,20431,17952
2026-01-06,24,19723,17234
2026-01-07,1,19555,16789
2026-01-07,2,19264,16472
2026-01-07,3,18955,16226
2026-01-07,4,18807,16041
2026-01-07,5,18967,16137
2026-01-07,6,19520,16688
2026-01-07,7,20621,17579
2026-01-07,8,21837,18996
2026-01-07,9,22296,19404
2026-01-07,10,22127,19317
2026-01-07,11,21496,19223
2026-01-07,12,21596,19305
2026-01-07,13,21434,19324
2026-01-07,14,21445,19254
2026-01-07,15,21352,19162
2026-01-07,16,21717,19279
2026-01-07,17,21758,19493
2026-01-07,18,22113,19978
2026-01-07,19,21860,19570
2026-01-07,20,21911,19402
2026-01-07,21,21743,19010
2026-01-07,22,20884,18330
2026-01-07,23,20258,17504
2026-01-07,24,19528,16597
2026-01-08,1,19059,16050
2026-01-08,2,18621,15569
2026-01-08,3,18314,15356
2026-01-08,4,18132,15301
2026-01-08,5,18289,15390
2026-01-08,6,18956,15955
2026-01-08,7,20198,17057
2026-01-08,8,21663,18330
2026-01-08,9,21901,18712
2026-01-08,10,21574,18697
2026-01-08,11,20952,18266
2026-01-08,12,20552,17831
2026-01-08,13,20336,17480
2026-01-08,14,20202,17544
2026-01-08,15,20229,17449
2026-01-08,16,20466,17585
2026-01-08,17,21478,18172
2026-01-08,18,21878,18853
2026-01-08,19,21816,18698
2026-01-08,20,21673,18584
2026-01-08,21,21573,18363
2026-01-08,22,21145,17793
2026-01-08,23,19925,16867
2026-01-08,24,18919,15880
2026-01-09,1,18345,15316
2026-01-09,2,17892,14884
2026-01-09,3,18101,14674
2026-01-09,4,18496,14680
2026-01-09,5,18590,14740
2026-01-09,6,18746,15091
2026-01-09,7,19703,16229
2026-01-09,8,20432,17346
2026-01-09,9,20555,17991
2026-01-09,10,20592,17864
2026-01-09,11,20327,17746
2026-01-09,12,20044,17708
2026-01-09,13,19774,17286
2026-01-09,14,19946,17408
2026-01-09,15,20683,17696
2026-01-09,16,20576,17478
2026-01-09,17,21271,18027
2026-01-09,18,21617,18521
2026-01-09,19,21456,18359
2026-01-09,20,21307,18271
2026-01-09,21,20543,17954
2026-01-09,22,19621,17379
2026-01-09,23,18468,16459
2026-01-09,24,18192,15945
2026-01-10,1,17241,15500
2026-01-10,2,16999,14909
2026-01-10,3,16974,14760
2026-01-10,4,17433,14734
2026-01-10,5,17358,14820
2026-01-10,6,17493,14995
2026-01-10,7,17969,15418
2026-01-10,8,18740,16046
2026-01-10,9,19569,16772
2026-01-10,10,20028,17295
2026-01-10,11,20149,17723
2026-01-10,12,20309,17973
2026-01-10,13,20303,18019
2026-01-10,14,20335,18045
2026-01-10,15,20520,18104
2026-01-10,16,20933,18471
2026-01-10,17,21184,18860
2026-01-10,18,21118,19238
2026-01-10,19,20942,18829
2026-01-10,20,20693,18280
2026-01-10,21,19525,17646
2026-01-10,22,19106,17051
2026-01-10,23,18790,16394
2026-01-10,24,18844,15977
2026-01-11,1,18618,15648
2026-01-11,2,18303,15301
2026-01-11,3,17948,15036
2026-01-11,4,17916,14855
2026-01-11,5,17594,14679
2026-01-11,6,17776,14863
2026-01-11,7,17864,15228
2026-01-11,8,18387,15842
2026-01-11,9,18993,16417
2026-01-11,10,19138,16780
2026-01-11,11,19070,16931
2026-01-11,12,19261,17175
2026-01-11,13,19660,17588
2026-01-11,14,19877,17772
2026-01-11,15,20389,18166
2026-01-11,16,20859,18588
2026-01-11,17,21386,19140
2026-01-11,18,21613,19766
2026-01-11,19,21620,19499
2026-01-11,20,21151,19048
2026-01-11,21,21019,18815
2026-01-11,22,20328,18204
2026-01-11,23,19509,17291
2026-01-11,24,18608,16608
2026-01-12,1,18601,16082
2026-01-12,2,18479,15737
2026-01-12,3,18076,15334
2026-01-12,4,18257,15514
2026-01-12,5,18496,15723
2026-01-12,6,19573,16300
2026-01-12,7,21054,17449
2026-01-12,8,22671,18879
2026-01-12,9,22706,19185
2026-01-12,10,22576,19237
2026-01-12,11,22295,19200
2026-01-12,12,22231,19319
2026-01-12,13,21754,19071
2026-01-12,14,21623,19086
2026-01-12,15,21723,19085
2026-01-12,16,22037,19449
2026-01-12,17,22425,19639
2026-01-12,18,22967,20127
2026-01-12,19,22736,19774
2026-01-12,20,22589,19498
2026-01-12,21,22354,19143
2026-01-12,22,21534,18481
2026-01-12,23,20436,17712
2026-01-12,24,19616,16873
2026-01-13,1,18776,16162
2026-01-13,2,18490,15879
2026-01-13,3,18233,15609
2026-01-13,4,18318,15550
2026-01-13,5,18415,15556
2026-01-13,6,18830,16028
2026-01-13,7,20023,17079
2026-01-13,8,20877,18348
2026-01-13,9,20581,18676
2026-01-13,10,20654,18544
2026-01-13,11,20696,18519
2026-01-13,12,20704,18565
2026-01-13,13,20730,18721
2026-01-13,14,20633,18587
2026-01-13,15,20501,18668
2026-01-13,16,20264,18574
2026-01-13,17,20879,18985
2026-01-13,18,21407,19575
2026-01-13,19,21136,19241
2026-01-13,20,21106,19023
2026-01-13,21,21185,18620
2026-01-13,22,20766,17968
2026-01-13,23,19841,16998
2026-01-13,24,18897,16188
2026-01-14,1,18283,15582
2026-01-14,2,17879,15154
2026-01-14,3,17881,14832
2026-01-14,4,18193,14815
2026-01-14,5,18371,14902
2026-01-14,6,18748,15501
2026-01-14,7,19733,16756
2026-01-14,8,20759,18078
2026-01-14,9,20726,18706
2026-01-14,10,20613,18686
2026-01-14,11,20675,18640
2026-01-14,12,20798,18680
2026-01-14,13,20626,18634
2026-01-14,14,21363,18794
2026-01-14,15,21587,19029
2026-01-14,16,21917,19197
2026-01-14,17,22382,19594
2026-01-14,18,22361,20124
2026-01-14,19,22638,19733
2026-01-14,20,22612,19679
2026-01-14,21,22232,19418
2026-01-14,22,21607,18813
2026-01-14,23,20760,18128
2026-01-14,24,20647,17750
2026-01-15,1,20391,17307
2026-01-15,2,20160,17053
2026-01-15,3,20031,16775
2026-01-15,4,19941,16695
2026-01-15,5,20384,17021
2026-01-15,6,21208,17550
2026-01-15,7,22357,18595
2026-01-15,8,23052,19481
2026-01-15,9,22962,19998
2026-01-15,10,23369,20512
2026-01-15,11,23729,20896
2026-01-15,12,23796,21110
2026-01-15,13,23694,21026
2026-01-15,14,23356,20808
2026-01-15,15,23094,20584
2026-01-15,16,23144,20546
2026-01-15,17,23416,21077
2026-01-15,18,23762,21616
2026-01-15,19,23522,21464
2026-01-15,20,23322,21090
2026-01-15,21,22511,20606
2026-01-15,22,22125,20061
2026-01-15,23,21693,19230
2026-01-15,24,21232,18367
2026-01-16,1,20807,17850
2026-01-16,2,20652,17562
2026-01-16,3,20354,17267
2026-01-16,4,20503,17278
2026-01-16,5,20724,17438
2026-01-16,6,21402,18032
2026-01-16,7,22437,19092
2026-01-16,8,23376,19984
2026-01-16,9,23330,20453
2026-01-16,10,22936,20495
2026-01-16,11,23465,20529
2026-01-16,12,23689,20522
2026-01-16,13,23694,20455
2026-01-16,14,23398,20357
2026-01-16,15,23395,20329
2026-01-16,16,23758,20381
2026-01-16,17,23981,20595
2026-01-16,18,24088,20958
2026-01-16,19,23867,20636
2026-01-16,20,23248,20280
2026-01-16,21,22986,19931
2026-01-16,22,22576,19355
2026-01-16,23,21574,18472
2026-01-16,24,20529,17642
2026-01-17,1,19959,16950
2026-01-17,2,19726,16514
2026-01-17,3,19543,16262
2026-01-17,4,19315,16016
2026-01-17,5,19401,16051
2026-01-17,6,19524,16133
2026-01-17,7,19847,16493
2026-01-17,8,20386,17175
2026-01-17,9,20422,17781
2026-01-17,10,20702,18461
2026-01-17,11,21005,18822
2026-01-17,12,21022,18894
2026-01-17,13,20549,18484
2026-01-17,14,20307,18274
2026-01-17,15,19980,17777
2026-01-17,16,20151,17974
2026-01-17,17,20873,18646
2026-01-17,18,22154,19428
2026-01-17,19,22074,19383
2026-01-17,20,22314,18990
2026-01-17,21,21951,18560
2026-01-17,22,21445,18173
2026-01-17,23,20940,17509
2026-01-17,24,20028,16898
2026-01-18,1,19586,16457
2026-01-18,2,19244,16115
2026-01-18,3,19167,15965
2026-01-18,4,19179,15913
2026-01-18,5,19375,15842
2026-01-18,6,19761,16187
2026-01-18,7,20327,16534
2026-01-18,8,21133,17166
2026-01-18,9,21506,17837
2026-01-18,10,21832,18396
2026-01-18,11,21604,18589
2026-01-18,12,21453,18523
2026-01-18,13,21108,18559
2026-01-18,14,20927,18595
2026-01-18,15,21313,18655
2026-01-18,16,21810,19125
2026-01-18,17,22087,19622
2026-01-18,18,22843,20519
2026-01-18,19,23017,20325
2026-01-18,20,23073,19812
2026-01-18,21,22871,19520
2026-01-18,22,22385,18899
2026-01-18,23,21581,18256
2026-01-18,24,20964,17742
2026-01-19,1,20144,16971
2026-01-19,2,19900,16745
2026-01-19,3,19832,16629
2026-01-19,4,19794,16583
2026-01-19,5,20018,16689
2026-01-19,6,20802,17282
2026-01-19,7,21583,18357
2026-01-19,8,22231,19521
2026-01-19,9,22565,20089
2026-01-19,10,22708,20138
2026-01-19,11,22607,20156
2026-01-19,12,22429,19741
2026-01-19,13,22442,19649
2026-01-19,14,22512,19573
2026-01-19,15,22606,19510
2026-01-19,16,22876,19853
2026-01-19,17,23115,20466
2026-01-19,18,24317,21400
2026-01-19,19,24330,21213
2026-01-19,20,23500,20900
2026-01-19,21,23157,20563
2026-01-19,22,22555,19964
2026-01-19,23,22346,19363
2026-01-19,24,22150,18591
2026-01-20,1,21814,17974
2026-01-20,2,21689,17624
2026-01-20,3,21681,17540
2026-01-20,4,21736,17384
2026-01-20,5,21947,17562
2026-01-20,6,22183,18204
2026-01-20,7,23350,19292
2026-01-20,8,24244,20596
2026-01-20,9,23719,20982
2026-01-20,10,23581,20716
2026-01-20,11,22792,20207
2026-01-20,12,22137,19613
2026-01-20,13,21927,19339
2026-01-20,14,22303,19196
2026-01-20,15,22555,19275
2026-01-20,16,23027,19720
2026-01-20,17,23796,20458
2026-01-20,18,24247,21199
2026-01-20,19,24747,21517
2026-01-20,20,24675,21314
2026-01-20,21,24303,21114
2026-01-20,22,24027,20443
2026-01-20,23,23308,19688
2026-01-20,24,22768,18788
2026-01-21,1,21999,18135
2026-01-21,2,21538,17710
2026-01-21,3,21272,17498
2026-01-21,4,20916,17304
2026-01-21,5,20970,17248
2026-01-21,6,21412,17694
2026-01-21,7,22310,18790
2026-01-21,8,23569,20053
2026-01-21,9,23567,20489
2026-01-21,10,23568,20346
2026-01-21,11,23471,20330
2026-01-21,12,23596,20309
2026-01-21,13,23665,20257
2026-01-21,14,23383,20288
2026-01-21,15,23288,20278
2026-01-21,16,23330,20372
2026-01-21,17,23613,20932
2026-01-21,18,23385,21128
2026-01-21,19,23222,20868
2026-01-21,20,23097,20557
2026-01-21,21,22783,20094
2026-01-21,22,22289,19365
2026-01-21,23,21456,18385
2026-01-21,24,20747,17485
2026-01-22,1,19987,16847
2026-01-22,2,19504,16561
2026-01-22,3,19303,16365
2026-01-22,4,19221,16284
2026-01-22,5,19120,16222
2026-01-22,6,19594,16782
2026-01-22,7,21216,18073
2026-01-22,8,22136,19353
2026-01-22,9,22624,19775
2026-01-22,10,22212,19581
2026-01-22,11,21541,19039
2026-01-22,12,21184,18718
2026-01-22,13,21091,18619
2026-01-22,14,21208,18629
2026-01-22,15,21611,18837
2026-01-22,16,22124,19522
2026-01-22,17,22712,20127
2026-01-22,18,23143,20832
2026-01-22,19,23191,20869
2026-01-22,20,23115,20635
2026-01-22,21,23089,20482
2026-01-22,22,22896,19963
2026-01-22,23,21891,18996
2026-01-22,24,21703,18220
2026-01-23,1,21404,17678
2026-01-23,2,21078,17366
2026-01-23,3,20893,17172
2026-01-23,4,20567,17098
2026-01-23,5,20642,17233
2026-01-23,6,20677,17764
2026-01-23,7,22003,18881
2026-01-23,8,23166,19922
2026-01-23,9,23521,20426
2026-01-23,10,23175,20287
2026-01-23,11,22999,20031
2026-01-23,12,22725,19771
2026-01-23,13,22505,19669
2026-01-23,14,22639,19722
2026-01-23,15,23117,20228
2026-01-23,16,23779,20669
2026-01-23,17,23842,21334
2026-01-23,18,24276,21946
2026-01-23,19,24272,22042
2026-01-23,20,24308,21841
2026-01-23,21,24367,21559
2026-01-23,22,24149,20931
2026-01-23,23,23209,20170
2026-01-23,24,22493,19554
2026-01-24,1,21794,18894
2026-01-24,2,21793,18478
2026-01-24,3,21388,18174
2026-01-24,4,21556,18147
2026-01-24,5,21489,18187
2026-01-24,6,21460,18369
2026-01-24,7,21840,18752
2026-01-24,8,22369,19592
2026-01-24,9,22410,20043
2026-01-24,10,21289,20159
2026-01-24,11,21105,20054
2026-01-24,12,21903,19933
2026-01-24,13,21899,19543
2026-01-24,14,21576,19517
2026-01-24,15,21845,19930
2026-01-24,16,22698,20132
2026-01-24,17,23102,20765
2026-01-24,18,23788,21477
2026-01-24,19,23542,21464
2026-01-24,20,22944,21059
2026-01-24,21,22660,20543
2026-01-24,22,22657,20007
2026-01-24,23,22181,19417
2026-01-24,24,21556,18673
2026-01-25,1,21173,18090
2026-01-25,2,21118,17798
2026-01-25,3,20789,17486
2026-01-25,4,20616,17411
2026-01-25,5,20838,17555
2026-01-25,6,20844,17416
2026-01-25,7,21506,17865
2026-01-25,8,21766,18595
2026-01-25,9,22267,18920
2026-01-25,10,22107,19471
2026-01-25,11,23538,20090
2026-01-25,12,24021,20552
2026-01-25,13,24131,20849
2026-01-25,14,24165,20957
2026-01-25,15,23999,21045
2026-01-25,16,24408,21048
2026-01-25,17,24227,21331
2026-01-25,18,24204,21675
2026-01-25,19,24384,21751
2026-01-25,20,24330,21038
2026-01-25,21,23437,20528
2026-01-25,22,22834,19862
2026-01-25,23,22428,18976
2026-01-25,24,21586,18308
2026-01-26,1,20486,18022
2026-01-26,2,20189,17592
2026-01-26,3,20146,17499
2026-01-26,4,20097,17349
2026-01-26,5,20623,17514
2026-01-26,6,20430,17944
2026-01-26,7,21480,19114
2026-01-26,8,22122,20024
2026-01-26,9,22507,20488
2026-01-26,10,22625,20743
2026-01-26,11,22511,20577
2026-01-26,12,22491,20289
2026-01-26,13,22647,20388
2026-01-26,14,22870,20239
2026-01-26,15,22762,20134
2026-01-26,16,22799,20211
2026-01-26,17,22759,20741
2026-01-26,18,23536,21275
2026-01-26,19,23912,21607
2026-01-26,20,23860,21282
2026-01-26,21,23505,20882
2026-01-26,22,23145,20146
2026-01-26,23,22487,19270
2026-01-26,24,22202,18562
2026-01-27,1,20860,17727
2026-01-27,2,20582,17361
2026-01-27,3,19953,17157
2026-01-27,4,20345,17035
2026-01-27,5,20505,17234
2026-01-27,6,21849,17832
2026-01-27,7,23050,19027
2026-01-27,8,24154,20290
2026-01-27,9,24101,20558
2026-01-27,10,24144,20753
2026-01-27,11,24079,20709
2026-01-27,12,23852,20629
2026-01-27,13,23254,20381
2026-01-27,14,22922,20075
2026-01-27,15,22388,19995
2026-01-27,16,23624,20374
2026-01-27,17,23713,20710
2026-01-27,18,23972,21249
2026-01-27,19,24414,21456
2026-01-27,20,24175,21146
2026-01-27,21,24204,20778
2026-01-27,22,23738,20171
2026-01-27,23,22106,19183
2026-01-27,24,21334,18493
2026-01-28,1,21258,18034
2026-01-28,2,20826,17624
2026-01-28,3,20327,17415
2026-01-28,4,20588,17270
2026-01-28,5,21115,17398
2026-01-28,6,21512,17892
2026-01-28,7,22843,19005
2026-01-28,8,24404,20333
2026-01-28,9,24468,20681
2026-01-28,10,23998,20691
2026-01-28,11,23507,20400
2026-01-28,12,23046,20087
2026-01-28,13,22327,19944
2026-01-28,14,22094,19840
2026-01-28,15,22094,19854
2026-01-28,16,22163,19948
2026-01-28,17,23541,20551
2026-01-28,18,23801,21235
2026-01-28,19,24428,21391
2026-01-28,20,23654,20959
2026-01-28,21,23670,20646
2026-01-28,22,23288,20126
2026-01-28,23,22512,19141
2026-01-28,24,21169,18401
2026-01-29,1,20674,17782
2026-01-29,2,20620,17485
2026-01-29,3,20249,17138
2026-01-29,4,20343,17142
2026-01-29,5,20294,17335
2026-01-29,6,20637,17876
2026-01-29,7,22249,19037
2026-01-29,8,23681,20316
2026-01-29,9,24224,20776
2026-01-29,10,23926,20620
2026-01-29,11,23084,20371
2026-01-29,12,22210,20171
2026-01-29,13,21782,19876
2026-01-29,14,21490,19766
2026-01-29,15,21750,19823
2026-01-29,16,21461,19994
2026-01-29,17,22341,20737
2026-01-29,18,23974,21602
2026-01-29,19,24381,21876
2026-01-29,20,23696,21646
2026-01-29,21,23222,21313
2026-01-29,22,22797,20704
2026-01-29,23,22317,20142
2026-01-29,24,21056,19276
2026-01-30,1,20263,18637
2026-01-30,2,20046,18300
2026-01-30,3,20071,18034
2026-01-30,4,19954,17725
2026-01-30,5,20074,17974
2026-01-30,6,21001,18520
2026-01-30,7,22466,19580
2026-01-30,8,23352,20714
2026-01-30,9,23315,20990
2026-01-30,10,23331,21006
2026-01-30,11,22420,20824
2026-01-30,12,22225,20482
2026-01-30,13,21971,20215
2026-01-30,14,22074,20135
2026-01-30,15,22004,20067
2026-01-30,16,22341,20417
2026-01-30,17,22210,20810
2026-01-30,18,23446,21564
2026-01-30,19,23622,21737
2026-01-30,20,22954,21244
2026-01-30,21,22716,20917
2026-01-30,22,22798,20440
2026-01-30,23,21851,19557
2026-01-30,24,20872,18733
2026-01-31,1,21036,18087
2026-01-31,2,20883,17839
2026-01-31,3,20611,17524
2026-01-31,4,20397,17386
2026-01-31,5,20691,17511
2026-01-31,6,20297,17693
2026-01-31,7,20641,18277
2026-01-31,8,21272,18945
2026-01-31,9,21349,19373
2026-01-31,10,21670,19546
2026-01-31,11,21170,19498
2026-01-31,12,21177,19371
2026-01-31,13,21191,19304
2026-01-31,14,21254,19084
2026-01-31,15,20705,19049
2026-01-31,16,21111,19234
2026-01-31,17,21749,19554
2026-01-31,18,22761,20294
2026-01-31,19,23077,20609
2026-01-31,20,22299,20063
2026-01-31,21,21980,19693
2026-01-31,22,21693,19186
2026-01-31,23,21685,18576
2026-01-31,24,21316,17964
2026-02-01,1,21310,17572
2026-02-01,2,21519,17291
2026-02-01,3,21163,17111
2026-02-01,4,21368,17183
2026-02-01,5,21130,17306
2026-02-01,6,20740,17213
2026-02-01,7,20720,17663
2026-02-01,8,21225,18244
2026-02-01,9,21533,18685
2026-02-01,10,21578,18739
2026-02-01,11,21227,18481
2026-02-01,12,20931,18403
2026-02-01,13,20656,18354
2026-02-01,14,19968,18173
2026-02-01,15,19850,18233
2026-02-01,16,20067,18500
2026-02-01,17,21447,19107
2026-02-01,18,22845,20098
2026-02-01,19,23455,20552
2026-02-01,20,23062,20315
2026-02-01,21,22805,19916
2026-02-01,22,21840,19180
2026-02-01,23,20992,18405
2026-02-01,24,20205,18074
2026-02-02,1,19831,17411
2026-02-02,2,19768,17106
2026-02-02,3,19686,17008
2026-02-02,4,19856,17050
2026-02-02,5,20365,17279
2026-02-02,6,20660,17837
2026-02-02,7,22209,19167
2026-02-02,8,23351,20487
2026-02-02,9,22986,20590
2026-02-02,10,22408,20215
2026-02-02,11,21438,19789
2026-02-02,12,21289,19643
2026-02-02,13,21374,19461
2026-02-02,14,21394,19174
2026-02-02,15,20965,18961
2026-02-02,16,21088,19218
2026-02-02,17,21970,20017
2026-02-02,18,23014,20889
2026-02-02,19,23555,21220
2026-02-02,20,23121,20747
2026-02-02,21,22796,20366
2026-02-02,22,21743,19749
2026-02-02,23,21030,18865
2026-02-02,24,20669,18039
2026-02-03,1,19947,17454
2026-02-03,2,20244,17367
2026-02-03,3,19994,17147
2026-02-03,4,20032,17008
2026-02-03,5,19926,17214
2026-02-03,6,20498,17767
2026-02-03,7,21380,18791
2026-02-03,8,22452,19999
2026-02-03,9,22567,20182
2026-02-03,10,22211,20024
2026-02-03,11,21847,20300
2026-02-03,12,21759,20242
2026-02-03,13,21099,19878
2026-02-03,14,20767,19427
2026-02-03,15,21036,19705
2026-02-03,16,21219,19703
2026-02-03,17,22131,20194
2026-02-03,18,22764,20770
2026-02-03,19,23543,21158
2026-02-03,20,23421,21060
2026-02-03,21,21971,20733
2026-02-03,22,21300,19988
2026-02-03,23,21028,19198
2026-02-03,24,20406,18465
2026-02-04,1,20018,17789
2026-02-04,2,20158,17596
2026-02-04,3,19844,17319
2026-02-04,4,19714,17322
2026-02-04,5,19746,17548
2026-02-04,6,19938,17998
2026-02-04,7,21513,19171
2026-02-04,8,22378,20299
2026-02-04,9,22657,20629
2026-02-04,10,21661,20298
2026-02-04,11,20936,19757
2026-02-04,12,20227,19134
2026-02-04,13,19783,18788
2026-02-04,14,19341,18636
2026-02-04,15,19421,18587
2026-02-04,16,19991,18954
2026-02-04,17,20497,19506
2026-02-04,18,21253,20253
2026-02-04,19,21917,20659
2026-02-04,20,21465,20611
2026-02-04,21,21474,20286
2026-02-04,22,20546,19698
2026-02-04,23,20385,18886
2026-02-04,24,19656,18139
2026-02-05,1,19411,17568
2026-02-05,2,19261,17221
2026-02-05,3,19181,16997
2026-02-05,4,19066,17134
2026-02-05,5,19374,17437
2026-02-05,6,20055,17796
2026-02-05,7,21273,18961
2026-02-05,8,22099,20186
2026-02-05,9,22001,20439
2026-02-05,10,22231,20156
2026-02-05,11,21800,19995
2026-02-05,12,21501,19784
2026-02-05,13,21133,19486
2026-02-05,14,21350,19159
2026-02-05,15,21494,19211
2026-02-05,16,21696,19279
2026-02-05,17,22572,19899
2026-02-05,18,22697,20360
2026-02-05,19,23378,20702
2026-02-05,20,22858,20267
2026-02-05,21,23215,19932
2026-02-05,22,22974,19612
2026-02-05,23,22198,18868
2026-02-05,24,21579,18148
2026-02-06,1,20946,17828
2026-02-06,2,20905,17485
2026-02-06,3,20398,17171
2026-02-06,4,20395,17148
2026-02-06,5,20501,17307
2026-02-06,6,20965,17883
2026-02-06,7,21962,18790
2026-02-06,8,22401,19894
2026-02-06,9,22822,20129
2026-02-06,10,22665,20290
2026-02-06,11,22666,20158
2026-02-06,12,22272,19962
2026-02-06,13,21656,19505
2026-02-06,14,21585,19476
2026-02-06,15,21809,19459
2026-02-06,16,22424,19631
2026-02-06,17,22842,19928
2026-02-06,18,23447,20238
2026-02-06,19,23179,20135
2026-02-06,20,23548,20179
2026-02-06,21,22818,19980
2026-02-06,22,22700,19482
2026-02-06,23,21606,18801
2026-02-06,24,21379,18446
2026-02-07,1,20950,17834
2026-02-07,2,20827,17387
2026-02-07,3,20858,17374
2026-02-07,4,20943,17343
2026-02-07,5,21084,17596
2026-02-07,6,21298,17881
2026-02-07,7,21520,18406
2026-02-07,8,21932,19013
2026-02-07,9,22198,19411
2026-02-07,10,22093,19548
2026-02-07,11,22429,19493
2026-02-07,12,21977,19473
2026-02-07,13,21865,19382
2026-02-07,14,21623,18983
2026-02-07,15,21320,19007
2026-02-07,16,21859,19446
2026-02-07,17,23071,20135
2026-02-07,18,23494,20905
2026-02-07,19,23565,21353
2026-02-07,20,23356,21002
2026-02-07,21,23072,20525
2026-02-07,22,22751,20163
2026-02-07,23,22099,19544
2026-02-07,24,21107,18857
2026-02-08,1,20290,18427
2026-02-08,2,20202,18110
2026-02-08,3,20134,17836
2026-02-08,4,20004,17739
2026-02-08,5,20772,17831
2026-02-08,6,20983,18040
2026-02-08,7,20990,18324
2026-02-08,8,20874,18743
2026-02-08,9,20900,19195
2026-02-08,10,20915,19292
2026-02-08,11,20871,19283
2026-02-08,12,20648,19223
2026-02-08,13,20574,19283
2026-02-08,14,20827,19201
2026-02-08,15,20949,19006
2026-02-08,16,20644,19262
2026-02-08,17,20899,19902
2026-02-08,18,22271,21024
2026-02-08,19,22704,21522
2026-02-08,20,22432,21072
2026-02-08,21,21946,20737
2026-02-08,22,21494,20282
2026-02-08,23,20880,19473
2026-02-08,24,20383,18756
2026-02-09,1,19894,18324
2026-02-09,2,19591,17934
2026-02-09,3,19989,17795
2026-02-09,4,20689,17742
2026-02-09,5,20881,17974
2026-02-09,6,21432,18697
2026-02-09,7,22303,19724
2026-02-09,8,22363,20780
2026-02-09,9,22417,20892
2026-02-09,10,21983,20641
2026-02-09,11,22472,20606
2026-02-09,12,22033,20362
2026-02-09,13,22029,20170
2026-02-09,14,21653,20033
2026-02-09,15,21847,20114
2026-02-09,16,22114,20375
2026-02-09,17,21916,20903
2026-02-09,18,22876,21375
2026-02-09,19,23061,21601
2026-02-09,20,22720,21322
2026-02-09,21,22309,20779
2026-02-09,22,21888,19964
2026-02-09,23,21300,19185
2026-02-09,24,20649,18246
2026-02-10,1,20630,17723
2026-02-10,2,20529,17265
2026-02-10,3,20479,17147
2026-02-10,4,20464,16994
2026-02-10,5,20659,17181
2026-02-10,6,20870,17781
2026-02-10,7,21727,18673
2026-02-10,8,22400,19516
2026-02-10,9,21961,19653
2026-02-10,10,22440,19860
2026-02-10,11,22314,19742
2026-02-10,12,21673,19186
2026-02-10,13,21778,19475
2026-02-10,14,21933,19343
2026-02-10,15,22256,19496
2026-02-10,16,21842,19679
2026-02-10,17,21866,20105
2026-02-10,18,21975,20304
2026-02-10,19,22044,20549
2026-02-10,20,21847,20293
2026-02-10,21,21497,19916
2026-02-10,22,21291,19236
2026-02-10,23,20404,18028
2026-02-10,24,19859,17264
2026-02-11,1,19325,16618
2026-02-11,2,19210,16391
2026-02-11,3,19074,16279
2026-02-11,4,18763,15921
2026-02-11,5,18974,15935
2026-02-11,6,20052,16644
2026-02-11,7,21031,17724
2026-02-11,8,22210,19249
2026-02-11,9,22280,19589
2026-02-11,10,22009,19614
2026-02-11,11,21824,19562
2026-02-11,12,21585,19418
2026-02-11,13,21476,19315
2026-02-11,14,21440,19298
2026-02-11,15,21442,19267
2026-02-11,16,21904,19473
2026-02-11,17,22164,19928
2026-02-11,18,21989,20131
2026-02-11,19,21747,20355
2026-02-11,20,21855,20181
2026-02-11,21,22116,19871
2026-02-11,22,21966,19368
2026-02-11,23,21623,18550
2026-02-11,24,20872,17660
2026-02-12,1,20217,17162
2026-02-12,2,19696,16606
2026-02-12,3,19729,16516
2026-02-12,4,19733,16483
2026-02-12,5,20187,16623
2026-02-12,6,20338,17211
2026-02-12,7,21525,18461
2026-02-12,8,21763,19614
2026-02-12,9,21696,19830
2026-02-12,10,21317,19433
2026-02-12,11,20660,18897
2026-02-12,12,20187,18385
2026-02-12,13,20199,18308
2026-02-12,14,20225,18320
2026-02-12,15,20453,18402
2026-02-12,16,20448,18702
2026-02-12,17,20607,19290
2026-02-12,18,21314,20050
2026-02-12,19,21304,20485
2026-02-12,20,21253,20377
2026-02-12,21,20838,20046
2026-02-12,22,20907,19651
2026-02-12,23,20908,18818
2026-02-12,24,20609,18093
2026-02-13,1,19466,17443
2026-02-13,2,19579,17125
2026-02-13,3,19756,16985
2026-02-13,4,19688,17007
2026-02-13,5,19893,17185
2026-02-13,6,20058,17508
2026-02-13,7,20820,18640
2026-02-13,8,21384,19792
2026-02-13,9,21179,19683
2026-02-13,10,20860,19069
2026-02-13,11,20948,18492
2026-02-13,12,20527,18066
2026-02-13,13,20579,17683
2026-02-13,14,20737,17654
2026-02-13,15,20849,17790
2026-02-13,16,21089,17968
2026-02-13,17,21288,18612
2026-02-13,18,22170,19378
2026-02-13,19,22483,19660
2026-02-13,20,22204,19530
2026-02-13,21,22353,19351
2026-02-13,22,22083,18731
2026-02-13,23,21254,17987
2026-02-13,24,20234,17125
2026-02-14,1,19380,16472
2026-02-14,2,19180,16097
2026-02-14,3,18709,15787
2026-02-14,4,18514,15658
2026-02-14,5,18973,15654
2026-02-14,6,19342,15929
2026-02-14,7,19882,16475
2026-02-14,8,19987,17047
2026-02-14,9,20195,17642
2026-02-14,10,20456,17916
2026-02-14,11,19910,17411
2026-02-14,12,19540,17243
2026-02-14,13,19311,17204
2026-02-14,14,19393,17169
2026-02-14,15,19732,17107
2026-02-14,16,19757,17071
2026-02-14,17,20389,17638
2026-02-14,18,20884,18645
2026-02-14,19,21017,18898
2026-02-14,20,21084,18616
2026-02-14,21,20933,18071
2026-02-14,22,20754,17611
2026-02-14,23,19800,16902
2026-02-14,24,19338,16436
2026-02-15,1,18899,15967
2026-02-15,2,18358,15303
2026-02-15,3,18308,15270
2026-02-15,4,18280,15193
2026-02-15,5,17953,15105
2026-02-15,6,18536,15200
2026-02-15,7,18773,15554
2026-02-15,8,19679,16096
2026-02-15,9,19576,16519
2026-02-15,10,19645,16764
2026-02-15,11,19400,16531
2026-02-15,12,19109,16277
2026-02-15,13,18936,16205
2026-02-15,14,19267,16178
2026-02-15,15,19303,16291
2026-02-15,16,19685,16839
2026-02-15,17,20462,17734
2026-02-15,18,19944,18393
2026-02-15,19,20433,18735
2026-02-15,20,20348,18299
2026-02-15,21,20338,17711
2026-02-15,22,20274,17256
2026-02-15,23,20092,16810
2026-02-15,24,19365,16314
2026-02-16,1,18928,15904
2026-02-16,2,18586,15539
2026-02-16,3,18294,15405
2026-02-16,4,18208,15246
2026-02-16,5,18164,15350
2026-02-16,6,18950,15851
2026-02-16,7,19755,16303
2026-02-16,8,20067,16760
2026-02-16,9,20202,17080
2026-02-16,10,20430,17144
2026-02-16,11,20399,17077
2026-02-16,12,20201,17064
2026-02-16,13,20076,17011
2026-02-16,14,19839,16533
2026-02-16,15,19344,16462
2026-02-16,16,19912,16792
2026-02-16,17,20536,17691
2026-02-16,18,21388,18503
2026-02-16,19,21530,18668
2026-02-16,20,21497,18225
2026-02-16,21,21141,17678
2026-02-16,22,20334,17125
2026-02-16,23,19772,16457
2026-02-16,24,19155,15933
2026-02-17,1,18423,15329
2026-02-17,2,18049,15017
2026-02-17,3,18044,14939
2026-02-17,4,18078,14929
2026-02-17,5,18352,15113
2026-02-17,6,19031,15777
2026-02-17,7,19679,17029
2026-02-17,8,20474,18263
2026-02-17,9,20532,18551
2026-02-17,10,20877,18330
2026-02-17,11,20214,17975
2026-02-17,12,20181,17489
2026-02-17,13,19879,17006
2026-02-17,14,19751,16705
2026-02-17,15,19090,16376
2026-02-17,16,19690,16796
2026-02-17,17,20479,17547
2026-02-17,18,20486,18259
2026-02-17,19,20597,18760
2026-02-17,20,21277,18789
2026-02-17,21,21418,18395
2026-02-17,22,20922,17890
2026-02-17,23,20315,17062
2026-02-17,24,19323,16303
2026-02-18,1,18536,15727
2026-02-18,2,18662,15671
2026-02-18,3,18140,15155
2026-02-18,4,18168,15118
2026-02-18,5,18301,15232
2026-02-18,6,19604,16130
2026-02-18,7,20490,16780
2026-02-18,8,21809,18204
2026-02-18,9,21909,18727
2026-02-18,10,22201,18968
2026-02-18,11,22599,19232
2026-02-18,12,22961,19683
2026-02-18,13,23052,19930
2026-02-18,14,23044,20077
2026-02-18,15,22970,20020
2026-02-18,16,22660,19920
2026-02-18,17,21930,19653
2026-02-18,18,22262,20223
2026-02-18,19,22259,20209
2026-02-18,20,21788,19720
2026-02-18,21,22042,19659
2026-02-18,22,21305,18820
2026-02-18,23,21183,18090
2026-02-18,24,20287,17320
2026-02-19,1,19478,16668
2026-02-19,2,19539,16528
2026-02-19,3,19321,16264
2026-02-19,4,19299,16234
2026-02-19,5,18999,15944
2026-02-19,6,20096,16812
2026-02-19,7,21103,17732
2026-02-19,8,21988,18846
2026-02-19,9,21467,18724
2026-02-19,10,21018,18567
2026-02-19,11,20832,18538
2026-02-19,12,20733,18411
2026-02-19,13,20479,18285
2026-02-19,14,20074,17916
2026-02-19,15,20106,17872
2026-02-19,16,20219,18066
2026-02-19,17,21015,18705
2026-02-19,18,21706,19400
2026-02-19,19,22366,19577
2026-02-19,20,22141,19375
2026-02-19,21,21397,18803
2026-02-19,22,20984,18172
2026-02-19,23,20135,17322
2026-02-19,24,19484,16495
2026-02-20,1,19116,16163
2026-02-20,2,18706,15607
2026-02-20,3,19008,15704
2026-02-20,4,18782,15562
2026-02-20,5,19467,15722
2026-02-20,6,19338,15890
2026-02-20,7,20126,17065
2026-02-20,8,20867,18147
2026-02-20,9,21672,18832
2026-02-20,10,21754,18967
2026-02-20,11,21975,18832
2026-02-20,12,22126,18998
2026-02-20,13,22287,19294
2026-02-20,14,22174,19105
2026-02-20,15,22251,19112
2026-02-20,16,21815,19017
2026-02-20,17,21697,19200
2026-02-20,18,22070,19581
2026-02-20,19,22193,19487
2026-02-20,20,21965,19053
2026-02-20,21,21364,18634
2026-02-20,22,21466,18101
2026-02-20,23,20509,17380
2026-02-20,24,19553,16493
2026-02-21,1,18570,15732
2026-02-21,2,18565,15564
2026-02-21,3,18395,15380
2026-02-21,4,18335,15349
2026-02-21,5,18246,15302
2026-02-21,6,18799,15728
2026-02-21,7,18738,15893
2026-02-21,8,19093,16508
2026-02-21,9,19285,17062
2026-02-21,10,19513,17580
2026-02-21,11,19956,17956
2026-02-21,12,20268,18178
2026-02-21,13,20509,18232
2026-02-21,14,20340,18115
2026-02-21,15,20420,18045
2026-02-21,16,20249,18121
2026-02-21,17,20757,18545
2026-02-21,18,21103,18987
2026-02-21,19,20842,18915
2026-02-21,20,20447,18316
2026-02-21,21,20154,17924
2026-02-21,22,20299,17700
2026-02-21,23,19924,17163
2026-02-21,24,19616,16832
2026-02-22,1,18692,16073
2026-02-22,2,18196,15628
2026-02-22,3,17912,15521
2026-02-22,4,17816,15762
2026-02-22,5,18113,15889
2026-02-22,6,18496,16113
2026-02-22,7,18401,16383
2026-02-22,8,18852,16942
2026-02-22,9,19708,17861
2026-02-22,10,19727,17829
2026-02-22,11,19867,17666
2026-02-22,12,19213,17253
2026-02-22,13,19552,17319
2026-02-22,14,19844,17499
2026-02-22,15,20103,17454
2026-02-22,16,20505,17925
2026-02-22,17,20838,18483
2026-02-22,18,21102,18994
2026-02-22,19,21248,19202
2026-02-22,20,21083,18909
2026-02-22,21,21332,18547
2026-02-22,22,21050,17815
2026-02-22,23,19870,17026
2026-02-22,24,18967,16211
2026-02-23,1,18749,16008
2026-02-23,2,18656,15608
2026-02-23,3,18922,15748
2026-02-23,4,19254,15829
2026-02-23,5,19749,15908
2026-02-23,6,20154,16384
2026-02-23,7,21534,17599
2026-02-23,8,22859,18441
2026-02-23,9,22940,18866
2026-02-23,10,22465,18859
2026-02-23,11,22316,18749
2026-02-23,12,22114,18420
2026-02-23,13,21247,17669
2026-02-23,14,21316,17697
2026-02-23,15,21633,17996
2026-02-23,16,21962,18282
2026-02-23,17,22854,19207
2026-02-23,18,23311,19924
2026-02-23,19,23466,20276
2026-02-23,20,23091,20421
2026-02-23,21,22614,20180
2026-02-23,22,21601,19727
2026-02-23,23,20760,18738
2026-02-23,24,20323,17835
2026-02-24,1,20168,17333
2026-02-24,2,19792,17018
2026-02-24,3,20215,17350
2026-02-24,4,19672,17125
2026-02-24,5,19957,17311
2026-02-24,6,20299,17985
2026-02-24,7,20957,19157
2026-02-24,8,22079,20230
2026-02-24,9,21789,20077
2026-02-24,10,21111,19806
2026-02-24,11,20926,19258
2026-02-24,12,20828,18774
2026-02-24,13,20635,18084
2026-02-24,14,21155,18078
2026-02-24,15,21224,18146
2026-02-24,16,21731,18463
2026-02-24,17,22292,19274
2026-02-24,18,23564,20408
2026-02-24,19,23931,20825
2026-02-24,20,23865,20496
2026-02-24,21,23505,20135
2026-02-24,22,23137,19562
2026-02-24,23,21987,18470
2026-02-24,24,21185,17884
2026-02-25,1,20289,17236
2026-02-25,2,20302,16902
2026-02-25,3,20518,16944
2026-02-25,4,20429,16646
2026-02-25,5,20527,16749
2026-02-25,6,20778,17182
2026-02-25,7,21514,17812
2026-02-25,8,22235,18885
2026-02-25,9,22382,19279
2026-02-25,10,22358,19357
2026-02-25,11,22307,19113
2026-02-25,12,21519,18184
2026-02-25,13,22377,18884
2026-02-25,14,22635,19205
2026-02-25,15,22199,18808
2026-02-25,16,21468,18871
2026-02-25,17,21736,19253
2026-02-25,18,22341,19910
2026-02-25,19,22635,20183
2026-02-25,20,22402,19979
2026-02-25,21,22154,19709
2026-02-25,22,21807,19103
2026-02-25,23,21274,18166
2026-02-25,24,20647,17489
2026-02-26,1,19887,17109
2026-02-26,2,19459,16728
2026-02-26,3,19214,16462
2026-02-26,4,19192,16450
2026-02-26,5,19336,16880
2026-02-26,6,19867,17544
2026-02-26,7,20368,18577
2026-02-26,8,20939,19664
2026-02-26,9,20955,19523
2026-02-26,10,20266,19026
2026-02-26,11,20155,18576
2026-02-26,12,20093,18484
2026-02-26,13,19866,18196
2026-02-26,14,19749,17839
2026-02-26,15,19692,17884
2026-02-26,16,19803,18154
2026-02-26,17,20398,18900
2026-02-26,18,21082,19690
2026-02-26,19,21538,20092
2026-02-26,20,21852,20145
2026-02-26,21,21790,19842
2026-02-26,22,21873,19308
2026-02-26,23,20789,18199
2026-02-26,24,20343,17406
2026-02-27,1,19329,16702
2026-02-27,2,19096,16396
2026-02-27,3,19130,16432
2026-02-27,4,19111,16319
2026-02-27,5,19310,16436
2026-02-27,6,20054,16997
2026-02-27,7,20756,17897
2026-02-27,8,21459,18967
2026-02-27,9,21312,19143
2026-02-27,10,20908,18935
2026-02-27,11,20286,18529
2026-02-27,12,19795,18172
2026-02-27,13,19338,17362
2026-02-27,14,19300,17110
2026-02-27,15,18965,16657
2026-02-27,16,19038,16777
2026-02-27,17,20105,17408
2026-02-27,18,21396,18360
2026-02-27,19,21400,18463
2026-02-27,20,21536,18348
2026-02-27,21,21040,18053
2026-02-27,22,21159,17661
2026-02-27,23,19790,16864
2026-02-27,24,19212,16037
2026-02-28,1,18494,15411
2026-02-28,2,18434,14938
2026-02-28,3,18521,14706
2026-02-28,4,18250,14531
2026-02-28,5,18312,14525
2026-02-28,6,18501,14803
2026-02-28,7,19018,15597
2026-02-28,8,19005,16129
2026-02-28,9,18941,16565
2026-02-28,10,18206,16384
2026-02-28,11,17774,16043
2026-02-28,12,17519,15851
2026-02-28,13,17409,15726
2026-02-28,14,17642,15688
2026-02-28,15,17776,15627
2026-02-28,16,18025,15995
2026-02-28,17,19089,17016
2026-02-28,18,20374,18137
2026-02-28,19,21063,18814
2026-02-28,20,20752,18631
2026-02-28,21,20511,18272
2026-02-28,22,20109,17748
2026-02-28,23,19423,17357
2026-02-28,24,19122,16612
2026-03-01,1,18925,16224
2026-03-01,2,18678,15867
2026-03-01,3,18595,15651
2026-03-01,4,18484,15678
2026-03-01,5,18591,15770
2026-03-01,6,19023,16092
2026-03-01,7,19366,16826
2026-03-01,8,19259,17227
2026-03-01,9,19254,17441
2026-03-01,10,19400,17329
2026-03-01,11,19819,17186
2026-03-01,12,19430,16780
2026-03-01,13,19313,16701
2026-03-01,14,19449,16751
2026-03-01,15,19459,16846
2026-03-01,16,19243,16991
2026-03-01,17,19912,17897
2026-03-01,18,21243,19503
2026-03-01,19,21771,20125
2026-03-01,20,22051,20237
2026-03-01,21,21562,19708
2026-03-01,22,21499,19188
2026-03-01,23,20790,18487
2026-03-01,24,20203,17782
2026-03-02,1,19956,17270
2026-03-02,2,19920,17087
2026-03-02,3,19905,17145
2026-03-02,4,20028,17431
2026-03-02,5,20345,17664
2026-03-02,6,20585,18273
2026-03-02,7,21778,19304
2026-03-02,8,22297,20072
2026-03-02,9,21627,19666
2026-03-02,10,20935,18886
2026-03-02,11,20570,18198
2026-03-02,12,20293,17692
2026-03-02,13,20186,17483
2026-03-02,14,20274,17359
2026-03-02,15,20333,17317
2026-03-02,16,20065,17562
2026-03-02,17,20903,18365
2026-03-02,18,22233,19737
2026-03-02,19,22780,20397
2026-03-02,20,22876,20385
2026-03-02,21,22660,19970
2026-03-02,22,21763,19269
2026-03-02,23,21019,18258
2026-03-02,24,20677,17570
2026-03-03,1,20065,17062
2026-03-03,2,19854,16803
2026-03-03,3,19950,16749
2026-03-03,4,19549,16601
2026-03-03,5,19861,16818
2026-03-03,6,20184,17337
2026-03-03,7,21403,18760
2026-03-03,8,21075,19214
2026-03-03,9,21322,19265
2026-03-03,10,20827,18814
2026-03-03,11,20815,18571
2026-03-03,12,20596,18314
2026-03-03,13,20889,18240
2026-03-03,14,20765,18242
2026-03-03,15,20661,18324
2026-03-03,16,21108,18749
2026-03-03,17,21522,19401
2026-03-03,18,21542,19893
2026-03-03,19,21037,19937
2026-03-03,20,20665,19449
2026-03-03,21,20725,19253
2026-03-03,22,19976,18344
2026-03-03,23,19741,17774
2026-03-03,24,19360,16906
2026-03-04,1,18598,16471
2026-03-04,2,18502,16193
2026-03-04,3,18335,16096
2026-03-04,4,18019,15834
2026-03-04,5,18163,16038
2026-03-04,6,19146,16844
2026-03-04,7,19878,17855
2026-03-04,8,20191,18561
2026-03-04,9,20321,18458
2026-03-04,10,19857,17681
2026-03-04,11,19331,17268
2026-03-04,12,19640,17186
2026-03-04,13,19013,16752
2026-03-04,14,18638,16640
2026-03-04,15,18947,16792
2026-03-04,16,19036,17007
2026-03-04,17,19662,17516
2026-03-04,18,20147,18351
2026-03-04,19,20355,18821
2026-03-04,20,20504,18740
2026-03-04,21,20528,18578
2026-03-04,22,20119,18118
2026-03-04,23,19692,17202
2026-03-04,24,19125,16331
2026-03-05,1,18616,15589
2026-03-05,2,18393,15323
2026-03-05,3,18306,15224
2026-03-05,4,18373,15178
2026-03-05,5,18497,15286
2026-03-05,6,18941,15789
2026-03-05,7,19921,16709
2026-03-05,8,21065,17626
2026-03-05,9,21357,18021
2026-03-05,10,20520,17494
2026-03-05,11,20343,17383
2026-03-05,12,20685,17348
2026-03-05,13,20509,17424
2026-03-05,14,21272,17698
2026-03-05,15,21579,18043
2026-03-05,16,21732,18372
2026-03-05,17,21782,18904
2026-03-05,18,22139,19387
2026-03-05,19,22280,19563
2026-03-05,20,21644,19411
2026-03-05,21,21127,18862
2026-03-05,22,20696,18313
2026-03-05,23,20375,17502
2026-03-05,24,19500,16585
2026-03-06,1,19063,16209
2026-03-06,2,18901,16018
2026-03-06,3,18796,15877
2026-03-06,4,18837,15843
2026-03-06,5,19179,16089
2026-03-06,6,19808,16654
2026-03-06,7,20580,17481
2026-03-06,8,21293,18446
2026-03-06,9,21430,18605
2026-03-06,10,21416,18566
2026-03-06,11,20697,18095
2026-03-06,12,21019,18361
2026-03-06,13,21161,18258
2026-03-06,14,21010,18212
2026-03-06,15,20671,18144
2026-03-06,16,20870,18378
2026-03-06,17,21218,18958
2026-03-06,18,21763,19177
2026-03-06,19,21948,19144
2026-03-06,20,21380,18587
2026-03-06,21,21062,18123
2026-03-06,22,20897,17644
2026-03-06,23,20245,16884
2026-03-06,24,19841,16329
2026-03-07,1,19032,15452
2026-03-07,2,18614,14971
2026-03-07,3,18369,14786
2026-03-07,4,18155,14441
2026-03-07,5,18132,14408
2026-03-07,6,18073,14501
2026-03-07,7,18309,15127
2026-03-07,8,18161,15587
2026-03-07,9,18352,15947
2026-03-07,10,18047,15688
2026-03-07,11,18128,15858
2026-03-07,12,18553,16168
2026-03-07,13,19123,16596
2026-03-07,14,19530,16563
2026-03-07,15,19423,16381
2026-03-07,16,19099,16546
2026-03-07,17,19367,16720
2026-03-07,18,19844,16964
2026-03-07,19,19835,16918
2026-03-07,20,19416,16627
2026-03-07,21,18964,16202
2026-03-07,22,18375,15719
2026-03-07,23,18186,15330
2026-03-07,24,17541,14582
2026-03-08,1,17233,14101
2026-03-08,2,16831,13682
2026-03-08,3,16857,13680
2026-03-08,4,17000,13815
2026-03-08,5,16768,14023
2026-03-08,6,16626,14332
2026-03-08,7,16075,14470
2026-03-08,8,16554,15020
2026-03-08,9,16911,15275
2026-03-08,10,17646,15168
2026-03-08,11,17684,14641
2026-03-08,12,18103,14638
2026-03-08,13,18220,14618
2026-03-08,14,18235,14417
2026-03-08,15,17811,14559
2026-03-08,16,17668,15087
2026-03-08,17,17946,15765
2026-03-08,18,18346,16235
2026-03-08,19,18954,16816
2026-03-08,20,18909,16817
2026-03-08,21,18264,16179
2026-03-08,22,18180,15461
2026-03-08,23,17645,14825
2026-03-08,24,17766,14188
2026-03-09,1,18091,13819
2026-03-09,2,17823,13478
2026-03-09,3,18084,13694
2026-03-09,4,17959,13592
2026-03-09,5,18156,14337
2026-03-09,6,19235,15718
2026-03-09,7,19536,16811
2026-03-09,8,19624,17291
2026-03-09,9,19494,16864
2026-03-09,10,18809,16140
2026-03-09,11,18671,15844
2026-03-09,12,18382,15489
2026-03-09,13,17852,15096
2026-03-09,14,17517,14755
2026-03-09,15,17379,14626
2026-03-09,16,17690,15072
2026-03-09,17,18505,15882
2026-03-09,18,18855,16505
2026-03-09,19,19261,16892
2026-03-09,20,19598,17030
2026-03-09,21,19017,16516
2026-03-09,22,17997,15515
2026-03-09,23,17485,14926
2026-03-09,24,16596,14160
2026-03-10,1,16268,13735
2026-03-10,2,16211,13553
2026-03-10,3,16155,13458
2026-03-10,4,16265,13556
2026-03-10,5,16579,14263
2026-03-10,6,18080,15389
2026-03-10,7,19017,16774
2026-03-10,8,18937,17014
2026-03-10,9,18255,16616
2026-03-10,10,18296,16546
2026-03-10,11,18378,16619
2026-03-10,12,17885,16205
2026-03-10,13,17610,15955
2026-03-10,14,17630,15801
2026-03-10,15,17563,15934
2026-03-10,16,18508,16523
2026-03-10,17,19081,16986
2026-03-10,18,19735,17330
2026-03-10,19,20052,17539
2026-03-10,20,19737,17253
2026-03-10,21,19243,16650
2026-03-10,22,18401,15737
2026-03-10,23,17702,14949
2026-03-10,24,17671,14820
2026-03-11,1,17622,14249
2026-03-11,2,17498,13893
2026-03-11,3,17765,14192
2026-03-11,4,18143,14630
2026-03-11,5,18927,15452
2026-03-11,6,19673,16612
2026-03-11,7,19735,17518
2026-03-11,8,19927,18302
2026-03-11,9,19731,18418
2026-03-11,10,20012,18519
2026-03-11,11,20110,18790
2026-03-11,12,20001,18765
2026-03-11,13,19922,18690
2026-03-11,14,19462,18185
2026-03-11,15,19186,17940
2026-03-11,16,19765,18422
2026-03-11,17,19950,18475
2026-03-11,18,20213,18234
2026-03-11,19,20371,18353
2026-03-11,20,20467,18115
2026-03-11,21,19595,17495
2026-03-11,22,19364,16763
2026-03-11,23,18800,16087
2026-03-11,24,18596,15517
2026-03-12,1,18184,15238
2026-03-12,2,18301,14988
2026-03-12,3,18148,15215
2026-03-12,4,18533,15702
2026-03-12,5,18609,16154
2026-03-12,6,19918,17203
2026-03-12,7,20961,18457
2026-03-12,8,21024,18966
2026-03-12,9,20424,18469
2026-03-12,10,19538,17753
2026-03-12,11,19106,17374
2026-03-12,12,18730,16933
2026-03-12,13,18836,16916
2026-03-12,14,19077,17140
2026-03-12,15,19386,17397
2026-03-12,16,19423,17735
2026-03-12,17,19878,18192
2026-03-12,18,20684,18864
2026-03-12,19,20834,19370
2026-03-12,20,20749,19184
2026-03-12,21,19737,18581
2026-03-12,22,19403,17769
2026-03-12,23,19008,16967
2026-03-12,24,18876,16323
2026-03-13,1,18565,15844
2026-03-13,2,18478,15551
2026-03-13,3,18487,15624
2026-03-13,4,18991,15973
2026-03-13,5,19573,16500
2026-03-13,6,20765,17443
2026-03-13,7,21361,18588
2026-03-13,8,20986,18604
2026-03-13,9,20434,18518
2026-03-13,10,20685,18641
2026-03-13,11,20912,18801
2026-03-13,12,20871,18908
2026-03-13,13,20801,18625
2026-03-13,14,20677,18647
2026-03-13,15,20739,18652
2026-03-13,16,20887,19052
2026-03-13,17,21258,19268
2026-03-13,18,21602,18899
2026-03-13,19,21689,18708
2026-03-13,20,21483,18583
2026-03-13,21,21134,18027
2026-03-13,22,20237,17295
2026-03-13,23,19678,16425
2026-03-13,24,19250,15757
2026-03-14,1,19056,15268
2026-03-14,2,19142,15207
2026-03-14,3,18907,15058
2026-03-14,4,19048,15202
2026-03-14,5,19094,15575
2026-03-14,6,19314,16235
2026-03-14,7,19385,16562
2026-03-14,8,19590,17069
2026-03-14,9,19552,17453
2026-03-14,10,19456,17451
2026-03-14,11,19180,17114
2026-03-14,12,18764,16811
2026-03-14,13,18496,16588
2026-03-14,14,18418,16565
2026-03-14,15,18073,16309
2026-03-14,16,18017,16449
2026-03-14,17,18443,16954
2026-03-14,18,19281,17463
2026-03-14,19,19555,17938
2026-03-14,20,19612,17994
2026-03-14,21,19150,17482
2026-03-14,22,18877,16794
2026-03-14,23,18382,16158
2026-03-14,24,18154,15600
2026-03-15,1,18015,15189
2026-03-15,2,18163,15152
2026-03-15,3,18193,14958
2026-03-15,4,18512,14933
2026-03-15,5,18699,15024
2026-03-15,6,19396,15359
2026-03-15,7,19323,15950
2026-03-15,8,19581,16642
2026-03-15,9,19549,16998
2026-03-15,10,19874,17366
2026-03-15,11,20126,17588
2026-03-15,12,19625,17301
2026-03-15,13,18836,16841
2026-03-15,14,18786,16784
2026-03-15,15,19031,16993
2026-03-15,16,19595,17487
2026-03-15,17,20354,17909
2026-03-15,18,20529,17777
2026-03-15,19,20433,17859
2026-03-15,20,20276,17649
2026-03-15,21,20166,16822
2026-03-15,22,19644,16126
2026-03-15,23,18842,15370
2026-03-15,24,18316,14763
2026-03-16,1,18481,14341
2026-03-16,2,18326,14010
2026-03-16,3,18246,13929
2026-03-16,4,18335,14028
2026-03-16,5,18957,14833
2026-03-16,6,19437,15975
2026-03-16,7,20141,17030
2026-03-16,8,20410,17204
2026-03-16,9,20283,17090
2026-03-16,10,20697,17323
2026-03-16,11,20683,17508
2026-03-16,12,20724,17659
2026-03-16,13,20238,17410
2026-03-16,14,20208,17367
2026-03-16,15,20264,17384
2026-03-16,16,20874,17918
2026-03-16,17,21986,18713
2026-03-16,18,21791,18404
2026-03-16,19,21801,18537
2026-03-16,20,21643,18443
2026-03-16,21,21342,17840
2026-03-16,22,20886,17161
2026-03-16,23,20120,16691
2026-03-16,24,19545,16182
2026-03-17,1,19103,15694
2026-03-17,2,19153,15706
2026-03-17,3,19198,15777
2026-03-17,4,19138,15693
2026-03-17,5,19584,16301
2026-03-17,6,20708,17414
2026-03-17,7,21790,18486
2026-03-17,8,22367,18920
2026-03-17,9,22446,19149
2026-03-17,10,22158,19109
2026-03-17,11,21913,18644
2026-03-17,12,21581,18336
2026-03-17,13,20810,18083
2026-03-17,14,20397,17776
2026-03-17,15,20633,17905
2026-03-17,16,21257,18641
2026-03-17,17,22806,19471
2026-03-17,18,22934,19787
2026-03-17,19,22866,20193
2026-03-17,20,22827,20135
2026-03-17,21,22332,19417
2026-03-17,22,21626,18456
2026-03-17,23,20575,17738
2026-03-17,24,20116,17269
2026-03-18,1,19986,16996
2026-03-18,2,19856,16841
2026-03-18,3,20147,16694
2026-03-18,4,20242,16759
2026-03-18,5,20514,17184
2026-03-18,6,21489,18252
2026-03-18,7,22031,19230
2026-03-18,8,22139,19428
2026-03-18,9,22241,19177
2026-03-18,10,21149,18428
2026-03-18,11,20928,18229
2026-03-18,12,21269,18297
2026-03-18,13,21824,18409
2026-03-18,14,21947,18542
2026-03-18,15,21990,18674
2026-03-18,16,22276,19103
2026-03-18,17,22608,19521
2026-03-18,18,22703,19658
2026-03-18,19,22873,19752
2026-03-18,20,22749,19496
2026-03-18,21,22036,18693
2026-03-18,22,21104,17863
2026-03-18,23,19250,17064
2026-03-18,24,19447,16600
2026-03-19,1,19703,16469
2026-03-19,2,19300,15960
2026-03-19,3,19144,15940
2026-03-19,4,19200,15998
2026-03-19,5,19682,16391
2026-03-19,6,20892,17511
2026-03-19,7,21750,18544
2026-03-19,8,21710,18949
2026-03-19,9,21738,18907
2026-03-19,10,21205,18317
2026-03-19,11,20444,17698
2026-03-19,12,19682,17387
2026-03-19,13,19530,17152
2026-03-19,14,19780,17398
2026-03-19,15,20117,17393
2026-03-19,16,19864,17385
2026-03-19,17,20354,17882
2026-03-19,18,20791,18094
2026-03-19,19,21119,18256
2026-03-19,20,21047,18389
2026-03-19,21,20597,17935
2026-03-19,22,20073,17122
2026-03-19,23,19487,16451
2026-03-19,24,18604,15715
2026-03-20,1,17788,15232
2026-03-20,2,17617,15123
2026-03-20,3,17569,14845
2026-03-20,4,18362,15133
2026-03-20,5,19168,15665
2026-03-20,6,20374,16901
2026-03-20,7,21061,17807
2026-03-20,8,21937,18721
2026-03-20,9,22413,19334
2026-03-20,10,22418,19747
2026-03-20,11,21688,19572
2026-03-20,12,20797,19208
2026-03-20,13,20490,18952
2026-03-20,14,19698,18249
2026-03-20,15,19348,17878
2026-03-20,16,19249,17407
2026-03-20,17,20303,18084
2026-03-20,18,20440,17891
2026-03-20,19,21050,18146
2026-03-20,20,21226,18286
2026-03-20,21,20710,17633
2026-03-20,22,20412,16908
2026-03-20,23,19386,16114
2026-03-20,24,18465,15360
2026-03-21,1,17914,14946
2026-03-21,2,17646,14877
2026-03-21,3,17497,14758
2026-03-21,4,17569,14801
2026-03-21,5,17957,15002
2026-03-21,6,18949,15650
2026-03-21,7,18817,16063
2026-03-21,8,18929,16581
2026-03-21,9,19502,17167
2026-03-21,10,19364,17230
2026-03-21,11,18836,17039
2026-03-21,12,18812,16949
2026-03-21,13,18612,16631
2026-03-21,14,18150,16320
2026-03-21,15,18124,16249
2026-03-21,16,18539,16791
2026-03-21,17,19284,17442
2026-03-21,18,19545,17261
2026-03-21,19,19769,17088
2026-03-21,20,19879,16769
2026-03-21,21,19791,16428
2026-03-21,22,19249,15904
2026-03-21,23,18877,15324
2026-03-21,24,18104,14760
2026-03-22,1,17785,14313
2026-03-22,2,17214,14170
2026-03-22,3,17111,14233
2026-03-22,4,16974,14164
2026-03-22,5,17236,14397
2026-03-22,6,17677,14840
2026-03-22,7,17961,15290
2026-03-22,8,18177,15989
2026-03-22,9,18592,16572
2026-03-22,10,18927,16943
2026-03-22,11,19169,17274
2026-03-22,12,19058,17361
2026-03-22,13,18991,16917
2026-03-22,14,19014,16771
2026-03-22,15,19684,17020
2026-03-22,16,20013,17097
2026-03-22,17,20861,17610
2026-03-22,18,21287,17556
2026-03-22,19,21389,17566
2026-03-22,20,21282,17475
2026-03-22,21,20707,16978
2026-03-22,22,19938,16143
2026-03-22,23,19045,15172
2026-03-22,24,18580,14762
2026-03-23,1,18631,14547
2026-03-23,2,18612,14477
2026-03-23,3,18332,14478
2026-03-23,4,18634,14842
2026-03-23,5,18850,15406
2026-03-23,6,20568,16773
2026-03-23,7,22035,18258
2026-03-23,8,21687,18458
2026-03-23,9,21183,18389
2026-03-23,10,20722,18162
2026-03-23,11,20741,17974
2026-03-23,12,20990,17903
2026-03-23,13,20762,17455
2026-03-23,14,20669,17375
2026-03-23,15,20431,17003
2026-03-23,16,21118,17695
2026-03-23,17,21593,18287
2026-03-23,18,21851,18323
2026-03-23,19,21535,18582
2026-03-23,20,21696,19094
2026-03-23,21,20788,18557
2026-03-23,22,20273,17743
2026-03-23,23,19431,16880
2026-03-23,24,18663,16316
2026-03-24,1,19103,16328
2026-03-24,2,19253,16252
2026-03-24,3,19076,15883
2026-03-24,4,19183,15917
2026-03-24,5,19979,16447
2026-03-24,6,20894,17670
2026-03-24,7,21698,18799
2026-03-24,8,20744,18459
2026-03-24,9,19948,17411
2026-03-24,10,19363,16743
2026-03-24,11,19291,16857
2026-03-24,12,19607,16555
2026-03-24,13,19405,16266
2026-03-24,14,19537,16440
2026-03-24,15,19249,16512
2026-03-24,16,20125,17394
2026-03-24,17,20917,18128
2026-03-24,18,21397,18346
2026-03-24,19,21511,18492
2026-03-24,20,21266,18715
2026-03-24,21,20870,18140
2026-03-24,22,20196,17165
2026-03-24,23,19524,16325
2026-03-24,24,18477,15674
2026-03-25,1,18017,15232
2026-03-25,2,18410,15202
2026-03-25,3,18293,15017
2026-03-25,4,18571,15128
2026-03-25,5,19055,15773
2026-03-25,6,20599,17035
2026-03-25,7,21400,18338
2026-03-25,8,20699,18369
2026-03-25,9,20263,17874
2026-03-25,10,19793,17015
2026-03-25,11,18826,16199
2026-03-25,12,18163,15732
2026-03-25,13,18068,15757
2026-03-25,14,18413,15931
2026-03-25,15,18970,16846
2026-03-25,16,20264,17853
2026-03-25,17,21239,18600
2026-03-25,18,21114,18310
2026-03-25,19,21368,18142
2026-03-25,20,21361,18196
2026-03-25,21,20506,17483
2026-03-25,22,19935,16636
2026-03-25,23,19094,15637
2026-03-25,24,18905,14970
2026-03-26,1,18478,14765
2026-03-26,2,18201,14693
2026-03-26,3,17874,14327
2026-03-26,4,17679,14268
2026-03-26,5,18623,15082
2026-03-26,6,20212,16549
2026-03-26,7,20965,17754
2026-03-26,8,20016,17689
2026-03-26,9,19192,17424
2026-03-26,10,19013,17293
2026-03-26,11,19544,17678
2026-03-26,12,19420,17833
2026-03-26,13,19332,17731
2026-03-26,14,19001,17422
2026-03-26,15,19689,17851
2026-03-26,16,19846,17951
2026-03-26,17,19916,17981
2026-03-26,18,20360,17847
2026-03-26,19,21262,17899
2026-03-26,20,21381,18000
2026-03-26,21,20299,17344
2026-03-26,22,19974,16444
2026-03-26,23,19282,15719
2026-03-26,24,18939,15331
2026-03-27,1,19319,15199
2026-03-27,2,19216,15213
2026-03-27,3,18727,14869
2026-03-27,4,18879,15141
2026-03-27,5,19481,15901
2026-03-27,6,20693,17240
2026-03-27,7,21764,18831
2026-03-27,8,21181,18610
2026-03-27,9,20101,17764
2026-03-27,10,19996,17029
2026-03-27,11,19531,16426
2026-03-27,12,19532,16312
2026-03-27,13,18912,15993
2026-03-27,14,18838,15726
2026-03-27,15,18562,15458
2026-03-27,16,19054,15902
2026-03-27,17,19673,16516
2026-03-27,18,20064,17201
2026-03-27,19,20964,17988
2026-03-27,20,21195,18461
2026-03-27,21,20943,18189
2026-03-27,22,20527,17512
2026-03-27,23,19749,16644
2026-03-27,24,18556,15867
2026-03-28,1,18488,15507
2026-03-28,2,18415,15374
2026-03-28,3,18366,15245
2026-03-28,4,18491,15455
2026-03-28,5,19084,15697
2026-03-28,6,19926,16334
2026-03-28,7,20035,16736
2026-03-28,8,19879,17039
2026-03-28,9,19482,16924
2026-03-28,10,19042,16510
2026-03-28,11,18890,16511
2026-03-28,12,18432,16452
2026-03-28,13,18540,16476
2026-03-28,14,18151,16116
2026-03-28,15,17592,15613
2026-03-28,16,17653,15800
2026-03-28,17,18541,16258
2026-03-28,18,19287,16728
2026-03-28,19,20830,17487
2026-03-28,20,21230,17598
2026-03-28,21,20903,17055
2026-03-28,22,20261,16412
2026-03-28,23,19504,15643
2026-03-28,24,18651,14989
2026-03-29,1,18435,14587
2026-03-29,2,18318,14349
2026-03-29,3,18550,14264
2026-03-29,4,18527,14326
2026-03-29,5,18553,14592
2026-03-29,6,18856,14979
2026-03-29,7,19154,15461
2026-03-29,8,19036,15820
2026-03-29,9,18573,15831
2026-03-29,10,17859,15474
2026-03-29,11,17332,15114
2026-03-29,12,17305,15193
2026-03-29,13,17441,14983
2026-03-29,14,17722,14995
2026-03-29,15,17541,15173
2026-03-29,16,17517,15432
2026-03-29,17,18942,16180
2026-03-29,18,19741,16569
2026-03-29,19,20049,16707
2026-03-29,20,19929,16802
2026-03-29,21,19529,16272
2026-03-29,22,19008,15497
2026-03-29,23,18178,14754
2026-03-29,24,17373,14052
2026-03-30,1,17374,13704
2026-03-30,2,17416,13685
2026-03-30,3,17555,13992
2026-03-30,4,17731,14307
2026-03-30,5,17696,14566
2026-03-30,6,18924,15550
2026-03-30,7,19525,16718
2026-03-30,8,19674,16853
2026-03-30,9,18980,16379
2026-03-30,10,18672,16031
2026-03-30,11,18780,16018
2026-03-30,12,17873,15267
2026-03-30,13,17623,15367
2026-03-30,14,17535,15168
2026-03-30,15,17646,15463
2026-03-30,16,17524,15664
2026-03-30,17,18554,16296
2026-03-30,18,19156,16496
2026-03-30,19,19667,16734
2026-03-30,20,19705,16850
2026-03-30,21,19182,16281
2026-03-30,22,18202,15247
2026-03-30,23,17236,14351
2026-03-30,24,16624,13502
2026-03-31,1,16857,13192
2026-03-31,2,17052,13109
2026-03-31,3,16563,12868
2026-03-31,4,16841,13229
2026-03-31,5,17263,13849
2026-03-31,6,18274,15034
2026-03-31,7,19380,16564
2026-03-31,8,19921,17285
2026-03-31,9,19154,17053
2026-03-31,10,18597,16673
2026-03-31,11,18517,16594
2026-03-31,12,18606,16833
2026-03-31,13,19283,17390
2026-03-31,14,19038,16731
2026-03-31,15,19361,17034
2026-03-31,16,20074,17529
2026-03-31,17,20673,17934
2026-03-31,18,20531,17756
2026-03-31,19,20750,17933
2026-03-31,20,20457,17776
2026-03-31,21,19417,16887
2026-03-31,22,18637,16067
2026-03-31,23,17921,15377
2026-03-31,24,17169,14717
2026-04-01,1,17530,14295
2026-04-01,2,18077,14143
2026-04-01,3,18121,14110
2026-04-01,4,17998,14058
2026-04-01,5,18232,14627
2026-04-01,6,19437,16048
2026-04-01,7,20347,17133
2026-04-01,8,20480,17511
2026-04-01,9,20032,17513
2026-04-01,10,20021,17499
2026-04-01,11,19869,17504
2026-04-01,12,19812,17363
2026-04-01,13,19687,17314
2026-04-01,14,19919,17287
2026-04-01,15,19558,17162
2026-04-01,16,19845,17452
2026-04-01,17,20211,17781
2026-04-01,18,20350,17717
2026-04-01,19,20719,17769
2026-04-01,20,20796,17888
2026-04-01,21,20597,17514
2026-04-01,22,20157,16822
2026-04-01,23,19381,15894
2026-04-01,24,18885,15661
2026-04-02,1,18760,15233
2026-04-02,2,18315,14605
2026-04-02,3,18289,14571
2026-04-02,4,17871,14802
2026-04-02,5,18436,15138
2026-04-02,6,19645,16367
2026-04-02,7,20580,17341
2026-04-02,8,20849,17538
2026-04-02,9,20654,17514
2026-04-02,10,20613,17594
2026-04-02,11,20083,17350
2026-04-02,12,20572,17398
2026-04-02,13,20808,17528
2026-04-02,14,20622,17560
2026-04-02,15,20365,17483
2026-04-02,16,20507,17737
2026-04-02,17,20816,17978
2026-04-02,18,20973,17894
2026-04-02,19,20905,17916
2026-04-02,20,20864,17927
2026-04-02,21,20417,17332
2026-04-02,22,19634,16347
2026-04-02,23,18931,15516
2026-04-02,24,18393,14608
2026-04-03,1,17934,14138
2026-04-03,2,17997,13930
2026-04-03,3,17685,13797
2026-04-03,4,17627,13753
2026-04-03,5,17675,13828
2026-04-03,6,17982,14211
2026-04-03,7,17966,14441
2026-04-03,8,18293,14555
2026-04-03,9,17991,14497
2026-04-03,10,17593,14094
2026-04-03,11,17855,14440
2026-04-03,12,17470,14153
2026-04-03,13,17009,13836
2026-04-03,14,16836,13581
2026-04-03,15,16642,13408
2026-04-03,16,16645,13604
2026-04-03,17,17269,14163
2026-04-03,18,17835,14749
2026-04-03,19,18244,14954
2026-04-03,20,18539,15145
2026-04-03,21,17899,14780
2026-04-03,22,17465,14357
2026-04-03,23,16837,13893
2026-04-03,24,16950,13397
2026-04-04,1,16757,13130
2026-04-04,2,16850,13026
2026-04-04,3,16688,12910
2026-04-04,4,16706,12953
2026-04-04,5,16786,13169
2026-04-04,6,17115,13586
2026-04-04,7,17231,14210
2026-04-04,8,17901,14974
2026-04-04,9,18291,15511
2026-04-04,10,18753,16019
2026-04-04,11,18687,16179
2026-04-04,12,18308,16234
2026-04-04,13,18267,15999
2026-04-04,14,18207,15994
2026-04-04,15,17987,15922
2026-04-04,16,18396,16207
2026-04-04,17,18618,16417
2026-04-04,18,18899,16255
2026-04-04,19,19119,16356
2026-04-04,20,18995,16363
2026-04-04,21,18544,15815
2026-04-04,22,17483,14716
2026-04-04,23,17205,14177
2026-04-04,24,16989,13782
2026-04-05,1,16933,13376
2026-04-05,2,16833,13138
2026-04-05,3,16557,12955
2026-04-05,4,16674,13195
2026-04-05,5,16888,13294
2026-04-05,6,17289,13548
2026-04-05,7,17307,14011
2026-04-05,8,17608,14628
2026-04-05,9,18113,15396
2026-04-05,10,18287,15735
2026-04-05,11,18464,16092
2026-04-05,12,18305,16044
2026-04-05,13,18019,15791
2026-04-05,14,18067,15882
2026-04-05,15,18163,16095
2026-04-05,16,18141,16275
2026-04-05,17,17580,15982
2026-04-05,18,17724,15998
2026-04-05,19,18148,16103
2026-04-05,20,18812,16555
2026-04-05,21,18098,16162
2026-04-05,22,17639,15771
2026-04-05,23,16828,14953
2026-04-05,24,16463,14529
2026-04-06,1,16749,14385
2026-04-06,2,16535,14103
2026-04-06,3,16639,14095
2026-04-06,4,16969,14363
2026-04-06,5,17718,15122
2026-04-06,6,18569,16071
2026-04-06,7,18966,16698
2026-04-06,8,18838,17128
2026-04-06,9,18467,16741
2026-04-06,10,18087,16398
2026-04-06,11,17927,16382
2026-04-06,12,17949,16313
2026-04-06,13,17961,16345
2026-04-06,14,18197,16652
2026-04-06,15,18040,16620
2026-04-06,16,18424,17017
2026-04-06,17,18944,17524
2026-04-06,18,19311,17315
2026-04-06,19,19891,17566
2026-04-06,20,20200,17858
2026-04-06,21,19519,17081
2026-04-06,22,19372,16625
2026-04-06,23,18688,16005
2026-04-06,24,18529,15485
2026-04-07,1,18750,15259
2026-04-07,2,18254,14726
2026-04-07,3,18318,14675
2026-04-07,4,18850,15183
2026-04-07,5,19287,15861
2026-04-07,6,20461,17016
2026-04-07,7,21052,18051
2026-04-07,8,20450,18353
2026-04-07,9,19680,18090
2026-04-07,10,19247,17692
2026-04-07,11,18832,17275
2026-04-07,12,18431,16933
2026-04-07,13,18154,16806
2026-04-07,14,18155,16843
2026-04-07,15,17223,15997
2026-04-07,16,17501,16295
2026-04-07,17,17378,16771
2026-04-07,18,17947,17277
2026-04-07,19,19049,17894
2026-04-07,20,19834,18461
2026-04-07,21,19442,18223
2026-04-07,22,19001,17293
2026-04-07,23,18213,16316
2026-04-07,24,17928,15680
2026-04-08,1,17492,15417
2026-04-08,2,17434,15269
2026-04-08,3,17525,15070
2026-04-08,4,17991,15195
2026-04-08,5,18335,15705
2026-04-08,6,19700,16897
2026-04-08,7,20059,17853
2026-04-08,8,19335,17672
2026-04-08,9,18089,16699
2026-04-08,10,17289,15990
2026-04-08,11,17189,15744
2026-04-08,12,17143,15516
2026-04-08,13,16782,15188
2026-04-08,14,17000,15064
2026-04-08,15,16561,15041
2026-04-08,16,16696,15404
2026-04-08,17,17992,16036
2026-04-08,18,18634,16519
2026-04-08,19,19637,17161
2026-04-08,20,19967,17557
2026-04-08,21,19670,17108
2026-04-08,22,19304,16289
2026-04-08,23,18136,15181
2026-04-08,24,17797,14643
2026-04-09,1,17857,14699
2026-04-09,2,17835,14514
2026-04-09,3,17022,13776
2026-04-09,4,17054,13697
2026-04-09,5,17660,14245
2026-04-09,6,18206,15405
2026-04-09,7,19241,16606
2026-04-09,8,19218,16398
2026-04-09,9,18695,16021
2026-04-09,10,18674,15793
2026-04-09,11,18529,15735
2026-04-09,12,18830,15961
2026-04-09,13,18578,15803
2026-04-09,14,17868,15214
2026-04-09,15,17925,15363
2026-04-09,16,18049,15453
2026-04-09,17,18143,15503
2026-04-09,18,18074,15634
2026-04-09,19,19106,16315
2026-04-09,20,19484,16948
2026-04-09,21,18902,16290
2026-04-09,22,18026,15440
2026-04-09,23,17250,14755
2026-04-09,24,16786,14213
2026-04-10,1,15894,13889
2026-04-10,2,15830,13635
2026-04-10,3,15788,13565
2026-04-10,4,16023,13744
2026-04-10,5,16674,14383
2026-04-10,6,17840,15622
2026-04-10,7,18659,16666
2026-04-10,8,18955,17482
2026-04-10,9,18908,17723
2026-04-10,10,18838,17903
2026-04-10,11,18765,18011
2026-04-10,12,18613,17765
2026-04-10,13,18358,17603
2026-04-10,14,18151,17393
2026-04-10,15,17745,16952
2026-04-10,16,18190,17184
2026-04-10,17,18501,17339
2026-04-10,18,18722,17046
2026-04-10,19,18899,16995
2026-04-10,20,19000,17161
2026-04-10,21,18517,16774
2026-04-10,22,17924,16179
2026-04-10,23,17483,15382
2026-04-10,24,17313,14649
2026-04-11,1,17084,14352
2026-04-11,2,16918,14133
2026-04-11,3,16821,14048
2026-04-11,4,16558,14181
2026-04-11,5,16740,14270
2026-04-11,6,16949,14692
2026-04-11,7,17165,15139
2026-04-11,8,16810,15286
2026-04-11,9,16223,14686
2026-04-11,10,16046,14467
2026-04-11,11,16227,14510
2026-04-11,12,15941,14303
2026-04-11,13,15767,14165
2026-04-11,14,15313,13957
2026-04-11,15,14926,13832
2026-04-11,16,15099,14199
2026-04-11,17,15680,14670
2026-04-11,18,17008,15325
2026-04-11,19,17439,15665
2026-04-11,20,17906,16148
2026-04-11,21,17862,15961
2026-04-11,22,17540,15367
2026-04-11,23,16983,14728
2026-04-11,24,16556,14026
2026-04-12,1,15808,13420
2026-04-12,2,16078,13329
2026-04-12,3,16068,13156
2026-04-12,4,15955,13303
2026-04-12,5,16221,13562
2026-04-12,6,16550,13917
2026-04-12,7,16881,14637
2026-04-12,8,17007,15132
2026-04-12,9,16927,15746
2026-04-12,10,17077,16012
2026-04-12,11,17199,16221
2026-04-12,12,17463,16261
2026-04-12,13,17558,16532
2026-04-12,14,17584,16257
2026-04-12,15,17663,16213
2026-04-12,16,18273,16480
2026-04-12,17,18391,16723
2026-04-12,18,18739,16684
2026-04-12,19,18826,16575
2026-04-12,20,19054,16766
2026-04-12,21,18404,16137
2026-04-12,22,18382,15500
2026-04-12,23,17519,14732
2026-04-12,24,16852,13922
2026-04-13,1,16889,13716
2026-04-13,2,16771,13477
2026-04-13,3,16696,13363
2026-04-13,4,16879,13502
2026-04-13,5,17251,14016
2026-04-13,6,17789,15029
2026-04-13,7,18669,15995
2026-04-13,8,18811,16538
2026-04-13,9,18657,16525
2026-04-13,10,18280,16153
2026-04-13,11,18086,16048
2026-04-13,12,18027,15968
2026-04-13,13,17632,15518
2026-04-13,14,18069,15748
2026-04-13,15,17944,15707
2026-04-13,16,18189,15902
2026-04-13,17,19000,16660
2026-04-13,18,18893,16783
2026-04-13,19,18979,16911
2026-04-13,20,18813,16916
2026-04-13,21,18591,16410
2026-04-13,22,17570,15074
2026-04-13,23,17337,14517
2026-04-13,24,17060,14060
2026-04-14,1,16909,13667
2026-04-14,2,16526,13268
2026-04-14,3,16334,13057
2026-04-14,4,16555,13053
2026-04-14,5,16609,13292
2026-04-14,6,17793,14589
2026-04-14,7,18888,15856
2026-04-14,8,19140,16293
2026-04-14,9,19222,16526
2026-04-14,10,18997,16237
2026-04-14,11,18692,16256
2026-04-14,12,18653,16044
2026-04-14,13,18918,16115
2026-04-14,14,18581,15855
2026-04-14,15,18575,15933
2026-04-14,16,18583,16059
2026-04-14,17,18817,16170
2026-04-14,18,18470,16255
2026-04-14,19,18531,16540
2026-04-14,20,18453,16759
2026-04-14,21,18541,16452
2026-04-14,22,18015,15525
2026-04-14,23,17303,14529
2026-04-14,24,16763,13847
2026-04-15,1,16573,13367
2026-04-15,2,16513,13232
2026-04-15,3,16494,13220
2026-04-15,4,16655,13380
2026-04-15,5,17019,13747
2026-04-15,6,18171,15013
2026-04-15,7,18822,15941
2026-04-15,8,19391,16566
2026-04-15,9,19233,16640
2026-04-15,10,19079,16739
2026-04-15,11,18384,16446
2026-04-15,12,18806,16289
2026-04-15,13,18532,16105
2026-04-15,14,18817,16172
2026-04-15,15,19472,16541
2026-04-15,16,20066,17000
2026-04-15,17,20464,17278
2026-04-15,18,20328,17138
2026-04-15,19,20444,16893
2026-04-15,20,20101,16866
2026-04-15,21,19382,16149
2026-04-15,22,18967,15498
2026-04-15,23,18347,14819
2026-04-15,24,17752,14219
2026-04-16,1,17314,13694
2026-04-16,2,16838,13474
2026-04-16,3,16693,13407
2026-04-16,4,17111,13650
2026-04-16,5,16921,13819
2026-04-16,6,17331,14335
2026-04-16,7,17930,15298
2026-04-16,8,18462,15864
2026-04-16,9,18905,16343
2026-04-16,10,19454,17016
2026-04-16,11,18897,16790
2026-04-16,12,18673,16678
2026-04-16,13,18313,16570
2026-04-16,14,18834,16724
2026-04-16,15,19102,16651
2026-04-16,16,19374,16537
2026-04-16,17,19481,16589
2026-04-16,18,20390,16745
2026-04-16,19,20708,16712
2026-04-16,20,20448,16886
2026-04-16,21,19626,16418
2026-04-16,22,19000,15611
2026-04-16,23,18327,14766
2026-04-16,24,17748,14300
2026-04-17,1,17349,13817
2026-04-17,2,16846,13240
2026-04-17,3,16774,13099
2026-04-17,4,16862,13057
2026-04-17,5,17135,13543
2026-04-17,6,18425,14747
2026-04-17,7,19145,16003
2026-04-17,8,19105,16247
2026-04-17,9,18345,15907
2026-04-17,10,17531,15047
2026-04-17,11,17422,14784
2026-04-17,12,17440,14481
2026-04-17,13,17840,14431
2026-04-17,14,17821,14291
2026-04-17,15,17938,14331
2026-04-17,16,18497,14726
2026-04-17,17,19185,15308
2026-04-17,18,19531,15597
2026-04-17,19,19376,15793
2026-04-17,20,19283,15842
2026-04-17,21,18680,15554
2026-04-17,22,18472,14760
2026-04-17,23,17702,14106
2026-04-17,24,17219,13558
2026-04-18,1,16713,12979
2026-04-18,2,16442,12662
2026-04-18,3,16244,12415
2026-04-18,4,16142,12436
2026-04-18,5,16095,12567
2026-04-18,6,16087,12875
2026-04-18,7,16231,13349
2026-04-18,8,16479,14012
2026-04-18,9,17144,14594
2026-04-18,10,17185,14880
2026-04-18,11,16909,15055
2026-04-18,12,16785,15054
2026-04-18,13,17142,15174
2026-04-18,14,17346,15157
2026-04-18,15,17809,15353
2026-04-18,16,18389,15786
2026-04-18,17,18728,15983
2026-04-18,18,18519,15958
2026-04-18,19,18097,15655
2026-04-18,20,18226,15595
2026-04-18,21,17920,15307
2026-04-18,22,17552,14643
2026-04-18,23,17453,14008
2026-04-18,24,17388,13546
2026-04-19,1,17411,13211
2026-04-19,2,16840,12884
2026-04-19,3,16817,13081
2026-04-19,4,16675,13182
2026-04-19,5,16953,13326
2026-04-19,6,17069,13470
2026-04-19,7,17258,13971
2026-04-19,8,17731,14634
2026-04-19,9,16978,14192
2026-04-19,10,16539,14082
2026-04-19,11,17353,14913
2026-04-19,12,17745,14775
2026-04-19,13,17943,14555
2026-04-19,14,17829,14468
2026-04-19,15,17760,14585
2026-04-19,16,17995,15122
2026-04-19,17,18399,15861
2026-04-19,18,19140,16129
2026-04-19,19,19308,16266
2026-04-19,20,19587,16650
2026-04-19,21,19370,16524
2026-04-19,22,18801,15785
2026-04-19,23,18677,15087
2026-04-19,24,18055,14581
2026-04-20,1,18168,14235
2026-04-20,2,18414,14199
2026-04-20,3,18527,14321
2026-04-20,4,18749,14546
2026-04-20,5,19121,15206
2026-04-20,6,19722,16348
2026-04-20,7,20272,17479
2026-04-20,8,19993,17133
2026-04-20,9,18546,16053
2026-04-20,10,17965,15871
2026-04-20,11,17955,15824
2026-04-20,12,17861,15658
2026-04-20,13,17892,15534
2026-04-20,14,17830,15365
2026-04-20,15,17862,15104
2026-04-20,16,18380,15524
2026-04-20,17,18931,16093
2026-04-20,18,19772,16509
2026-04-20,19,20260,17080
2026-04-20,20,20862,17593
2026-04-20,21,20559,17461
2026-04-20,22,19735,16481
2026-04-20,23,18501,15377
2026-04-20,24,17651,14615
2026-04-21,1,17481,14379
2026-04-21,2,17616,14524
2026-04-21,3,17142,13987
2026-04-21,4,17350,14202
2026-04-21,5,17926,14854
2026-04-21,6,19068,15984
2026-04-21,7,20097,17040
2026-04-21,8,20228,17023
2026-04-21,9,19855,16723
2026-04-21,10,18916,15774
2026-04-21,11,18229,15105
2026-04-21,12,18021,14789
2026-04-21,13,18163,14980
2026-04-21,14,18160,14975
2026-04-21,15,18302,15106
2026-04-21,16,18729,15483
2026-04-21,17,19482,16280
2026-04-21,18,19902,16623
2026-04-21,19,20175,16872
2026-04-21,20,20361,17073
2026-04-21,21,19927,16585
2026-04-21,22,18870,15657
2026-04-21,23,17878,14805
2026-04-21,24,17139,13956
2026-04-22,1,17019,13658
2026-04-22,2,16856,13332
2026-04-22,3,17145,13510
2026-04-22,4,17319,13635
2026-04-22,5,18021,14364
2026-04-22,6,18937,15451
2026-04-22,7,19780,16537
2026-04-22,8,18833,16243
2026-04-22,9,18330,15333
2026-04-22,10,17845,14673
2026-04-22,11,18008,14558
2026-04-22,12,18155,14461
2026-04-22,13,17976,14430
2026-04-22,14,17812,14355
2026-04-22,15,17997,14460
2026-04-22,16,18308,14874
2026-04-22,17,18825,15472
2026-04-22,18,19235,15790
2026-04-22,19,19627,16132
2026-04-22,20,19716,16353
2026-04-22,21,19752,16481
2026-04-22,22,19217,15604
2026-04-22,23,17969,14375
2026-04-22,24,17271,13548
2026-04-23,1,17122,13386
2026-04-23,2,16948,13202
2026-04-23,3,16947,13154
2026-04-23,4,17108,13334
2026-04-23,5,17531,13813
2026-04-23,6,18492,14908
2026-04-23,7,19104,16049
2026-04-23,8,18738,15783
2026-04-23,9,18571,15402
2026-04-23,10,18225,14980
2026-04-23,11,17972,14764
2026-04-23,12,17617,14601
2026-04-23,13,17566,14528
2026-04-23,14,17766,14809
2026-04-23,15,17843,14867
2026-04-23,16,18613,15375
2026-04-23,17,19303,15832
2026-04-23,18,19463,16068
2026-04-23,19,19764,16352
2026-04-23,20,20033,16609
2026-04-23,21,19692,16299
2026-04-23,22,19085,15281
2026-04-23,23,18757,14649
2026-04-23,24,18186,14094
2026-04-24,1,17490,13354
2026-04-24,2,17060,13002
2026-04-24,3,17045,12963
2026-04-24,4,17324,13194
2026-04-24,5,18034,13945
2026-04-24,6,18586,14757
2026-04-24,7,19251,15737
2026-04-24,8,19232,15907
2026-04-24,9,18706,15311
2026-04-24,10,18650,14866
2026-04-24,11,18305,14773
2026-04-24,12,18935,14950
2026-04-24,13,18977,14871
2026-04-24,14,19204,14865
2026-04-24,15,19000,14742
2026-04-24,16,18830,14800
2026-04-24,17,18967,15240
2026-04-24,18,19877,15778
2026-04-24,19,20162,15995
2026-04-24,20,20603,16354
2026-04-24,21,20147,16017
2026-04-24,22,19397,15280
2026-04-24,23,18513,14354
2026-04-24,24,18036,13917
2026-04-25,1,17428,13292
2026-04-25,2,17264,13078
2026-04-25,3,17227,13054
2026-04-25,4,17345,13232
2026-04-25,5,17519,13583
2026-04-25,6,17376,13981
2026-04-25,7,17452,14488
2026-04-25,8,17370,14914
2026-04-25,9,17740,15400
2026-04-25,10,18263,15713
2026-04-25,11,18909,16008
2026-04-25,12,18665,15742
2026-04-25,13,18769,15356
2026-04-25,14,18798,15378
2026-04-25,15,18442,15066
2026-04-25,16,18580,15403
2026-04-25,17,18620,15556
2026-04-25,18,19060,15524
2026-04-25,19,18991,15393
2026-04-25,20,19418,15807
2026-04-25,21,18987,15601
2026-04-25,22,18630,14989
2026-04-25,23,18205,14601
2026-04-25,24,17372,13870
2026-04-26,1,17081,13206
2026-04-26,2,16862,12976
2026-04-26,3,16836,12950
2026-04-26,4,17038,13128
2026-04-26,5,16903,13376
2026-04-26,6,17001,13652
2026-04-26,7,16851,13900
2026-04-26,8,16626,13883
2026-04-26,9,16495,13638
2026-04-26,10,16319,13471
2026-04-26,11,16669,13550
2026-04-26,12,16673,13607
2026-04-26,13,16431,13406
2026-04-26,14,15746,12991
2026-04-26,15,15323,13201
2026-04-26,16,15284,13678
2026-04-26,17,15916,14417
2026-04-26,18,16745,14946
2026-04-26,19,17175,15250
2026-04-26,20,17614,15517
2026-04-26,21,17877,15331
2026-04-26,22,17820,14635
2026-04-26,23,17588,13946
2026-04-26,24,16947,13181
2026-04-27,1,16912,12815
2026-04-27,2,16740,12689
2026-04-27,3,16880,12712
2026-04-27,4,17158,12997
2026-04-27,5,17647,13672
2026-04-27,6,18303,14725
2026-04-27,7,18706,15603
2026-04-27,8,18386,15486
2026-04-27,9,18108,14763
2026-04-27,10,17940,14591
2026-04-27,11,17766,14314
2026-04-27,12,17681,14251
2026-04-27,13,17705,14135
2026-04-27,14,17813,14250
2026-04-27,15,17631,14285
2026-04-27,16,18009,14662
2026-04-27,17,18620,15306
2026-04-27,18,19068,15757
2026-04-27,19,19256,15932
2026-04-27,20,19262,16003
2026-04-27,21,19078,15920
2026-04-27,22,17820,14711
2026-04-27,23,17236,13755
2026-04-27,24,16576,13117
2026-04-28,1,16195,12889
2026-04-28,2,15846,12521
2026-04-28,3,15563,12325
2026-04-28,4,15836,12573
2026-04-28,5,16421,13183
2026-04-28,6,17226,14172
2026-04-28,7,18285,15400
2026-04-28,8,18869,15836
2026-04-28,9,18690,15907
2026-04-28,10,18966,16165
2026-04-28,11,18750,16001
2026-04-28,12,18598,15648
2026-04-28,13,18577,15516
2026-04-28,14,18561,15482
2026-04-28,15,19029,15718
2026-04-28,16,19080,15999
2026-04-28,17,19857,16404
2026-04-28,18,20061,16632
2026-04-28,19,19944,16682
2026-04-28,20,19899,16775
2026-04-28,21,19304,16430
2026-04-28,22,18654,15455
2026-04-28,23,17711,14663
2026-04-28,24,17046,14065
2026-04-29,1,16936,13674
2026-04-29,2,16667,13317
2026-04-29,3,16442,13119
2026-04-29,4,16413,13107
2026-04-29,5,17192,13862
2026-04-29,6,18155,14845
2026-04-29,7,18774,15970
2026-04-29,8,18954,16240
2026-04-29,9,18690,16237
2026-04-29,10,18873,16385
2026-04-29,11,18980,16411
2026-04-29,12,18910,16331
2026-04-29,13,19014,16506
2026-04-29,14,19046,16562
2026-04-29,15,18904,16368
2026-04-29,16,19227,16655
2026-04-29,17,19599,16963
2026-04-29,18,19506,16887
2026-04-29,19,19653,16903
2026-04-29,20,19600,16862
2026-04-29,21,19583,16789
2026-04-29,22,18680,15658
2026-04-29,23,17927,14763
2026-04-29,24,17318,14126
2026-04-30,1,16997,13707
2026-04-30,2,17079,13789
2026-04-30,3,16876,13594
2026-04-30,4,16946,13662
2026-04-30,5,17749,14498
2026-04-30,6,18574,15563
2026-04-30,7,19163,16607
2026-04-30,8,18783,16523
2026-04-30,9,18417,16195
2026-04-30,10,18266,15894
2026-04-30,11,17687,15422
2026-04-30,12,18368,15732
2026-04-30,13,18668,15812
2026-04-30,14,18635,15813
2026-04-30,15,18113,15455
2026-04-30,16,18004,15574
2026-04-30,17,18096,16028
2026-04-30,18,18577,16184
2026-04-30,19,19054,16520
2026-04-30,20,19456,16885
2026-04-30,21,19286,16752
2026-04-30,22,18818,15937
2026-04-30,23,17954,14849
2026-04-30,24,17354,14315
2026-05-01,1,17166,14066
2026-05-01,2,17195,14183
2026-05-01,3,16877,13825
2026-05-01,4,17014,14079
2026-05-01,5,17568,14682
2026-05-01,6,18265,15542
2026-05-01,7,18200,16268
2026-05-01,8,18113,16377
2026-05-01,9,17760,16084
2026-05-01,10,17750,15913
2026-05-01,11,17566,15621
2026-05-01,12,17746,15463
2026-05-01,13,17722,15421
2026-05-01,14,17677,14959
2026-05-01,15,18258,15408
2026-05-01,16,18700,15926
2026-05-01,17,18804,16335
2026-05-01,18,18463,16185
2026-05-01,19,18696,16230
2026-05-01,20,19285,16507
2026-05-01,21,19131,16428
2026-05-01,22,18488,15656
2026-05-01,23,18302,14805
2026-05-01,24,17559,14290
2026-05-02,1,17110,14202
2026-05-02,2,17010,13860
2026-05-02,3,16891,13594
2026-05-02,4,16503,13737
2026-05-02,5,16149,13949
2026-05-02,6,16161,14484
2026-05-02,7,16599,14793
2026-05-02,8,16468,15112
2026-05-02,9,16397,15229
2026-05-02,10,16523,15159
2026-05-02,11,17035,15245
2026-05-02,12,17095,15299
2026-05-02,13,17498,15314
2026-05-02,14,17388,15041
2026-05-02,15,17602,15095
2026-05-02,16,17896,15542
2026-05-02,17,17921,15970
2026-05-02,18,18152,15926
2026-05-02,19,18175,15783
2026-05-02,20,17786,15961
2026-05-02,21,17269,15878
2026-05-02,22,17536,15097
2026-05-02,23,17199,14442
2026-05-02,24,17226,13962
2026-05-03,1,16611,13702
2026-05-03,2,16411,13060
2026-05-03,3,16639,13081
2026-05-03,4,16997,13400
2026-05-03,5,16829,13601
2026-05-03,6,16895,13894
2026-05-03,7,16207,14042
2026-05-03,8,16186,14062
2026-05-03,9,15900,13493
2026-05-03,10,16036,13264
2026-05-03,11,16035,13181
2026-05-03,12,15751,13214
2026-05-03,13,15432,13130
2026-05-03,14,16006,13436
2026-05-03,15,16456,13832
2026-05-03,16,17133,14521
2026-05-03,17,18021,15306
2026-05-03,18,18452,15630
2026-05-03,19,18510,15769
2026-05-03,20,18492,15800
2026-05-03,21,18132,15468
2026-05-03,22,17574,14613
2026-05-03,23,17143,13739
2026-05-03,24,17002,13081
2026-05-04,1,16600,12760
2026-05-04,2,16368,12621
2026-05-04,3,16011,12576
2026-05-04,4,16288,12883
2026-05-04,5,16847,13375
2026-05-04,6,17476,14396
2026-05-04,7,18315,15593
2026-05-04,8,17701,15624
2026-05-04,9,16923,14832
2026-05-04,10,17084,14520
2026-05-04,11,17414,14405
2026-05-04,12,17318,14165
2026-05-04,13,17520,14105
2026-05-04,14,17627,14152
2026-05-04,15,17756,14293
2026-05-04,16,17889,14695
2026-05-04,17,18556,15334
2026-05-04,18,18990,15959
2026-05-04,19,19423,16114
2026-05-04,20,19351,16280
2026-05-04,21,18732,15920
2026-05-04,22,18130,14908
2026-05-04,23,17748,14022
2026-05-04,24,17055,13228
2026-05-05,1,16264,12972
2026-05-05,2,16250,12935
2026-05-05,3,16321,12881
2026-05-05,4,16523,12848
2026-05-05,5,16506,13112
2026-05-05,6,17143,14015
2026-05-05,7,17987,15075
2026-05-05,8,18306,15519
2026-05-05,9,18186,15445
2026-05-05,10,18364,15408
2026-05-05,11,18275,15374
2026-05-05,12,18938,16033
2026-05-05,13,19098,16152
2026-05-05,14,18789,15931
2026-05-05,15,19379,16291
2026-05-05,16,19728,16726
2026-05-05,17,20237,17033
2026-05-05,18,20153,16808
2026-05-05,19,19431,16597
2026-05-05,20,19597,16604
2026-05-05,21,19266,16334
2026-05-05,22,18959,15366
2026-05-05,23,18222,14576
2026-05-05,24,17606,13976
2026-05-06,1,17332,13613
2026-05-06,2,17314,13287
2026-05-06,3,17204,13216
2026-05-06,4,17363,13283
2026-05-06,5,17601,13744
2026-05-06,6,18360,14860
2026-05-06,7,19110,15898
2026-05-06,8,19622,16402
2026-05-06,9,19157,16025
2026-05-06,10,19144,15759
2026-05-06,11,19515,15833
2026-05-06,12,19778,15862
2026-05-06,13,19773,15539
2026-05-06,14,19714,15496
2026-05-06,15,19537,15453
2026-05-06,16,19905,15738
2026-05-06,17,20027,16103
2026-05-06,18,19747,16048
2026-05-06,19,19886,16370
2026-05-06,20,19906,16648
2026-05-06,21,19855,16620
2026-05-06,22,19357,15695
2026-05-06,23,18581,14844
2026-05-06,24,17664,14047
2026-05-07,1,17547,13767
2026-05-07,2,17516,13554
2026-05-07,3,17681,13677
2026-05-07,4,17826,13895
2026-05-07,5,17968,14439
2026-05-07,6,18579,15543
2026-05-07,7,18742,16123
2026-05-07,8,18336,15977
2026-05-07,9,18012,15201
2026-05-07,10,18159,14908
2026-05-07,11,18400,15076
2026-05-07,12,18358,15285
2026-05-07,13,18432,15388
2026-05-07,14,18666,15559
2026-05-07,15,18912,15853
2026-05-07,16,18618,15582
2026-05-07,17,18367,15636
2026-05-07,18,18583,15943
2026-05-07,19,19570,16387
2026-05-07,20,19734,16750
2026-05-07,21,19368,16505
2026-05-07,22,18525,15740
2026-05-07,23,18414,14944
2026-05-07,24,18128,14319
2026-05-08,1,17982,14084
2026-05-08,2,17470,13656
2026-05-08,3,17533,13594
2026-05-08,4,17600,14151
2026-05-08,5,17577,14593
2026-05-08,6,17925,15389
2026-05-08,7,18647,16236
2026-05-08,8,18463,16295
2026-05-08,9,17851,15361
2026-05-08,10,17833,14918
2026-05-08,11,17880,14839
2026-05-08,12,17647,14699
2026-05-08,13,17661,14729
2026-05-08,14,17778,14690
2026-05-08,15,17656,14506
2026-05-08,16,17913,14744
2026-05-08,17,18393,15052
2026-05-08,18,18500,15338
2026-05-08,19,18617,15610
2026-05-08,20,18773,15910
2026-05-08,21,18973,15903
2026-05-08,22,18303,14933
2026-05-08,23,18173,14142
2026-05-08,24,17380,13549
2026-05-09,1,17160,13302
2026-05-09,2,16939,13022
2026-05-09,3,16766,12987
2026-05-09,4,16478,13078
2026-05-09,5,16372,13238
2026-05-09,6,16538,13580
2026-05-09,7,16516,13922
2026-05-09,8,17150,14331
2026-05-09,9,17175,14301
2026-05-09,10,17175,14013
2026-05-09,11,17229,13923
2026-05-09,12,17202,13624
2026-05-09,13,17273,13575
2026-05-09,14,17234,13719
2026-05-09,15,17112,14166
2026-05-09,16,17927,14713
2026-05-09,17,18014,15302
2026-05-09,18,17020,14808
2026-05-09,19,17176,14712
2026-05-09,20,17385,15071
2026-05-09,21,17883,15084
2026-05-09,22,17628,14515
2026-05-09,23,16165,13557
2026-05-09,24,15362,12764
2026-05-10,1,15153,12545
2026-05-10,2,15249,12463
2026-05-10,3,15189,12417
2026-05-10,4,14591,12559
2026-05-10,5,15342,12693
2026-05-10,6,15337,12990
2026-05-10,7,15272,13241
2026-05-10,8,15573,13308
2026-05-10,9,15391,13126
2026-05-10,10,15784,13133
2026-05-10,11,15695,13148
2026-05-10,12,15742,13296
2026-05-10,13,15782,13312
2026-05-10,14,15821,13593
2026-05-10,15,15769,13551
2026-05-10,16,15703,13589
2026-05-10,17,16956,14190
2026-05-10,18,17584,14654
2026-05-10,19,17799,14990
2026-05-10,20,18212,15395
2026-05-10,21,17812,15469
2026-05-10,22,17387,14762
2026-05-10,23,16850,14082
2026-05-10,24,16094,13278
2026-05-11,1,16000,12917
2026-05-11,2,15999,12791
2026-05-11,3,16394,12904
2026-05-11,4,16289,12951
2026-05-11,5,16380,13581
2026-05-11,6,16994,14667
2026-05-11,7,17756,15785
2026-05-11,8,17869,15765
2026-05-11,9,18017,15270
2026-05-11,10,18123,15015
2026-05-11,11,18225,15059
2026-05-11,12,17767,14903
2026-05-11,13,17717,14979
2026-05-11,14,17749,14978
2026-05-11,15,17844,15109
2026-05-11,16,17824,15152
2026-05-11,17,18292,15562
2026-05-11,18,18276,15734
2026-05-11,19,18709,16006
2026-05-11,20,19047,16326
2026-05-11,21,18527,16310
2026-05-11,22,17872,15436
2026-05-11,23,17628,14642
2026-05-11,24,16815,13733
2026-05-12,1,16177,13420
2026-05-12,2,16486,13424
2026-05-12,3,16463,13547
2026-05-12,4,16644,13739
2026-05-12,5,16780,14028
2026-05-12,6,17199,15003
2026-05-12,7,17372,15811
2026-05-12,8,16961,15455
2026-05-12,9,16684,14851
2026-05-12,10,16614,14453
2026-05-12,11,16667,14511
2026-05-12,12,16724,14431
2026-05-12,13,16783,14489
2026-05-12,14,16632,14541
2026-05-12,15,17052,14771
2026-05-12,16,17573,15511
2026-05-12,17,18249,16124
2026-05-12,18,18237,16099
2026-05-12,19,18662,16214
2026-05-12,20,19083,16351
2026-05-12,21,18605,16121
2026-05-12,22,18018,14880
2026-05-12,23,17714,14193
2026-05-12,24,17366,13581
2026-05-13,1,17478,13271
2026-05-13,2,17446,13263
2026-05-13,3,17321,12938
2026-05-13,4,17175,13068
2026-05-13,5,16996,13479
2026-05-13,6,17377,14600
2026-05-13,7,17748,15489
2026-05-13,8,17640,15802
2026-05-13,9,17852,15708
2026-05-13,10,18234,15738
2026-05-13,11,18214,15848
2026-05-13,12,18618,15903
2026-05-13,13,18548,15850
2026-05-13,14,18539,15949
2026-05-13,15,18597,15967
2026-05-13,16,18903,16289
2026-05-13,17,19273,16589
2026-05-13,18,19185,16448
2026-05-13,19,19279,16539
2026-05-13,20,19522,16851
2026-05-13,21,19030,16594
2026-05-13,22,18448,15768
2026-05-13,23,17863,14782
2026-05-13,24,17982,14160
2026-05-14,1,17613,13759
2026-05-14,2,17698,13468
2026-05-14,3,17562,13405
2026-05-14,4,17487,13468
2026-05-14,5,17773,13918
2026-05-14,6,18312,14831
2026-05-14,7,18910,15967
2026-05-14,8,18752,16443
2026-05-14,9,18614,15971
2026-05-14,10,18936,15938
2026-05-14,11,18881,15924
2026-05-14,12,18995,15921
2026-05-14,13,18997,15952
2026-05-14,14,18965,15741
2026-05-14,15,18934,15713
2026-05-14,16,19368,16158
2026-05-14,17,19741,16523
2026-05-14,18,19624,16469
2026-05-14,19,19514,16793
2026-05-14,20,19232,16889
2026-05-14,21,19136,16821
2026-05-14,22,18238,15703
2026-05-14,23,18048,14888
2026-05-14,24,17513,14159
2026-05-15,1,17401,13731
2026-05-15,2,17118,13554
2026-05-15,3,17297,13512
2026-05-15,4,16938,13530
2026-05-15,5,17284,14111
2026-05-15,6,17527,14966
2026-05-15,7,17698,15692
2026-05-15,8,17534,15855
2026-05-15,9,17249,15254
2026-05-15,10,17287,15109
2026-05-15,11,17176,14996
2026-05-15,12,17129,14790
2026-05-15,13,17347,14911
2026-05-15,14,17782,15011
2026-05-15,15,17395,15071
2026-05-15,16,17489,15300
2026-05-15,17,17872,15644
2026-05-15,18,17974,15619
2026-05-15,19,18472,15555
2026-05-15,20,18879,15791
2026-05-15,21,18483,15604
2026-05-15,22,18052,14659
2026-05-15,23,17694,13916
2026-05-15,24,17139,13213
2026-05-16,1,16781,12723
2026-05-16,2,16743,12663
2026-05-16,3,16466,12582
2026-05-16,4,16475,12558
2026-05-16,5,16596,12589
2026-05-16,6,16591,12656
2026-05-16,7,16606,13001
2026-05-16,8,16942,13751
2026-05-16,9,16844,14002
2026-05-16,10,16766,14002
2026-05-16,11,16838,14138
2026-05-16,12,17163,14236
2026-05-16,13,17832,14733
2026-05-16,14,18075,14907
2026-05-16,15,17626,14872
2026-05-16,16,16970,14354
2026-05-16,17,17526,14482
2026-05-16,18,18060,14707
2026-05-16,19,18141,14915
2026-05-16,20,18251,14973
2026-05-16,21,18104,14957
2026-05-16,22,17301,14138
2026-05-16,23,16812,13584
2026-05-16,24,16426,12916
2026-05-17,1,15946,12356
2026-05-17,2,15509,12069
2026-05-17,3,15200,12070
2026-05-17,4,14977,12050
2026-05-17,5,14799,12091
2026-05-17,6,14867,12283
2026-05-17,7,14600,12590
2026-05-17,8,15070,13130
2026-05-17,9,15429,13423
2026-05-17,10,15503,13518
2026-05-17,11,15809,13634
2026-05-17,12,16149,13812
2026-05-17,13,16383,14017
2026-05-17,14,16713,14333
2026-05-17,15,17241,14484
2026-05-17,16,18054,14928
2026-05-17,17,19128,15749
2026-05-17,18,19425,16183
2026-05-17,19,19842,16211
2026-05-17,20,19513,16023
2026-05-17,21,19633,15906
2026-05-17,22,19358,15244
2026-05-17,23,17738,14024
2026-05-17,24,17195,13452
2026-05-18,1,16910,13055
2026-05-18,2,16549,12531
2026-05-18,3,16500,12447
2026-05-18,4,16413,12340
2026-05-18,5,16380,12304
2026-05-18,6,16759,12658
2026-05-18,7,16480,12724
2026-05-18,8,16920,13258
2026-05-18,9,17152,13633
2026-05-18,10,17706,14272
2026-05-18,11,18444,14882
2026-05-18,12,19223,15588
2026-05-18,13,19422,15878
2026-05-18,14,19480,16047
2026-05-18,15,19864,16347
2026-05-18,16,20878,17391
2026-05-18,17,22116,18616
2026-05-18,18,22202,18889
2026-05-18,19,22436,18731
2026-05-18,20,22090,18669
2026-05-18,21,21489,18298
2026-05-18,22,21044,17428
2026-05-18,23,19896,16425
2026-05-18,24,19193,15737
2026-05-19,1,18260,14884
2026-05-19,2,16897,14171
2026-05-19,3,17141,14009
2026-05-19,4,17364,14123
2026-05-19,5,18048,14522
2026-05-19,6,18764,15365
2026-05-19,7,19210,16448
2026-05-19,8,18958,16945
2026-05-19,9,18828,17143
2026-05-19,10,19876,17631
2026-05-19,11,20696,18033
2026-05-19,12,21304,18166
2026-05-19,13,21538,18531
2026-05-19,14,22039,18907
2026-05-19,15,22361,19401
2026-05-19,16,23404,20041
2026-05-19,17,23921,20820
2026-05-19,18,23228,20809
2026-05-19,19,23498,20594
2026-05-19,20,23091,20106
2026-05-19,21,22188,19267
2026-05-19,22,20998,17924
2026-05-19,23,19995,16821
2026-05-19,24,18661,15717
2026-05-20,1,18186,14964
2026-05-20,2,17908,14641
2026-05-20,3,17555,14366
2026-05-20,4,17434,14210
2026-05-20,5,17492,14149
2026-05-20,6,18248,14798
2026-05-20,7,18480,15541
2026-05-20,8,18615,15757
2026-05-20,9,18181,15425
2026-05-20,10,18433,15362
2026-05-20,11,18138,15143
2026-05-20,12,18067,14889
2026-05-20,13,17853,14937
2026-05-20,14,17899,14983
2026-05-20,15,18265,15348
2026-05-20,16,18146,15904
2026-05-20,17,18849,16373
2026-05-20,18,18988,16375
2026-05-20,19,19348,16297
2026-05-20,20,19266,16306
2026-05-20,21,19139,16198
2026-05-20,22,18785,15393
2026-05-20,23,17691,14424
2026-05-20,24,16972,13705
2026-05-21,1,16432,13409
2026-05-21,2,16602,13188
2026-05-21,3,16526,13184
2026-05-21,4,16784,13428
2026-05-21,5,16542,13587
2026-05-21,6,16784,14258
2026-05-21,7,17295,15249
2026-05-21,8,17262,15188
2026-05-21,9,17050,14494
2026-05-21,10,16928,14294
2026-05-21,11,16899,14083
2026-05-21,12,16887,14069
2026-05-21,13,16972,14296
2026-05-21,14,17170,14341
2026-05-21,15,16998,14415
2026-05-21,16,17192,14893
2026-05-21,17,17257,15529
2026-05-21,18,17430,15941
2026-05-21,19,17698,16086
2026-05-21,20,17863,16161
2026-05-21,21,17919,16170
2026-05-21,22,17779,15387
2026-05-21,23,17636,14510
2026-05-21,24,17068,13866
2026-05-22,1,16281,13173
2026-05-22,2,15898,12805
2026-05-22,3,15755,12623
2026-05-22,4,15945,12778
2026-05-22,5,16189,13181
2026-05-22,6,16738,13996
2026-05-22,7,16852,14763
2026-05-22,8,17039,15145
2026-05-22,9,16862,14514
2026-05-22,10,16764,14222
2026-05-22,11,16826,14117
2026-05-22,12,16743,13926
2026-05-22,13,16995,14044
2026-05-22,14,17001,13915
2026-05-22,15,16880,13938
2026-05-22,16,17011,14421
2026-05-22,17,17183,14953
2026-05-22,18,17387,15274
2026-05-22,19,17735,15519
2026-05-22,20,18065,15728
2026-05-22,21,18077,15708
2026-05-22,22,17634,14812
2026-05-22,23,16968,13818
2026-05-22,24,16146,13054
2026-05-23,1,15858,12694
2026-05-23,2,15659,12358
2026-05-23,3,15456,12172
2026-05-23,4,15325,12168
2026-05-23,5,15350,12185
2026-05-23,6,15476,12323
2026-05-23,7,16009,12861
2026-05-23,8,16531,13571
2026-05-23,9,17330,14276
2026-05-23,10,17826,14751
2026-05-23,11,18437,15360
2026-05-23,12,18315,15420
2026-05-23,13,18445,15583
2026-05-23,14,18452,15561
2026-05-23,15,18409,15656
2026-05-23,16,18540,15837
2026-05-23,17,18440,16087
2026-05-23,18,18207,15961
2026-05-23,19,18190,15742
2026-05-23,20,17921,15693
2026-05-23,21,17386,15408
2026-05-23,22,16984,14605
2026-05-23,23,16555,13907
2026-05-23,24,15923,13234
2026-05-24,1,15439,12654
2026-05-24,2,14815,12490
2026-05-24,3,14512,12339
2026-05-24,4,14494,12288
2026-05-24,5,14712,12535
2026-05-24,6,15005,12931
2026-05-24,7,15249,13412
2026-05-24,8,15633,14100
2026-05-24,9,16265,14698
2026-05-24,10,16378,14963
2026-05-24,11,16468,15087
2026-05-24,12,16465,15178
2026-05-24,13,16617,15204
2026-05-24,14,16575,15102
2026-05-24,15,16939,15336
2026-05-24,16,17401,15734
2026-05-24,17,17390,16203
2026-05-24,18,17248,16030
2026-05-24,19,17234,15966
2026-05-24,20,17290,15764
2026-05-24,21,17445,15689
2026-05-24,22,16624,14828
2026-05-24,23,16625,14116
2026-05-24,24,15589,13517
2026-05-25,1,15154,13036
2026-05-25,2,14848,12730
2026-05-25,3,15306,12971
2026-05-25,4,15322,13029
2026-05-25,5,15653,13404
2026-05-25,6,16216,14340
2026-05-25,7,16814,15544
2026-05-25,8,17154,16064
2026-05-25,9,17037,15991
2026-05-25,10,16781,15738
2026-05-25,11,16187,15042
2026-05-25,12,16201,15096
2026-05-25,13,16578,15176
2026-05-25,14,16463,15167
2026-05-25,15,16434,15164
2026-05-25,16,17296,15874
2026-05-25,17,17931,16752
2026-05-25,18,18730,17281
2026-05-25,19,18980,17561
2026-05-25,20,19329,17557
2026-05-25,21,19087,17275
2026-05-25,22,18475,16228
2026-05-25,23,17476,15092
2026-05-25,24,16922,14046
2026-05-26,1,16284,13412
2026-05-26,2,16075,12908
2026-05-26,3,15983,12852
2026-05-26,4,15810,12750
2026-05-26,5,15712,13042
2026-05-26,6,16462,14136
2026-05-26,7,16860,15186
2026-05-26,8,17347,15764
2026-05-26,9,17255,15663
2026-05-26,10,17842,15991
2026-05-26,11,18189,16173
2026-05-26,12,18312,16227
2026-05-26,13,18747,16797
2026-05-26,14,18918,16892
2026-05-26,15,19559,17447
2026-05-26,16,20167,18244
2026-05-26,17,20803,18979
2026-05-26,18,21079,19051
2026-05-26,19,21202,19109
2026-05-26,20,21235,18843
2026-05-26,21,20900,18503
2026-05-26,22,20118,17369
2026-05-26,23,19137,16151
2026-05-26,24,17923,15094
2026-05-27,1,16697,14340
2026-05-27,2,16250,13823
2026-05-27,3,15682,13484
2026-05-27,4,15824,13350
2026-05-27,5,16641,13623
2026-05-27,6,17176,14359
2026-05-27,7,18291,15679
2026-05-27,8,18421,16137
2026-05-27,9,18431,16022
2026-05-27,10,18500,16164
2026-05-27,11,19103,16492
2026-05-27,12,19141,16802
2026-05-27,13,19585,17204
2026-05-27,14,19537,17187
2026-05-27,15,19557,17285
2026-05-27,16,19591,17630
2026-05-27,17,20156,18153
2026-05-27,18,20119,17933
2026-05-27,19,20198,17831
2026-05-27,20,20319,17711
2026-05-27,21,20583,17494
2026-05-27,22,19629,16339
2026-05-27,23,18449,15280
2026-05-27,24,17421,14218
2026-05-28,1,16692,13568
2026-05-28,2,16584,13244
2026-05-28,3,16557,13184
2026-05-28,4,16534,13158
2026-05-28,5,16721,13366
2026-05-28,6,17184,14022
2026-05-28,7,17881,15086
2026-05-28,8,17929,15330
2026-05-28,9,17792,15046
2026-05-28,10,17889,15027
2026-05-28,11,18229,15120
2026-05-28,12,17915,15015
2026-05-28,13,18107,15351
2026-05-28,14,18411,15240
2026-05-28,15,18703,15616
2026-05-28,16,19194,16228
2026-05-28,17,19465,16734
2026-05-28,18,19152,16910
2026-05-28,19,19262,17255
2026-05-28,20,18891,16905
2026-05-28,21,18964,16866
2026-05-28,22,18355,15791
2026-05-28,23,17752,14766
2026-05-28,24,16696,13807
2026-05-29,1,16034,13170
2026-05-29,2,15937,12988
2026-05-29,3,16032,12977
2026-05-29,4,16151,13007
2026-05-29,5,15667,13042
2026-05-29,6,16207,14012
2026-05-29,7,16518,14967
2026-05-29,8,16289,15080
2026-05-29,9,16636,15101
2026-05-29,10,17218,15529
2026-05-29,11,17546,15570
2026-05-29,12,17429,15542
2026-05-29,13,17550,15662
2026-05-29,14,17634,15627
2026-05-29,15,17572,15664
2026-05-29,16,18006,16077
2026-05-29,17,18381,16517
2026-05-29,18,18890,16967
2026-05-29,19,18977,17092
2026-05-29,20,18865,16996
2026-05-29,21,18307,16372
2026-05-29,22,17397,15272
2026-05-29,23,16979,14193
2026-05-29,24,16706,13414
2026-05-30,1,16295,12762
2026-05-30,2,16160,12642
2026-05-30,3,16036,12518
2026-05-30,4,15806,12326
2026-05-30,5,15935,12490
2026-05-30,6,15809,12369
2026-05-30,7,15852,12801
2026-05-30,8,16236,13137
2026-05-30,9,16085,13184
2026-05-30,10,16179,13356
2026-05-30,11,15945,13618
2026-05-30,12,15930,13712
2026-05-30,13,15733,13573
2026-05-30,14,15758,13540
2026-05-30,15,15906,13640
2026-05-30,16,16424,14205
2026-05-30,17,17312,15102
2026-05-30,18,17517,15533
2026-05-30,19,17898,15808
2026-05-30,20,17706,15479
2026-05-30,21,17631,15229
2026-05-30,22,17500,14658
2026-05-30,23,17031,13873
2026-05-30,24,16290,13180
2026-05-31,1,15803,12652
2026-05-31,2,15276,12313
2026-05-31,3,14832,12116
2026-05-31,4,14709,11972
2026-05-31,5,15021,11896
2026-05-31,6,15092,11884
2026-05-31,7,15160,12240
2026-05-31,8,15142,12721
2026-05-31,9,15386,13040
2026-05-31,10,15573,13384
2026-05-31,11,15514,13574
2026-05-31,12,15751,13850
2026-05-31,13,16218,14177
2026-05-31,14,16207,13932
2026-05-31,15,16780,14276
2026-05-31,16,17313,14985
2026-05-31,17,18145,15952
2026-05-31,18,18517,16533
2026-05-31,19,18741,16721
2026-05-31,20,18705,16657
2026-05-31,21,18573,16314
2026-05-31,22,18229,15511
2026-05-31,23,17616,14488
2026-05-31,24,16992,13570
2026-06-01,1,16258,12881
2026-06-01,2,16309,12695
2026-06-01,3,16070,12534
2026-06-01,4,16029,12510
2026-06-01,5,16071,12849
2026-06-01,6,16241,13686
2026-06-01,7,16916,14663
2026-06-01,8,16767,15023
2026-06-01,9,17113,14942
2026-06-01,10,17542,15228
2026-06-01,11,17771,15413
2026-06-01,12,17523,15326
2026-06-01,13,17300,15210
2026-06-01,14,17545,15295
2026-06-01,15,17894,15493
2026-06-01,16,18369,16004
2026-06-01,17,18801,16740
2026-06-01,18,18933,17011
2026-06-01,19,19198,17163
2026-06-01,20,19273,17182
2026-06-01,21,18982,16687
2026-06-01,22,18816,15832
2026-06-01,23,17548,14760
2026-06-01,24,16538,13765
2026-06-02,1,16129,13097
2026-06-02,2,15875,12665
2026-06-02,3,15806,12504
2026-06-02,4,15680,12590
2026-06-02,5,16014,13010
2026-06-02,6,16766,13827
2026-06-02,7,17256,14953
2026-06-02,8,17121,15369
2026-06-02,9,16821,15221
2026-06-02,10,16843,15502
2026-06-02,11,17000,15695
2026-06-02,12,17172,15793
2026-06-02,13,17372,15925
2026-06-02,14,17460,15891
2026-06-02,15,18293,16392
2026-06-02,16,18681,16933
2026-06-02,17,19562,17783
2026-06-02,18,20368,18076
2026-06-02,19,20638,18129
2026-06-02,20,20707,17853
2026-06-02,21,20343,17555
2026-06-02,22,18987,16468
2026-06-02,23,17419,14939
2026-06-02,24,16697,13893
2026-06-03,1,15699,13422
2026-06-03,2,15401,12940
2026-06-03,3,15328,12751
2026-06-03,4,14986,12470
2026-06-03,5,15229,12685
2026-06-03,6,15871,13528
2026-06-03,7,16742,14990
2026-06-03,8,17047,15558
2026-06-03,9,16964,15729
2026-06-03,10,17186,16047
2026-06-03,11,17386,16361
2026-06-03,12,17888,16672
2026-06-03,13,18164,16869
2026-06-03,14,18188,16932
2026-06-03,15,18654,17380
2026-06-03,16,19983,18407
2026-06-03,17,20890,19377
2026-06-03,18,21782,19793
2026-06-03,19,21918,19800
2026-06-03,20,21705,19427
2026-06-03,21,21393,18802
2026-06-03,22,20457,17389
2026-06-03,23,18477,15937
2026-06-03,24,17386,14859
2026-06-04,1,16983,14289
2026-06-04,2,16822,13917
2026-06-04,3,16743,13692
2026-06-04,4,16217,13340
2026-06-04,5,16316,13449
2026-06-04,6,16861,14234
2026-06-04,7,17376,15278
2026-06-04,8,17930,16050
2026-06-04,9,18255,16400
2026-06-04,10,18694,16772
2026-06-04,11,18762,17000
2026-06-04,12,19402,17428
2026-06-04,13,19560,17415
2026-06-04,14,19850,17705
2026-06-04,15,20659,18274
2026-06-04,16,21162,19095
2026-06-04,17,22324,19883
2026-06-04,18,22765,20289
2026-06-04,19,22677,20256
2026-06-04,20,22577,19857
2026-06-04,21,21520,19181
2026-06-04,22,20563,17806
2026-06-04,23,19596,16309
2026-06-04,24,18614,15290
2026-06-05,1,17571,14571
2026-06-05,2,17324,14085
2026-06-05,3,17378,13958
2026-06-05,4,17287,13935
2026-06-05,5,17269,14118
2026-06-05,6,17268,14460
2026-06-05,7,17697,15536
2026-06-05,8,18150,16414
2026-06-05,9,18860,17070
2026-06-05,10,19543,17677
2026-06-05,11,20691,18396
2026-06-05,12,20994,18561
2026-06-05,13,21721,18955
2026-06-05,14,22295,19510
2026-06-05,15,22938,20022
2026-06-05,16,23162,20421
2026-06-05,17,23383,20594
2026-06-05,18,23225,20316
2026-06-05,19,23046,20033
2026-06-05,20,22792,19593
2026-06-05,21,22070,19167
2026-06-05,22,21377,18074
2026-06-05,23,20269,16770
2026-06-05,24,19044,15756
2026-06-06,1,18323,15167
2026-06-06,2,17540,14325
2026-06-06,3,17298,13917
2026-06-06,4,16963,13770
2026-06-06,5,17022,13796
2026-06-06,6,16709,13821
2026-06-06,7,16859,14369
2026-06-06,8,17671,15605
2026-06-06,9,18451,15992
2026-06-06,10,18963,16569
2026-06-06,11,20129,17277
2026-06-06,12,20184,17385
2026-06-06,13,19980,17245
2026-06-06,14,19771,17212
2026-06-06,15,19836,17197
2026-06-06,16,20705,17942
2026-06-06,17,21111,18550
2026-06-06,18,21556,18846
2026-06-06,19,21196,18550
2026-06-06,20,21014,18014
2026-06-06,21,20441,17628
2026-06-06,22,20164,16833
2026-06-06,23,19327,15773
2026-06-06,24,18149,14731
2026-06-07,1,17206,13830
2026-06-07,2,16613,13435
2026-06-07,3,16399,13143
2026-06-07,4,15847,12831
2026-06-07,5,15779,12964
2026-06-07,6,15814,13112
2026-06-07,7,15723,13542
2026-06-07,8,15893,14183
2026-06-07,9,16417,14865
2026-06-07,10,16965,15090
2026-06-07,11,17444,15364
2026-06-07,12,17982,15664
2026-06-07,13,18349,15830
2026-06-07,14,18521,16012
2026-06-07,15,19450,16375
2026-06-07,16,20426,17067
2026-06-07,17,21321,18190
2026-06-07,18,21791,18753
2026-06-07,19,22182,18825
2026-06-07,20,21409,18544
2026-06-07,21,20073,17902
2026-06-07,22,19313,16874
2026-06-07,23,17935,15606
2026-06-07,24,17094,14626
2026-06-08,1,16287,14017
2026-06-08,2,15949,13629
2026-06-08,3,15769,13434
2026-06-08,4,15118,12794
2026-06-08,5,15257,12970
2026-06-08,6,16073,13962
2026-06-08,7,17232,15417
2026-06-08,8,17770,16194
2026-06-08,9,17692,16392
2026-06-08,10,18227,16819
2026-06-08,11,19008,17158
2026-06-08,12,19237,17325
2026-06-08,13,20311,17664
2026-06-08,14,21176,17998
2026-06-08,15,21598,18448
2026-06-08,16,22212,19202
2026-06-08,17,22744,20044
2026-06-08,18,23165,20320
2026-06-08,19,22793,20015
2026-06-08,20,22541,19596
2026-06-08,21,21747,18950
2026-06-08,22,20964,17640
2026-06-08,23,19733,16219
2026-06-08,24,18156,14996
2026-06-09,1,17600,14581
2026-06-09,2,17639,14322
2026-06-09,3,17511,14018
2026-06-09,4,17177,13918
2026-06-09,5,17120,13840
2026-06-09,6,17721,14500
2026-06-09,7,19022,15875
2026-06-09,8,19465,16664
2026-06-09,9,20061,17199
2026-06-09,10,20547,17848
2026-06-09,11,21284,18243
2026-06-09,12,21304,18438
2026-06-09,13,21368,18829
2026-06-09,14,21832,19496
2026-06-09,15,22253,19892
2026-06-09,16,22902,20524
2026-06-09,17,23602,21218
2026-06-09,18,23771,21091
2026-06-09,19,23109,20884
2026-06-09,20,22568,20366
2026-06-09,21,22397,20099
2026-06-09,22,21647,18918
2026-06-09,23,20955,17555
2026-06-09,24,19802,16291
2026-06-10,1,19141,15714
2026-06-10,2,18800,15322
2026-06-10,3,18589,15080
2026-06-10,4,18579,15087
2026-06-10,5,18714,15219
2026-06-10,6,19509,16217
2026-06-10,7,20673,17446
2026-06-10,8,20664,18115
2026-06-10,9,21005,18615
2026-06-10,10,21236,19198
2026-06-10,11,21298,19496
2026-06-10,12,21716,19719
2026-06-10,13,22258,20226
2026-06-10,14,23002,20662
2026-06-10,15,23066,20894
2026-06-10,16,23764,21343
2026-06-10,17,24067,21755
2026-06-10,18,24256,21673
2026-06-10,19,24097,21729
2026-06-10,20,23846,21402
2026-06-10,21,23369,21028
2026-06-10,22,22868,19890
2026-06-10,23,21687,18497
2026-06-10,24,20280,17182
2026-06-11,1,19444,16495
2026-06-11,2,19363,15938
2026-06-11,3,19078,15479
2026-06-11,4,18856,15453
2026-06-11,5,19069,15718
2026-06-11,6,19893,16654
2026-06-11,7,20858,17999
2026-06-11,8,21515,18857
2026-06-11,9,21897,19403
2026-06-11,10,22348,20091
2026-06-11,11,22450,20469
2026-06-11,12,23264,21041
2026-06-11,13,23249,21371
2026-06-11,14,23226,21516
2026-06-11,15,23416,21666
2026-06-11,16,23114,21525
2026-06-11,17,23177,21590
2026-06-11,18,23704,21742
2026-06-11,19,24131,22044
2026-06-11,20,24250,21858
2026-06-11,21,23967,21557
2026-06-11,22,23327,20389
2026-06-11,23,21425,18655
2026-06-11,24,20455,17281
2026-06-12,1,19953,16541
2026-06-12,2,19942,16346
2026-06-12,3,19212,15699
2026-06-12,4,18790,15216
2026-06-12,5,18961,15440
2026-06-12,6,19861,16436
2026-06-12,7,20843,17552
2026-06-12,8,21959,18505
2026-06-12,9,22444,19132
2026-06-12,10,22512,19278
2026-06-12,11,22581,19535
2026-06-12,12,22886,19675
2026-06-12,13,22864,19743
2026-06-12,14,22765,19567
2026-06-12,15,23409,19862
2026-06-12,16,24138,20613
2026-06-12,17,23530,20541
2026-06-12,18,23092,20754
2026-06-12,19,22585,20583
2026-06-12,20,22524,20179
2026-06-12,21,22505,19396
2026-06-12,22,21681,18197
2026-06-12,23,20466,16900
2026-06-12,24,19109,15638
2026-06-13,1,18635,15064
2026-06-13,2,17964,14341
2026-06-13,3,17386,13959
2026-06-13,4,17063,13615
2026-06-13,5,17343,13720
2026-06-13,6,17275,13738
2026-06-13,7,17591,14407
2026-06-13,8,18399,15251
2026-06-13,9,18999,16349
2026-06-13,10,19551,17095
2026-06-13,11,19894,17592
2026-06-13,12,20442,18062
2026-06-13,13,20753,18235
2026-06-13,14,21194,18593
2026-06-13,15,21639,18700
2026-06-13,16,22436,19341
2026-06-13,17,22774,19701
2026-06-13,18,23051,20121
2026-06-13,19,23067,19934
2026-06-13,20,22222,18911
2026-06-13,21,21754,18563
2026-06-13,22,21430,17888
2026-06-13,23,20190,16758
2026-06-13,24,18988,15695
2026-06-14,1,17936,14779
2026-06-14,2,17179,14005
2026-06-14,3,16824,13733
2026-06-14,4,16514,13405
2026-06-14,5,16371,13236
2026-06-14,6,16305,13358
2026-06-14,7,16034,13776
2026-06-14,8,16287,14452
2026-06-14,9,17046,15165
2026-06-14,10,17831,15891
2026-06-14,11,18616,16261
2026-06-14,12,19205,16441
2026-06-14,13,19356,16617
2026-06-14,14,19379,16477
2026-06-14,15,19356,16428
2026-06-14,16,19886,16534
2026-06-14,17,20026,16899
2026-06-14,18,19589,16677
2026-06-14,19,19586,16624
2026-06-14,20,19032,16233
2026-06-14,21,18655,15773
2026-06-14,22,18580,15336
2026-06-14,23,17695,14224
2026-06-14,24,16750,13306
2026-06-15,1,16456,12917
2026-06-15,2,16106,12544
2026-06-15,3,16086,12613
2026-06-15,4,16222,12747
2026-06-15,5,16181,13055
2026-06-15,6,16475,13419
2026-06-15,7,17027,14526
2026-06-15,8,17241,14947
2026-06-15,9,17045,14927
2026-06-15,10,17034,15133
2026-06-15,11,17249,15377
2026-06-15,12,17543,15581
2026-06-15,13,17578,15718
2026-06-15,14,17609,15803
2026-06-15,15,17398,15896
2026-06-15,16,17785,16209
2026-06-15,17,18442,16690
2026-06-15,18,18721,16956
2026-06-15,19,19190,17075
2026-06-15,20,19192,16907
2026-06-15,21,19166,16576
2026-06-15,22,18718,15719
2026-06-15,23,17873,14595
2026-06-15,24,17002,13731
2026-06-16,1,16475,13188
2026-06-16,2,16267,12863
2026-06-16,3,16261,12889
2026-06-16,4,16026,12650
2026-06-16,5,16018,13021
2026-06-16,6,16255,13632
2026-06-16,7,16715,14766
2026-06-16,8,17024,15318
2026-06-16,9,16969,15261
2026-06-16,10,16991,15590
2026-06-16,11,17249,15635
2026-06-16,12,17837,15911
2026-06-16,13,18216,16148
2026-06-16,14,18520,16310
2026-06-16,15,18719,16528
2026-06-16,16,18851,16798
2026-06-16,17,19291,17452
2026-06-16,18,19411,17554
2026-06-16,19,19303,17446
2026-06-16,20,19545,17306
2026-06-16,21,19868,17193
2026-06-16,22,18983,16205
2026-06-16,23,17850,14931
2026-06-16,24,17430,14037
2026-06-17,1,16858,13734
2026-06-17,2,16632,13318
2026-06-17,3,16652,13007
2026-06-17,4,16111,12928
2026-06-17,5,16081,13295
2026-06-17,6,16317,13953
2026-06-17,7,16936,15108
2026-06-17,8,17215,15586
2026-06-17,9,17126,15759
2026-06-17,10,17236,15839
2026-06-17,11,17667,16383
2026-06-17,12,18059,16445
2026-06-17,13,18453,16614
2026-06-17,14,18230,16649
2026-06-17,15,18766,16877
2026-06-17,16,19482,17432
2026-06-17,17,19857,17731
2026-06-17,18,19521,17519
2026-06-17,19,19285,17321
2026-06-17,20,19248,17150
2026-06-17,21,19131,16906
2026-06-17,22,18389,15940
2026-06-17,23,17936,14935
2026-06-17,24,17874,14049
2026-06-18,1,17757,13704
2026-06-18,2,17362,13403
2026-06-18,3,17080,13356
2026-06-18,4,17186,13483
2026-06-18,5,17428,13967
2026-06-18,6,17700,14454
2026-06-18,7,18159,15341
2026-06-18,8,18056,15870
2026-06-18,9,18418,16085
2026-06-18,10,18746,16220
2026-06-18,11,19196,16396
2026-06-18,12,19751,16589
2026-06-18,13,19877,16718
2026-06-18,14,19657,16551
2026-06-18,15,19821,16831
2026-06-18,16,20004,17085
2026-06-18,17,20253,17317
2026-06-18,18,20464,17132
2026-06-18,19,20053,16849
2026-06-18,20,19865,16539
2026-06-18,21,19601,16588
2026-06-18,22,19355,15824
2026-06-18,23,18628,14903
2026-06-18,24,17730,13972
2026-06-19,1,17260,13638
2026-06-19,2,16865,13320
2026-06-19,3,16661,12989
2026-06-19,4,16787,13081
2026-06-19,5,16860,13464
2026-06-19,6,16979,14357
2026-06-19,7,17240,15229
2026-06-19,8,17414,15632
2026-06-19,9,17455,15742
2026-06-19,10,17722,15977
2026-06-19,11,17760,15958
2026-06-19,12,18345,16479
2026-06-19,13,18339,16122
2026-06-19,14,18256,15847
2026-06-19,15,18696,16076
2026-06-19,16,19372,16415
2026-06-19,17,19668,16870
2026-06-19,18,19717,17205
2026-06-19,19,19997,17166
2026-06-19,20,19811,16868
2026-06-19,21,19282,16449
2026-06-19,22,18604,15693
2026-06-19,23,17943,14694
2026-06-19,24,17284,13928
2026-06-20,1,16625,13324
2026-06-20,2,16498,13076
2026-06-20,3,16301,12814
2026-06-20,4,16147,12951
2026-06-20,5,16021,12850
2026-06-20,6,15545,12969
2026-06-20,7,15576,13394
2026-06-20,8,15563,13807
2026-06-20,9,16174,14488
2026-06-20,10,16431,14744
2026-06-20,11,16567,14990
2026-06-20,12,16789,15246
2026-06-20,13,17216,15438
2026-06-20,14,17412,15453
2026-06-20,15,17762,15475
2026-06-20,16,18053,15907
2026-06-20,17,18966,16547
2026-06-20,18,19194,16740
2026-06-20,19,19368,16512
2026-06-20,20,19086,16165
2026-06-20,21,19003,16016
2026-06-20,22,18301,15368
2026-06-20,23,17640,14406
2026-06-20,24,16611,13601
2026-06-21,1,15938,13043
2026-06-21,2,15748,12645
2026-06-21,3,15542,12469
2026-06-21,4,15699,12373
2026-06-21,5,15494,12600
2026-06-21,6,15043,12681
2026-06-21,7,15270,13218
2026-06-21,8,15289,13683
2026-06-21,9,15608,13941
2026-06-21,10,16145,14401
2026-06-21,11,16485,14700
2026-06-21,12,16872,15159
2026-06-21,13,17668,15435
2026-06-21,14,18294,15672
2026-06-21,15,19125,16072
2026-06-21,16,19509,16703
2026-06-21,17,20150,17420
2026-06-21,18,20084,17464
2026-06-21,19,20050,17365
2026-06-21,20,20069,17091
2026-06-21,21,20031,17057
2026-06-21,22,19483,16354
2026-06-21,23,18860,15301
2026-06-21,24,18499,14360
2026-06-22,1,17096,13579
2026-06-22,2,16712,13303
2026-06-22,3,16471,12899
2026-06-22,4,16514,13077
2026-06-22,5,16776,13407
2026-06-22,6,17260,14351
2026-06-22,7,18311,15487
2026-06-22,8,18908,15971
2026-06-22,9,18711,16133
2026-06-22,10,18805,16554
2026-06-22,11,19034,16587
2026-06-22,12,19109,16724
2026-06-22,13,19618,16959
2026-06-22,14,19829,17035
2026-06-22,15,20205,17092
2026-06-22,16,20308,17341
2026-06-22,17,20626,17756
2026-06-22,18,20870,17744
2026-06-22,19,21171,17968
2026-06-22,20,20923,17861
2026-06-22,21,20472,17328
2026-06-22,22,19933,16524
2026-06-22,23,19268,15499
2026-06-22,24,18672,14735
2026-06-23,1,17665,14141
2026-06-23,2,17333,13675
2026-06-23,3,17118,13515
2026-06-23,4,16935,13332
2026-06-23,5,16785,13417
2026-06-23,6,17487,14077
2026-06-23,7,18597,15322
2026-06-23,8,18857,15724
2026-06-23,9,18654,15758
2026-06-23,10,18485,15809
2026-06-23,11,18484,15983
2026-06-23,12,18915,16390
2026-06-23,13,19266,16709
2026-06-23,14,19831,16969
2026-06-23,15,20133,17434
2026-06-23,16,20503,18052
2026-06-23,17,20709,18643
2026-06-23,18,20515,18550
2026-06-23,19,21309,18675
2026-06-23,20,21420,18385
2026-06-23,21,20968,17942
2026-06-23,22,20111,16902
2026-06-23,23,18901,15654
2026-06-23,24,17354,14546
2026-06-24,1,16779,13903
2026-06-24,2,16679,13477
2026-06-24,3,16409,13256
2026-06-24,4,16296,13209
2026-06-24,5,16493,13645
2026-06-24,6,16941,14089
2026-06-24,7,17553,15257
2026-06-24,8,17762,15881
2026-06-24,9,18077,16228
2026-06-24,10,18516,16514
2026-06-24,11,18276,16549
2026-06-24,12,18773,16969
2026-06-24,13,19180,17254
2026-06-24,14,19389,17393
2026-06-24,15,20302,18197
2026-06-24,16,20639,18455
2026-06-24,17,21039,18791
2026-06-24,18,20926,18535
2026-06-24,19,21265,18387
2026-06-24,20,21194,18051
2026-06-24,21,21228,18061
2026-06-24,22,20598,17144
2026-06-24,23,19699,16073
2026-06-24,24,18502,14959
2026-06-25,1,17396,14582
2026-06-25,2,17025,13932
2026-06-25,3,16898,13691
2026-06-25,4,16798,13846
2026-06-25,5,17041,13846
2026-06-25,6,17911,14468
2026-06-25,7,18288,15428
2026-06-25,8,18534,16103
2026-06-25,9,18873,16334
2026-06-25,10,20184,17188
2026-06-25,11,20119,16903
2026-06-25,12,20262,16988
2026-06-25,13,20499,17151
2026-06-25,14,20694,17281
2026-06-25,15,20948,17393
2026-06-25,16,21722,18016
2026-06-25,17,21979,18104
2026-06-25,18,21975,18018
2026-06-25,19,21762,17809
2026-06-25,20,21436,17719
2026-06-25,21,21121,17588
2026-06-25,22,20121,16663
2026-06-25,23,19389,15725
2026-06-25,24,18131,14904
2026-06-26,1,17056,14327
2026-06-26,2,16774,13971
2026-06-26,3,16445,13605
2026-06-26,4,16580,13620
2026-06-26,5,16850,13945
2026-06-26,6,17598,14744
2026-06-26,7,18134,15577
2026-06-26,8,17995,15834
2026-06-26,9,18474,16247
2026-06-26,10,18604,16389
2026-06-26,11,19568,16714
2026-06-26,12,19545,16926
2026-06-26,13,18901,16909
2026-06-26,14,19767,17102
2026-06-26,15,20357,17560
2026-06-26,16,21185,18266
2026-06-26,17,21370,18424
2026-06-26,18,21435,18285
2026-06-26,19,20990,18050
2026-06-26,20,20949,17764
2026-06-26,21,21008,17698
2026-06-26,22,20542,16887
2026-06-26,23,19018,15583
2026-06-26,24,17414,14598
2026-06-27,1,17260,14249
2026-06-27,2,17149,14020
2026-06-27,3,16961,13812
2026-06-27,4,16816,13699
2026-06-27,5,16633,13457
2026-06-27,6,16348,13309
2026-06-27,7,16667,13739
2026-06-27,8,17274,14347
2026-06-27,9,18375,15275
2026-06-27,10,18788,15800
2026-06-27,11,19128,16377
2026-06-27,12,19341,16946
2026-06-27,13,19682,17232
2026-06-27,14,19768,17483
2026-06-27,15,20145,17481
2026-06-27,16,20992,18338
2026-06-27,17,21265,18928
2026-06-27,18,21582,19398
2026-06-27,19,21395,19181
2026-06-27,20,21382,18622
2026-06-27,21,20608,17937
2026-06-27,22,19799,16963
2026-06-27,23,19003,16042
2026-06-27,24,18178,15179
2026-06-28,1,17263,14424
2026-06-28,2,16585,13793
2026-06-28,3,16264,13429
2026-06-28,4,16045,13232
2026-06-28,5,15812,12894
2026-06-28,6,15632,12733
2026-06-28,7,16015,13420
2026-06-28,8,16720,14408
2026-06-28,9,17230,15318
2026-06-28,10,17992,16212
2026-06-28,11,18906,17010
2026-06-28,12,20053,17655
2026-06-28,13,20176,18022
2026-06-28,14,20403,18326
2026-06-28,15,20856,18880
2026-06-28,16,21517,19500
2026-06-28,17,22263,20269
2026-06-28,18,22576,20657
2026-06-28,19,23068,20574
2026-06-28,20,22775,19964
2026-06-28,21,22237,19220
2026-06-28,22,21387,18117
2026-06-28,23,20172,16887
2026-06-28,24,19461,15939
2026-06-29,1,18177,14972
2026-06-29,2,17819,14338
2026-06-29,3,17303,14046
2026-06-29,4,17470,13977
2026-06-29,5,17809,14182
2026-06-29,6,18234,14789
2026-06-29,7,19445,16200
2026-06-29,8,20370,17384
2026-06-29,9,20708,18199
2026-06-29,10,21349,19142
2026-06-29,11,21797,19796
2026-06-29,12,22208,20468
2026-06-29,13,22457,20693
2026-06-29,14,23066,21019
2026-06-29,15,23144,21164
2026-06-29,16,23395,21718
2026-06-29,17,23573,22120
2026-06-29,18,23919,22234
2026-06-29,19,23760,21862
2026-06-29,20,23276,21383
2026-06-29,21,23356,20934
2026-06-29,22,22706,19579
2026-06-29,23,21743,18041
2026-06-29,24,20369,16701
2026-06-30,1,19541,16014
2026-06-30,2,19134,15516
2026-06-30,3,19135,15391
2026-06-30,4,18876,15098
2026-06-30,5,18779,15071
2026-06-30,6,19318,15770
2026-06-30,7,19825,16779
2026-06-30,8,20376,17877
2026-06-30,9,21275,18920
2026-06-30,10,22290,20274
2026-06-30,11,23123,21292
2026-06-30,12,23708,22080
2026-06-30,13,24289,22792
2026-06-30,14,24298,23010
2026-06-30,15,24744,23143
2026-06-30,16,24908,23014
2026-06-30,17,24878,23232
2026-06-30,18,24883,23327
2026-06-30,19,25470,23526
2026-06-30,20,25448,23361
2026-06-30,21,25194,23300
2026-06-30,22,23843,22310
2026-06-30,23,23091,21276
2026-06-30,24,22367,19917
2026-07-01,1,21514,19083
2026-07-01,2,20776,18313
2026-07-01,3,20623,17933
2026-07-01,4,20316,17285
2026-07-01,5,20347,17114
2026-07-01,6,20142,17039
2026-07-01,7,20292,17790
2026-07-01,8,21031,19207
2026-07-01,9,21858,20609
2026-07-01,10,22868,22011
2026-07-01,11,23458,22772
2026-07-01,12,24136,23253
2026-07-01,13,25057,23757
2026-07-01,14,25609,23833
2026-07-01,15,25806,23613
2026-07-01,16,25871,23751
2026-07-01,17,25955,23719
2026-07-01,18,24468,22208
2026-07-01,19,23788,21543
2026-07-01,20,23683,21400
2026-07-01,21,23618,21387
2026-07-01,22,22470,20441
2026-07-01,23,21940,19744
2026-07-01,24,21372,18604
2026-07-02,1,20962,17971
2026-07-02,2,20803,17391
2026-07-02,3,20273,16841
2026-07-02,4,20047,16450
2026-07-02,5,19841,16668
2026-07-02,6,19776,17235
2026-07-02,7,20450,18628
2026-07-02,8,21836,20564
2026-07-02,9,22125,21537
2026-07-02,10,22723,22394
2026-07-02,11,23837,23067
2026-07-02,12,25054,23276
2026-07-02,13,25487,23207
2026-07-02,14,25919,23438
2026-07-02,15,26649,24187
2026-07-02,16,27256,24441
2026-07-02,17,27678,24633
2026-07-02,18,26752,24734
2026-07-02,19,26202,24612
2026-07-02,20,26231,24353
2026-07-02,21,26192,23846
2026-07-02,22,24978,22752
2026-07-02,23,24029,21523
2026-07-02,24,22602,20075
2026-07-03,1,22230,19076
2026-07-03,2,21591,18170
2026-07-03,3,21249,17682
2026-07-03,4,21010,17543
2026-07-03,5,20549,17293
2026-07-03,6,20665,17775
2026-07-03,7,21356,19229
2026-07-03,8,21877,20121
2026-07-03,9,21697,20290
2026-07-03,10,22519,21416
2026-07-03,11,23675,22115
2026-07-03,12,24738,22424
2026-07-03,13,24784,22693
2026-07-03,14,25479,22944
2026-07-03,15,25505,22798
2026-07-03,16,25990,22922
2026-07-03,17,26221,23857
2026-07-03,18,25231,23577
2026-07-03,19,24989,23297
2026-07-03,20,25236,22735
2026-07-03,21,24856,22438
2026-07-03,22,24080,21480
2026-07-03,23,22865,20293
2026-07-03,24,21738,19022
2026-07-04,1,21141,18150
2026-07-04,2,20774,17562
2026-07-04,3,20493,17097
2026-07-04,4,20116,16550
2026-07-04,5,20290,16624
2026-07-04,6,19886,16464
2026-07-04,7,20255,17134
2026-07-04,8,20464,17816
2026-07-04,9,20581,18196
2026-07-04,10,21075,18813
2026-07-04,11,21906,19344
2026-07-04,12,21870,19431
2026-07-04,13,22364,19805
2026-07-04,14,21915,19627
2026-07-04,15,21803,19701
2026-07-04,16,22076,20059
2026-07-04,17,23611,21027
2026-07-04,18,24293,21416
2026-07-04,19,23371,21021
2026-07-04,20,22822,20347
2026-07-04,21,22382,19814
2026-07-04,22,21872,18983
2026-07-04,23,21056,17773
2026-07-04,24,20287,16809
2026-07-05,1,19970,16118
2026-07-05,2,19474,15580
2026-07-05,3,19202,15225
2026-07-05,4,18956,15034
2026-07-05,5,18722,14807
2026-07-05,6,18373,14598
2026-07-05,7,18430,14960
2026-07-05,8,18806,15655
2026-07-05,9,19065,16240
2026-07-05,10,20049,17153
2026-07-05,11,21255,18299
2026-07-05,12,21698,18822
2026-07-05,13,22106,18939
2026-07-05,14,22071,18999
2026-07-05,15,22277,19343
2026-07-05,16,22695,19863
2026-07-05,17,22699,20247
2026-07-05,18,22185,20151
2026-07-05,19,22392,19741
2026-07-05,20,22508,19052
2026-07-05,21,22583,18846
2026-07-05,22,21916,17990
2026-07-05,23,20471,16708
2026-07-05,24,19466,15756
2026-07-06,1,18362,14953
2026-07-06,2,18151,14396
2026-07-06,3,17909,13981
2026-07-06,4,17617,13719
2026-07-06,5,17698,14003
2026-07-06,6,18136,14741
2026-07-06,7,19106,16032
2026-07-06,8,19501,16880
2026-07-06,9,20116,17816
2026-07-06,10,20823,18390
2026-07-06,11,21572,18889
2026-07-06,12,22418,19418
2026-07-06,13,22971,20029
2026-07-06,14,23355,20511
2026-07-06,15,23399,21110
2026-07-06,16,23405,21459
2026-07-06,17,23347,22126
2026-07-06,18,23792,22353
2026-07-06,19,23805,22117
2026-07-06,20,23435,21406
2026-07-06,21,23091,20868
2026-07-06,22,22406,19660
2026-07-06,23,21384,18251
2026-07-06,24,20107,16782
2026-07-07,1,19361,16140
2026-07-07,2,19032,15653
2026-07-07,3,18844,15345
2026-07-07,4,18712,15270
2026-07-07,5,18777,15364
2026-07-07,6,19240,16165
2026-07-07,7,20064,17319
2026-07-07,8,20640,18098
2026-07-07,9,20901,18769
2026-07-07,10,21449,19459
2026-07-07,11,21515,20010
2026-07-07,12,22254,20186
2026-07-07,13,22484,20614
2026-07-07,14,22984,21142
2026-07-07,15,23127,21548
2026-07-07,16,23611,22033
2026-07-07,17,24261,22870
2026-07-07,18,24296,22864
2026-07-07,19,24253,22844
2026-07-07,20,23728,22296
2026-07-07,21,23410,21612
2026-07-07,22,22287,20434
2026-07-07,23,21455,18814
2026-07-07,24,20270,17356
2026-07-08,1,19650,16499
2026-07-08,2,19199,15833
2026-07-08,3,18970,15420
2026-07-08,4,18969,15446
2026-07-08,5,18691,15633
2026-07-08,6,18793,16382
2026-07-08,7,19632,17617
2026-07-08,8,20167,18715
2026-07-08,9,20743,19548
2026-07-08,10,21528,20489
2026-07-08,11,22315,21152
2026-07-08,12,23080,21685
2026-07-08,13,23642,22098
2026-07-08,14,23867,22369
2026-07-08,15,24178,22750
2026-07-08,16,24402,22801
2026-07-08,17,24662,22998
2026-07-08,18,25001,23175
2026-07-08,19,25213,23255
2026-07-08,20,25045,22944
2026-07-08,21,24956,22711
2026-07-08,22,23557,21488
2026-07-08,23,22635,19932
2026-07-08,24,21278,18478
2026-07-09,1,20923,17558
2026-07-09,2,20195,16998
2026-07-09,3,19712,16502
2026-07-09,4,19450,16381
2026-07-09,5,19665,16450
2026-07-09,6,19882,17070
2026-07-09,7,20624,18125
2026-07-09,8,21394,19452
2026-07-09,9,22169,20282
2026-07-09,10,22814,21129
2026-07-09,11,23413,21414
2026-07-09,12,24195,21957
2026-07-09,13,24438,22248
2026-07-09,14,24907,22214
2026-07-09,15,24208,21573
2026-07-09,16,23802,21033
2026-07-09,17,24102,21376
2026-07-09,18,24018,21172
2026-07-09,19,23617,20875
2026-07-09,20,23139,20636
2026-07-09,21,22768,20460
2026-07-09,22,22326,19423
2026-07-09,23,21801,18390
2026-07-09,24,20985,17121
2026-07-10,1,19897,16217
2026-07-10,2,19670,15731
2026-07-10,3,19227,15284
2026-07-10,4,19067,15248
2026-07-10,5,19278,15481
2026-07-10,6,19318,15752
2026-07-10,7,20029,16917
2026-07-10,8,20587,17923
2026-07-10,9,20933,18690
2026-07-10,10,21551,19453
2026-07-10,11,22156,19968
2026-07-10,12,22280,20459
2026-07-10,13,22730,20972
2026-07-10,14,23587,21046
2026-07-10,15,24063,21450
2026-07-10,16,24240,22069
2026-07-10,17,24502,22544
2026-07-10,18,24445,22334
2026-07-10,19,24309,22096
2026-07-10,20,23230,21148
2026-07-10,21,23025,20751
2026-07-10,22,22342,19582
2026-07-10,23,21490,18313
2026-07-10,24,20714,16955
2026-07-11,1,19164,16106
2026-07-11,2,18726,15397
2026-07-11,3,18387,14782
2026-07-11,4,18542,14864
2026-07-11,5,18484,14773
2026-07-11,6,18455,14823
2026-07-11,7,18803,15459
2026-07-11,8,19635,16710
2026-07-11,9,20178,17506
2026-07-11,10,20783,18359
2026-07-11,11,20828,18934
2026-07-11,12,21059,19344
2026-07-11,13,21177,19639
2026-07-11,14,21131,19663
2026-07-11,15,21707,20003
2026-07-11,16,22319,20599
2026-07-11,17,22791,21061
2026-07-11,18,22695,21180
2026-07-11,19,23062,21006
2026-07-11,20,22449,20219
2026-07-11,21,21487,19451
2026-07-11,22,20757,18508
2026-07-11,23,20236,17360
2026-07-11,24,19573,16183
2026-07-12,1,18485,15433
2026-07-12,2,17720,14712
2026-07-12,3,17428,14310
2026-07-12,4,17282,14235
2026-07-12,5,17441,14061
2026-07-12,6,17025,14007
2026-07-12,7,17058,14429
2026-07-12,8,17133,15136
2026-07-12,9,18185,16391
2026-07-12,10,18706,17139
2026-07-12,11,19468,18055
2026-07-12,12,20152,18647
2026-07-12,13,20830,19083
2026-07-12,14,21143,19384
2026-07-12,15,21494,19893
2026-07-12,16,22131,20668
2026-07-12,17,22524,21445
2026-07-12,18,22441,21408
2026-07-12,19,22473,21308
2026-07-12,20,22005,20517
2026-07-12,21,21426,19898
2026-07-12,22,20913,18951
2026-07-12,23,20232,17622
2026-07-12,24,19515,16484
2026-07-13,1,18750,15466
2026-07-13,2,18058,14956
2026-07-13,3,17670,14599
2026-07-13,4,17894,14717
2026-07-13,5,18160,14888
2026-07-13,6,18777,15665
2026-07-13,7,19150,16683
2026-07-13,8,19394,17514
2026-07-13,9,20491,18721
2026-07-13,10,21505,19739
2026-07-13,11,22060,20322
2026-07-13,12,22434,20937
2026-07-13,13,22620,21633
2026-07-13,14,23517,22141
2026-07-13,15,24101,22644
2026-07-13,16,24897,23227
2026-07-13,17,25165,23792
2026-07-13,18,25308,23982
2026-07-13,19,25339,23828
2026-07-13,20,24909,23395
2026-07-13,21,24407,22969
2026-07-13,22,23254,21588
2026-07-13,23,22404,20151
2026-07-13,24,21614,18792
2026-07-14,1,20373,17734
2026-07-14,2,20106,17016
2026-07-14,3,19934,16839
2026-07-14,4,19872,16470
2026-07-14,5,19473,16416
2026-07-14,6,19913,17372
2026-07-14,7,20782,18850
2026-07-14,8,21603,20298
2026-07-14,9,22048,21501
2026-07-14,10,22580,22454
2026-07-14,11,23315,23236
2026-07-14,12,24249,23943
2026-07-14,13,25190,24746
2026-07-14,14,26239,24897
2026-07-14,15,26909,25057
2026-07-14,16,26960,25384
2026-07-14,17,27360,25646
2026-07-14,18,27516,25517
2026-07-14,19,27359,25285
2026-07-14,20,27105,25081
2026-07-14,21,26139,24720
2026-07-14,22,25454,23841
2026-07-14,23,24548,22174
2026-07-14,24,22275,20725
2026-07-15,1,21675,19742
2026-07-15,2,21799,19045
2026-07-15,3,21715,18850
2026-07-15,4,21300,18464
2026-07-15,5,21045,18629
2026-07-15,6,21117,19317
2026-07-15,7,20874,19729
2026-07-15,8,21201,20894
2026-07-15,9,21090,20781
2026-07-15,10,22092,21194
2026-07-15,11,22298,21300
2026-07-15,12,23371,21607
2026-07-15,13,23532,21748
2026-07-15,14,23414,21450
2026-07-15,15,23502,21341
2026-07-15,16,23714,21391
2026-07-15,17,24204,21582
2026-07-15,18,24202,21476
2026-07-15,19,24248,21371
2026-07-15,20,23919,20953
2026-07-15,21,23175,20744
2026-07-15,22,22069,19557
2026-07-15,23,20232,18310
2026-07-15,24,19514,17127
2026-07-16,1,18795,16378
2026-07-16,2,18657,15624
2026-07-16,3,18326,15277
2026-07-16,4,18163,15140
2026-07-16,5,18052,15223
2026-07-16,6,18506,15691
2026-07-16,7,19364,16881
2026-07-16,8,20240,17986
2026-07-16,9,20736,18592
2026-07-16,10,21171,19440
2026-07-16,11,22765,20276
2026-07-16,12,22895,21024
2026-07-16,13,23009,21422
2026-07-16,14,23457,21828
2026-07-16,15,23551,21879
2026-07-16,16,24055,22216
2026-07-16,17,24984,22709
2026-07-16,18,24809,22572
2026-07-16,19,24451,22259
2026-07-16,20,23605,21403
2026-07-16,21,22426,20612
2026-07-16,22,21543,19374
2026-07-16,23,20708,17934
2026-07-16,24,20140,16747
2026-07-17,1,19424,15913
2026-07-17,2,18850,15386
2026-07-17,3,18400,15097
2026-07-17,4,18376,15071
2026-07-17,5,18693,15525
2026-07-17,6,18547,15601
2026-07-17,7,19499,16572
2026-07-17,8,19823,17467
2026-07-17,9,20645,18272
2026-07-17,10,20820,18810
2026-07-17,11,21541,19403
2026-07-17,12,21913,19816
2026-07-17,13,22401,20262
2026-07-17,14,23104,20742
2026-07-17,15,23556,21081
2026-07-17,16,24047,21659
2026-07-17,17,24180,22134
2026-07-17,18,24025,21702
2026-07-17,19,23647,21098
2026-07-17,20,23521,20530
2026-07-17,21,23020,20189
2026-07-17,22,22199,19092
2026-07-17,23,21164,17850
2026-07-17,24,20410,16734
2026-07-18,1,19290,15925
2026-07-18,2,18856,15474
2026-07-18,3,18563,15122
2026-07-18,4,18677,15127
2026-07-18,5,18961,15266
2026-07-18,6,19176,15482
2026-07-18,7,19446,16018
2026-07-18,8,19837,16875
2026-07-18,9,20604,17852
2026-07-18,10,21019,18542
2026-07-18,11,21542,19150
2026-07-18,12,21332,19019
2026-07-18,13,21955,19314
2026-07-18,14,22987,19678
2026-07-18,15,22984,19677
2026-07-18,16,22947,19592
2026-07-18,17,23811,20282
2026-07-18,18,23562,19918
2026-07-18,19,22968,19191
2026-07-18,20,22378,18486
2026-07-18,21,22191,18284
2026-07-18,22,21118,17375
2026-07-18,23,20164,16362
2026-07-18,24,18649,15204
2026-07-19,1,17452,14515
2026-07-19,2,17176,13946
2026-07-19,3,17015,13671
2026-07-19,4,16623,13211
2026-07-19,5,16143,13005
2026-07-19,6,15894,12851
2026-07-19,7,16225,13377
2026-07-19,8,16714,14136
2026-07-19,9,17052,14745
2026-07-19,10,16966,15175
2026-07-19,11,17516,15599
2026-07-19,12,18023,16059
2026-07-19,13,18631,16428
2026-07-19,14,19116,16701
2026-07-19,15,19738,17166
2026-07-19,16,20932,18068
2026-07-19,17,21909,18728
2026-07-19,18,22448,19028
2026-07-19,19,22645,19079
2026-07-19,20,21907,18546
2026-07-19,21,21160,17917
2026-07-19,22,20275,17036
2026-07-19,23,19290,15838
2026-07-19,24,18119,14962
2026-07-20,1,17388,14553
2026-07-20,2,17023,14276
2026-07-20,3,16995,14087
2026-07-20,4,16966,14048
2026-07-20,5,17256,14129
2026-07-20,6,17324,14692
2026-07-20,7,17666,15716
2026-07-20,8,17950,16129
2026-07-20,9,18246,16584
2026-07-20,10,18805,17121
2026-07-20,11,19402,17427
2026-07-20,12,20133,17672
2026-07-20,13,21031,18305
2026-07-20,14,21449,18717
2026-07-20,15,21917,19218
2026-07-20,16,22737,20109
2026-07-20,17,23567,20738
2026-07-20,18,23106,20414
2026-07-20,19,23050,20106
2026-07-20,20,22614,19653
2026-07-20,21,22479,19450
2026-07-20,22,21409,18365
2026-07-20,23,20467,16995
2026-07-20,24,19562,16216
2026-07-21,1,19019,15475
2026-07-21,2,18697,15018
2026-07-21,3,18599,15097
2026-07-21,4,18635,15010
2026-07-21,5,18189,14838
2026-07-21,6,18998,15561
2026-07-21,7,20061,17048
2026-07-21,8,20584,17673
2026-07-21,9,21123,18549
2026-07-21,10,21759,19171
2026-07-21,11,22261,19466
2026-07-21,12,22951,19489
2026-07-21,13,22831,19459
2026-07-21,14,22765,19600
2026-07-21,15,22904,19811
2026-07-21,16,23033,20027
2026-07-21,17,23507,20088
2026-07-21,18,23486,19774
2026-07-21,19,22871,19087
2026-07-21,20,22776,19021
2026-07-21,21,22510,18792
2026-07-21,22,21824,17764
2026-07-21,23,20367,16281
2026-07-21,24,19032,15169
2026-07-22,1,18323,14504
2026-07-22,2,17926,13999
2026-07-22,3,17574,14002
2026-07-22,4,17659,14074
2026-07-22,5,17540,13898
2026-07-22,6,18144,14445
2026-07-22,7,18837,15459
2026-07-22,8,19181,16007
2026-07-22,9,18952,16077
2026-07-22,10,18901,16231
2026-07-22,11,18916,16267
2026-07-22,12,19419,16267
2026-07-22,13,19430,16242
2026-07-22,14,19885,16332
2026-07-22,15,20167,16545
2026-07-22,16,20844,17196
2026-07-22,17,21594,17766
2026-07-22,18,21821,17941
2026-07-22,19,21751,17937
2026-07-22,20,21390,17735
2026-07-22,21,20803,17423
2026-07-22,22,19768,16525
2026-07-22,23,18770,15301
2026-07-22,24,17607,14221
2026-07-23,1,16458,13656
2026-07-23,2,16458,13513
2026-07-23,3,16542,13432
2026-07-23,4,16772,13527
2026-07-23,5,16850,13675
2026-07-23,6,16881,14101
2026-07-23,7,17063,14705
2026-07-23,8,17415,15288
2026-07-23,9,17815,15721
2026-07-23,10,17877,15761
2026-07-23,11,18118,16032
2026-07-23,12,18858,16526
2026-07-23,13,19471,16983
2026-07-23,14,19736,17173
2026-07-23,15,19841,17405
2026-07-23,16,20752,18094
2026-07-23,17,21286,18887
2026-07-23,18,22312,19240
2026-07-23,19,23046,19501
2026-07-23,20,22747,19126
2026-07-23,21,21676,18446
2026-07-23,22,20976,17534
2026-07-23,23,19454,16240
2026-07-23,24,18057,14957
2026-07-24,1,17181,14159
2026-07-24,2,16935,13699
2026-07-24,3,17102,13645
2026-07-24,4,17077,13540
2026-07-24,5,17189,13954
2026-07-24,6,17235,14293
2026-07-24,7,17462,15141
2026-07-24,8,17930,16011
2026-07-24,9,18618,16666
2026-07-24,10,19006,17064
2026-07-24,11,19188,17283
2026-07-24,12,19581,17665
2026-07-24,13,19863,18141
2026-07-24,14,20399,18408
2026-07-24,15,20951,18772
2026-07-24,16,21820,19350
2026-07-24,17,22780,20151
2026-07-24,18,23337,20383
2026-07-24,19,23238,20158
2026-07-24,20,22684,19348
2026-07-24,21,21874,18642
2026-07-24,22,20731,17546
2026-07-24,23,19149,16468
2026-07-24,24,18319,15503
2026-07-25,1,17919,14887
2026-07-25,2,17477,14328
2026-07-25,3,17343,14087
2026-07-25,4,17277,13908
2026-07-25,5,17410,13785
2026-07-25,6,16769,13661
2026-07-25,7,16544,13913
2026-07-25,8,16863,14696
2026-07-25,9,17533,15477
2026-07-25,10,18275,16184
2026-07-25,11,19685,17311
2026-07-25,12,20591,18203
2026-07-25,13,20947,18708
2026-07-25,14,20972,18790
2026-07-25,15,21324,19249
2026-07-25,16,21952,19633
2026-07-25,17,22354,19892
2026-07-25,18,22672,19852
2026-07-25,19,22639,19504
2026-07-25,20,22425,18953
2026-07-25,21,21829,18537
2026-07-25,22,21312,17779
2026-07-25,23,20231,16785
2026-07-25,24,18753,15657
2026-07-26,1,18351,15056
2026-07-26,2,17847,14522
2026-07-26,3,17804,14401
2026-07-26,4,17639,14209
2026-07-26,5,17659,14153
2026-07-26,6,17253,14071
2026-07-26,7,17223,14447
2026-07-26,8,17221,15120
2026-07-26,9,17833,15907
2026-07-26,10,18390,16520
2026-07-26,11,19513,17542
2026-07-26,12,20035,18195
2026-07-26,13,20474,18627
2026-07-26,14,21042,19047
2026-07-26,15,21135,19566
2026-07-26,16,22144,20350
2026-07-26,17,23060,21146
2026-07-26,18,23441,21261
2026-07-26,19,23232,20982
2026-07-26,20,22606,20358
2026-07-26,21,22245,19971
2026-07-26,22,21332,19001
2026-07-26,23,20224,17689
2026-07-26,24,19878,16653
2026-07-27,1,19243,15992
2026-07-27,2,18707,15589
2026-07-27,3,18293,15368
2026-07-27,4,18323,15319
2026-07-27,5,18556,15675
2026-07-27,6,19041,16217
2026-07-27,7,19132,17157
2026-07-27,8,19612,18048
2026-07-27,9,19352,18549
2026-07-27,10,20017,19239
2026-07-27,11,21269,20109
2026-07-27,12,21995,21009
2026-07-27,13,22520,21659
2026-07-27,14,23212,22033
2026-07-27,15,23075,21872
2026-07-27,16,23307,21956
2026-07-27,17,23997,22461
2026-07-27,18,23894,22249
2026-07-27,19,24077,22231
2026-07-27,20,23404,21781
2026-07-27,21,22936,21359
2026-07-27,22,21430,19961
2026-07-27,23,20174,18562
2026-07-27,24,20237,17499
2026-07-28,1,19591,16785
2026-07-28,2,19371,16309
2026-07-28,3,19045,15929
2026-07-28,4,18983,15871
2026-07-28,5,19211,16114
2026-07-28,6,19389,16613
2026-07-28,7,19756,17609
2026-07-28,8,20099,18268
2026-07-28,9,20490,18729
2026-07-28,10,20688,19198
2026-07-28,11,21466,19841
2026-07-28,12,21973,20203
2026-07-28,13,22458,20633
2026-07-28,14,23239,20814
2026-07-28,15,23184,21016
2026-07-28,16,23730,21334
2026-07-28,17,23988,21635
2026-07-28,18,23982,21367
2026-07-28,19,23811,20926
2026-07-28,20,23107,20173
2026-07-28,21,22419,19887
2026-07-28,22,21668,18771
2026-07-28,23,20921,17402
2026-07-28,24,19974,16291
2026-07-29,1,19495,15857
2026-07-29,2,18613,15269
2026-07-29,3,18638,14847
2026-07-29,4,18432,14691
2026-07-29,5,18499,14928
2026-07-29,6,19035,15440
2026-07-29,7,19400,16473
2026-07-29,8,19908,17260
2026-07-29,9,20567,17954
2026-07-29,10,20923,18266
2026-07-29,11,21115,18653
2026-07-29,12,21292,18969
2026-07-29,13,21503,19253
2026-07-29,14,21813,19441
2026-07-29,15,22495,19578
2026-07-29,16,23061,20313
2026-07-29,17,24047,20893
2026-07-29,18,24374,21029
2026-07-29,19,24114,20816
2026-07-29,20,23253,20358
2026-07-29,21,21978,19669
2026-07-29,22,20844,18503
2026-07-29,23,20216,17298
2026-07-29,24,19336,16243
2026-07-30,1,18461,15691
2026-07-30,2,18065,15120
2026-07-30,3,17572,14678
2026-07-30,4,17321,14392
2026-07-30,5,17666,14445
2026-07-30,6,17705,14765
2026-07-30,7,18177,15993
2026-07-30,8,19162,17184
2026-07-30,9,19457,17702
2026-07-30,10,20018,18384
2026-07-30,11,20204,18713
2026-07-30,12,20884,19531
2026-07-30,13,20996,19955
2026-07-30,14,21513,20416
2026-07-30,15,22385,20878
2026-07-30,16,22577,21520
2026-07-30,17,23438,22501
2026-07-30,18,23805,22615
2026-07-30,19,23832,22510
2026-07-30,20,23204,21839
2026-07-30,21,21843,20851
2026-07-30,22,21007,19533
2026-07-30,23,20234,18125
2026-07-30,24,19210,16753
2026-07-31,1,18020,15703
2026-07-31,2,17674,15275
2026-07-31,3,17525,14977
2026-07-31,4,17342,14790
2026-07-31,5,17454,14909
2026-07-31,6,17875,15504
2026-07-31,7,18126,16132
2026-07-31,8,18904,17249
2026-07-31,9,19523,18113
2026-07-31,10,20475,19120
2026-07-31,11,21342,19960
2026-07-31,12,21924,20528
2026-07-31,13,22310,21119
2026-07-31,14,22731,21689
2026-07-31,15,22846,22159
2026-07-31,16,23691,22720
2026-07-31,17,23921,23381
2026-07-31,18,23867,23123
2026-07-31,19,23549,22506
2026-07-31,20,23056,21489
2026-07-31,21,22733,21082
2026-07-31,22,21654,20067
2026-07-31,23,21160,18915
2026-07-31,24,20150,17649
2026-08-01,1,19717,17055
2026-08-01,2,19023,16620
2026-08-01,3,18794,16310
2026-08-01,4,18389,16015
2026-08-01,5,18331,15894
2026-08-01,6,18478,15871
2026-08-01,7,17835,15749
2026-08-01,8,18771,16908
2026-08-01,9,19291,17894
2026-08-01,10,19660,18799
2026-08-01,11,20377,19859
2026-08-01,12,20944,20460
2026-08-01,13,21337,20838
2026-08-01,14,22061,21199
2026-08-01,15,22404,21521
2026-08-01,16,22509,21522
2026-08-01,17,22418,21521
2026-08-01,18,22462,21128
2026-08-01,19,21996,20406
2026-08-01,20,21922,20074
2026-08-01,21,21633,19741
2026-08-01,22,20918,18869
2026-08-01,23,20183,17897
2026-08-01,24,19003,16975
2026-08-02,1,18363,16399
2026-08-02,2,18060,15858
2026-08-02,3,17652,15477
2026-08-02,4,17421,15234
2026-08-02,5,17253,15058
2026-08-02,6,17463,15001
2026-08-02,7,17175,15112
2026-08-02,8,17949,15947
2026-08-02,9,18628,16681
2026-08-02,10,19096,17153
2026-08-02,11,19343,17524
2026-08-02,12,19486,17611
2026-08-02,13,19759,17741
2026-08-02,14,19611,17655
2026-08-02,15,19511,17529
2026-08-02,16,20296,17667
2026-08-02,17,20822,18045
2026-08-02,18,20665,17691
2026-08-02,19,20201,16945
2026-08-02,20,20394,17124
2026-08-02,21,20077,16918
2026-08-02,22,19013,16181
2026-08-02,23,18335,15520
2026-08-02,24,17475,14628
2026-08-03,1,16629,13891
2026-08-03,2,16390,13418
2026-08-03,3,15976,13047
2026-08-03,4,16054,12957
2026-08-03,5,16042,13093
2026-08-03,6,16212,13300
2026-08-03,7,16460,13739
2026-08-03,8,16985,14481
2026-08-03,9,17112,15001
2026-08-03,10,17456,15642
2026-08-03,11,18018,15990
2026-08-03,12,18762,16597
2026-08-03,13,19269,16920
2026-08-03,14,19758,17289
2026-08-03,15,20392,17858
2026-08-03,16,20878,18555
2026-08-03,17,22164,19596
2026-08-03,18,22745,19969
2026-08-03,19,22623,19914
2026-08-03,20,21799,19193
2026-08-03,21,20231,18432
2026-08-03,22,19197,17402
2026-08-03,23,18204,16310
2026-08-03,24,17419,15201
2026-08-04,1,16620,14591
2026-08-04,2,15884,14344
2026-08-04,3,15549,14072
2026-08-04,4,15484,13959
2026-08-04,5,16025,14068
2026-08-04,6,16652,14402
2026-08-04,7,17648,15640
2026-08-04,8,17712,16373
2026-08-04,9,17520,16858
2026-08-04,10,18013,17469
2026-08-04,11,18544,17982
2026-08-04,12,18944,18556
2026-08-04,13,19911,19330
2026-08-04,14,20313,19710
2026-08-04,15,21617,20550
2026-08-04,16,22025,21114
2026-08-04,17,22872,22073
2026-08-04,18,22762,22379
2026-08-04,19,23186,22045
2026-08-04,20,22865,21349
2026-08-04,21,21143,20421
2026-08-04,22,19906,19034
2026-08-04,23,19090,17689
2026-08-04,24,18566,16551
2026-08-05,1,17906,15810
2026-08-05,2,17585,15162
2026-08-05,3,17370,14836
2026-08-05,4,17334,14727
2026-08-05,5,17409,15059
2026-08-05,6,17855,15584
2026-08-05,7,17921,16333
2026-08-05,8,18456,17019
2026-08-05,9,19361,18018
2026-08-05,10,19904,18907
2026-08-05,11,20059,19437
2026-08-05,12,20325,19910
2026-08-05,13,20836,20549
2026-08-05,14,21398,20951
2026-08-05,15,22316,21716
2026-08-05,16,22944,22734
2026-08-05,17,23609,22985
2026-08-05,18,23390,23015
2026-08-05,19,23679,22867
2026-08-05,20,23602,22594
2026-08-05,21,22751,22097
2026-08-05,22,21656,20783
2026-08-05,23,20064,19276
2026-08-05,24,19016,17962
2026-08-06,1,18826,17163
2026-08-06,2,18570,16472
2026-08-06,3,18433,16331
2026-08-06,4,18396,16212
2026-08-06,5,18635,16439
2026-08-06,6,18595,16966
2026-08-06,7,19029,17395
2026-08-06,8,19620,18610
2026-08-06,9,20264,19312
2026-08-06,10,20794,19987
2026-08-06,11,20806,20248
2026-08-06,12,21764,21328
2026-08-06,13,22420,21948
2026-08-06,14,23321,22302
2026-08-06,15,23403,22556
2026-08-06,16,23580,22688
2026-08-06,17,23855,22689
2026-08-06,18,23869,22465
2026-08-06,19,24022,22286
2026-08-06,20,23753,22095
2026-08-06,21,23016,21830
2026-08-06,22,21829,20635
2026-08-06,23,20677,19474
2026-08-06,24,19670,18315
2026-08-07,1,19318,17562
2026-08-07,2,19180,17038
2026-08-07,3,19134,16879
2026-08-07,4,18840,16704
2026-08-07,5,18854,16736
2026-08-07,6,19033,17265
2026-08-07,7,19471,18058
2026-08-07,8,19990,18723
2026-08-07,9,19793,19144
2026-08-07,10,19428,19287
2026-08-07,11,20039,19751
2026-08-07,12,20586,20230
2026-08-07,13,21504,20609
2026-08-07,14,21960,20873
2026-08-07,15,22744,21126
2026-08-07,16,23252,21380
2026-08-07,17,24047,22114
2026-08-07,18,24000,22509
2026-08-07,19,23632,22344
2026-08-07,20,22716,21674
2026-08-07,21,21457,21126
2026-08-07,22,20390,19877
2026-08-07,23,20021,18654
2026-08-07,24,19255,17569
2026-08-08,1,19135,16953
2026-08-08,2,19047,16555
2026-08-08,3,18707,16203
2026-08-08,4,18602,15993
2026-08-08,5,18662,15845
2026-08-08,6,18299,15790
2026-08-08,7,17998,15766
2026-08-08,8,18226,16659
2026-08-08,9,18775,17693
2026-08-08,10,19286,18541
2026-08-08,11,20120,19477
2026-08-08,12,21197,20249
2026-08-08,13,22325,20873
2026-08-08,14,22550,21190
2026-08-08,15,22576,21204
2026-08-08,16,22172,21038
2026-08-08,17,22212,21072
2026-08-08,18,22816,21371
2026-08-08,19,22585,20965
2026-08-08,20,21418,20381
2026-08-08,21,20502,19809
2026-08-08,22,19543,18654
2026-08-08,23,19185,17596
2026-08-08,24,18612,16333
2026-08-09,1,17842,15521
2026-08-09,2,17267,14685
2026-08-09,3,16812,14133
2026-08-09,4,16941,14294
2026-08-09,5,16791,14217
2026-08-09,6,16931,14168
2026-08-09,7,16885,14537
2026-08-09,8,17138,15089
2026-08-09,9,17838,16145
2026-08-09,10,18420,16967
2026-08-09,11,19143,17760
2026-08-09,12,19656,18365
2026-08-09,13,20135,18933
2026-08-09,14,20368,19326
2026-08-09,15,20646,19850
2026-08-09,16,20586,20495
2026-08-09,17,21180,21116
2026-08-09,18,21329,21036
2026-08-09,19,21209,20538
2026-08-09,20,20617,19969
2026-08-09,21,20036,19658
2026-08-09,22,18866,18452
2026-08-09,23,18768,17689
2026-08-09,24,18627,16770
2026-08-10,1,18330,15983
2026-08-10,2,18504,15558
2026-08-10,3,18266,15391
2026-08-10,4,18123,15448
2026-08-10,5,18219,15855
2026-08-10,6,18549,16664
2026-08-10,7,19049,17569
2026-08-10,8,18941,18151
2026-08-10,9,19276,18759
2026-08-10,10,19518,19287
2026-08-10,11,20029,19817
2026-08-10,12,20778,20322
2026-08-10,13,21637,20963
2026-08-10,14,22365,21628
2026-08-10,15,22983,22128
2026-08-10,16,23298,22465
2026-08-10,17,23874,23142
2026-08-10,18,23978,23085
2026-08-10,19,24283,22708
2026-08-10,20,23560,22128
2026-08-10,21,22203,21569
2026-08-10,22,20359,20180
2026-08-10,23,19558,18777
2026-08-10,24,18736,17464
2026-08-11,1,18453,16857
2026-08-11,2,18463,16549
2026-08-11,3,18354,16148
2026-08-11,4,18231,16092
2026-08-11,5,18406,16288
2026-08-11,6,18684,16811
2026-08-11,7,18790,17326
2026-08-11,8,18817,17981
2026-08-11,9,19364,18549
2026-08-11,10,20269,19323
2026-08-11,11,20862,19982
2026-08-11,12,20917,20534
2026-08-11,13,21183,21006
2026-08-11,14,21959,21688
2026-08-11,15,22276,22066
2026-08-11,16,22496,22353
2026-08-11,17,22977,22799
2026-08-11,18,23087,22663
2026-08-11,19,23247,22164
2026-08-11,20,22568,21540
2026-08-11,21,21795,20854
2026-08-11,22,20115,19518
2026-08-11,23,19689,18206
2026-08-11,24,18802,17047
2026-08-12,1,18508,16326
2026-08-12,2,18240,16004
2026-08-12,3,17515,15394
2026-08-12,4,17771,15284
2026-08-12,5,17745,15464
2026-08-12,6,18152,15986
2026-08-12,7,18197,16488
2026-08-12,8,18786,17402
2026-08-12,9,19291,18075
2026-08-12,10,19881,18773
2026-08-12,11,20533,19368
2026-08-12,12,20654,19870
2026-08-12,13,20346,19976
2026-08-12,14,20309,19938
2026-08-12,15,20557,19981
2026-08-12,16,21268,20344
2026-08-12,17,21980,20660
2026-08-12,18,22696,20507
2026-08-12,19,23157,20429
2026-08-12,20,22432,20158
2026-08-12,21,21165,19624
2026-08-12,22,19876,18636
2026-08-12,23,18882,17222
2026-08-12,24,18493,16291
2026-08-13,1,18261,15873
2026-08-13,2,17863,15306
2026-08-13,3,17630,14971
2026-08-13,4,17560,14914
2026-08-13,5,17494,14852
2026-08-13,6,17726,15453
2026-08-13,7,18441,16435
2026-08-13,8,18967,17342
2026-08-13,9,19650,18000
2026-08-13,10,19976,18583
2026-08-13,11,20115,18744
2026-08-13,12,20561,19778
2026-08-13,13,20753,20377
2026-08-13,14,21245,20825
2026-08-13,15,21724,21309
2026-08-13,16,22342,21901
2026-08-13,17,22856,22353
2026-08-13,18,23123,22212
2026-08-13,19,23157,21737
2026-08-13,20,22130,21171
2026-08-13,21,21306,20658
2026-08-13,22,19894,19407
2026-08-13,23,19081,18014
2026-08-13,24,18467,16848
2026-08-14,1,18250,16103
2026-08-14,2,18079,15616
2026-08-14,3,17980,15428
2026-08-14,4,17704,15312
2026-08-14,5,17991,15450
2026-08-14,6,18037,15922
2026-08-14,7,18254,16564
2026-08-14,8,18523,17318
2026-08-14,9,19162,17985
2026-08-14,10,20456,18785
2026-08-14,11,20934,19369
2026-08-14,12,21453,20053
2026-08-14,13,21408,20624
2026-08-14,14,21185,20869
2026-08-14,15,21289,20905
2026-08-14,16,21447,21280
2026-08-14,17,22150,21872
2026-08-14,18,22536,21842
2026-08-14,19,22586,21370
2026-08-14,20,22240,20640
2026-08-14,21,21500,20033
2026-08-14,22,20296,18850
2026-08-14,23,19545,17679
2026-08-14,24,18707,16536
2026-08-15,1,18130,15817
2026-08-15,2,17846,15197
2026-08-15,3,17665,14830
2026-08-15,4,17885,14645
2026-08-15,5,17836,14723
2026-08-15,6,17708,14877
2026-08-15,7,17908,15372
2026-08-15,8,17887,15879
2026-08-15,9,18303,16526
2026-08-15,10,18839,17229
2026-08-15,11,19427,17890
2026-08-15,12,19887,18341
2026-08-15,13,20204,18502
2026-08-15,14,20149,18625
2026-08-15,15,20480,19053
2026-08-15,16,20717,19604
2026-08-15,17,21129,20096
2026-08-15,18,21318,20239
2026-08-15,19,20994,19653
2026-08-15,20,20848,18768
2026-08-15,21,20740,18161
2026-08-15,22,19818,17184
2026-08-15,23,19270,16260
2026-08-15,24,18946,15389
2026-08-16,1,18239,14873
2026-08-16,2,17885,14479
2026-08-16,3,17494,14112
2026-08-16,4,17300,13874
2026-08-16,5,17265,13774
2026-08-16,6,16809,13608
2026-08-16,7,16453,13734
2026-08-16,8,17207,14769
2026-08-16,9,17725,15745
2026-08-16,10,18222,16626
2026-08-16,11,18955,17475
2026-08-16,12,19618,18243
2026-08-16,13,20099,18524
2026-08-16,14,20200,18962
2026-08-16,15,20462,19499
2026-08-16,16,21218,20433
2026-08-16,17,21370,20825
2026-08-16,18,21418,20561
2026-08-16,19,21780,20291
2026-08-16,20,21723,20051
2026-08-16,21,20797,19718
2026-08-16,22,20126,18713
2026-08-16,23,19367,17800
2026-08-16,24,18968,16773
2026-08-17,1,18711,16190
2026-08-17,2,18494,15978
2026-08-17,3,18299,15834
2026-08-17,4,18298,15806
2026-08-17,5,18534,16109
2026-08-17,6,19171,16765
2026-08-17,7,19467,17392
2026-08-17,8,19601,18207
2026-08-17,9,19799,18924
2026-08-17,10,20311,19742
2026-08-17,11,20564,20241
2026-08-17,12,20838,20488
2026-08-17,13,20892,20951
2026-08-17,14,20647,20737
2026-08-17,15,20953,20912
2026-08-17,16,21671,21452
2026-08-17,17,22497,22108
2026-08-17,18,22693,22009
2026-08-17,19,22901,21604
2026-08-17,20,21982,20815
2026-08-17,21,20189,20006
2026-08-17,22,19319,18637
2026-08-17,23,18848,17390
2026-08-17,24,18248,16229
2026-08-18,1,17667,15451
2026-08-18,2,17431,15078
2026-08-18,3,17283,14765
2026-08-18,4,17225,14517
2026-08-18,5,17445,14759
2026-08-18,6,17675,15259
2026-08-18,7,18144,16111
2026-08-18,8,18282,16827
2026-08-18,9,18866,17516
2026-08-18,10,19203,17993
2026-08-18,11,19547,18542
2026-08-18,12,20539,19248
2026-08-18,13,20917,19985
2026-08-18,14,20952,20217
2026-08-18,15,20750,20037
2026-08-18,16,20910,20519
2026-08-18,17,21996,21266
2026-08-18,18,22377,21264
2026-08-18,19,22443,20957
2026-08-18,20,21754,20368
2026-08-18,21,21679,19939
2026-08-18,22,21069,19004
2026-08-18,23,20287,17797
2026-08-18,24,19024,16645
2026-08-19,1,18483,15887
2026-08-19,2,18088,15622
2026-08-19,3,18069,15157
2026-08-19,4,17505,15064
2026-08-19,5,17538,15231
2026-08-19,6,17704,15955
2026-08-19,7,17679,16401
2026-08-19,8,18875,17355
2026-08-19,9,19533,18108
2026-08-19,10,19918,18608
2026-08-19,11,20317,19099
2026-08-19,12,20637,19559
2026-08-19,13,20999,19973
2026-08-19,14,21335,20173
2026-08-19,15,21491,20362
2026-08-19,16,21885,20912
2026-08-19,17,21684,21362
2026-08-19,18,21902,21191
2026-08-19,19,21725,20564
2026-08-19,20,21399,19939
2026-08-19,21,20410,19106
2026-08-19,22,19485,17758
2026-08-19,23,18463,16661
2026-08-19,24,18084,15576
2026-08-20,1,17487,14820
2026-08-20,2,17140,14468
2026-08-20,3,17034,14255
2026-08-20,4,17123,14107
2026-08-20,5,17494,14290
2026-08-20,6,17590,14562
2026-08-20,7,18098,15382
2026-08-20,8,18549,16259
2026-08-20,9,18355,16572
2026-08-20,10,18468,16978
2026-08-20,11,18633,17186
2026-08-20,12,18982,17514
2026-08-20,13,19846,18236
2026-08-20,14,20339,18533
2026-08-20,15,21137,18814
2026-08-20,16,21242,19321
2026-08-20,17,21542,20021
2026-08-20,18,21891,20166
2026-08-20,19,21574,19762
2026-08-20,20,21164,19401
2026-08-20,21,20312,18851
2026-08-20,22,19072,17650
2026-08-20,23,18117,16509
2026-08-20,24,17892,15543
2026-08-21,1,17326,14970
2026-08-21,2,17235,14708
2026-08-21,3,17298,14502
2026-08-21,4,17190,14380
2026-08-21,5,17820,14558
2026-08-21,6,18224,14897
2026-08-21,7,18387,15451
2026-08-21,8,18274,16221
2026-08-21,9,18707,16957
2026-08-21,10,18905,17521
2026-08-21,11,19286,17955
2026-08-21,12,19563,18358
2026-08-21,13,19958,18812
2026-08-21,14,19963,18993
2026-08-21,15,20611,19320
2026-08-21,16,20894,19831
2026-08-21,17,21281,20394
2026-08-21,18,21587,20422
2026-08-21,19,21543,19961
2026-08-21,20,21047,19346
2026-08-21,21,20286,18854
2026-08-21,22,19422,17801
2026-08-21,23,18733,16675
2026-08-21,24,18418,15774
2026-08-22,1,17809,15169
2026-08-22,2,17398,14688
2026-08-22,3,17418,14374
2026-08-22,4,17292,14288
2026-08-22,5,17223,14047
2026-08-22,6,16922,13765
2026-08-22,7,16843,14128
2026-08-22,8,17135,15088
2026-08-22,9,17521,15973
2026-08-22,10,17966,16532
2026-08-22,11,17919,16785
2026-08-22,12,18395,17257
2026-08-22,13,19317,18049
2026-08-22,14,19957,18487
2026-08-22,15,20033,18620
2026-08-22,16,20176,18842
2026-08-22,17,20166,19069
2026-08-22,18,19874,18566
2026-08-22,19,20008,18190
2026-08-22,20,20221,18002
2026-08-22,21,19244,17562
2026-08-22,22,18852,16747
2026-08-22,23,18455,15902
2026-08-22,24,17634,14938
2026-08-23,1,17116,14144
2026-08-23,2,16664,13689
2026-08-23,3,16583,13405
2026-08-23,4,16690,13386
2026-08-23,5,16627,13340
2026-08-23,6,16627,13447
2026-08-23,7,16951,13810
2026-08-23,8,17644,14569
2026-08-23,9,17771,14995
2026-08-23,10,17792,15408
2026-08-23,11,17975,15708
2026-08-23,12,18163,15947
2026-08-23,13,17897,15983
2026-08-23,14,18016,15764
2026-08-23,15,18488,15858
2026-08-23,16,18734,16302
2026-08-23,17,19256,16902
2026-08-23,18,19677,17068
2026-08-23,19,19866,16812
2026-08-23,20,19536,16750
2026-08-23,21,19047,16432
2026-08-23,22,17880,15545
2026-08-23,23,17147,14653
2026-08-23,24,16546,13905
2026-08-24,1,16465,13398
2026-08-24,2,16444,13151
2026-08-24,3,16391,13037
2026-08-24,4,16302,13029
2026-08-24,5,16234,13116
2026-08-24,6,16683,13940
2026-08-24,7,17296,14939
2026-08-24,8,17867,15856
2026-08-24,9,18092,16151
2026-08-24,10,18074,16219
2026-08-24,11,18146,16294
2026-08-24,12,18325,16296
2026-08-24,13,18577,16551
2026-08-24,14,19012,16866
2026-08-24,15,19235,17007
2026-08-24,16,19833,17444
2026-08-24,17,20319,18036
2026-08-24,18,20472,17998
2026-08-24,19,20024,17676
2026-08-24,20,20126,17831
2026-08-24,21,19374,17365
2026-08-24,22,18856,16462
2026-08-24,23,17953,15572
2026-08-24,24,16954,14682
2026-08-25,1,16287,13949
2026-08-25,2,15973,13571
2026-08-25,3,16170,13582
2026-08-25,4,16345,13635
2026-08-25,5,16913,13975
2026-08-25,6,17526,14692
2026-08-25,7,17915,15529
2026-08-25,8,17910,16156
2026-08-25,9,18278,16524
2026-08-25,10,18407,16840
2026-08-25,11,18771,17152
2026-08-25,12,18914,17521
2026-08-25,13,19316,18003
2026-08-25,14,19592,18238
2026-08-25,15,19807,18524
2026-08-25,16,20632,19222
2026-08-25,17,20728,19863
2026-08-25,18,20884,19837
2026-08-25,19,20952,19478
2026-08-25,20,20485,19168
2026-08-25,21,19926,18693
2026-08-25,22,19310,17383
2026-08-25,23,18311,16246
2026-08-25,24,17353,15150
2026-08-26,1,16852,14575
2026-08-26,2,16941,14327
2026-08-26,3,16516,13951
2026-08-26,4,16681,13968
2026-08-26,5,17131,14265
2026-08-26,6,17385,14755
2026-08-26,7,17899,15487
2026-08-26,8,18044,16040
2026-08-26,9,18985,16941
2026-08-26,10,19535,17582
2026-08-26,11,19889,17966
2026-08-26,12,19897,18352
2026-08-26,13,20363,18850
2026-08-26,14,20408,19105
2026-08-26,15,20985,19614
2026-08-26,16,21264,20122
2026-08-26,17,21618,20684
2026-08-26,18,22020,20617
2026-08-26,19,21683,20118
2026-08-26,20,21958,19874
2026-08-26,21,21111,19222
2026-08-26,22,20349,18067
2026-08-26,23,19478,16920
2026-08-26,24,18646,15929
2026-08-27,1,18020,15349
2026-08-27,2,17820,15053
2026-08-27,3,17874,14820
2026-08-27,4,17673,14759
2026-08-27,5,17814,14948
2026-08-27,6,18713,15790
2026-08-27,7,19103,16611
2026-08-27,8,19347,17641
2026-08-27,9,19534,17951
2026-08-27,10,19859,18522
2026-08-27,11,20063,19070
2026-08-27,12,20242,19413
2026-08-27,13,20187,19525
2026-08-27,14,20723,19984
2026-08-27,15,20950,20222
2026-08-27,16,21549,20584
2026-08-27,17,21316,20945
2026-08-27,18,21434,20787
2026-08-27,19,21909,20337
2026-08-27,20,21379,19970
2026-08-27,21,20861,19324
2026-08-27,22,19557,18047
2026-08-27,23,19139,16878
2026-08-27,24,17937,15714
2026-08-28,1,17698,15017
2026-08-28,2,17029,14445
2026-08-28,3,16780,14091
2026-08-28,4,16883,13990
2026-08-28,5,17465,14315
2026-08-28,6,17955,14780
2026-08-28,7,18088,15642
2026-08-28,8,18222,16249
2026-08-28,9,18333,16497
2026-08-28,10,18761,16789
2026-08-28,11,18895,16992
2026-08-28,12,19349,17436
2026-08-28,13,19557,17745
2026-08-28,14,19826,17750
2026-08-28,15,20021,17771
2026-08-28,16,20227,18141
2026-08-28,17,20764,18625
2026-08-28,18,21428,18832
2026-08-28,19,21269,18443
2026-08-28,20,20749,18116
2026-08-28,21,19530,17350
2026-08-28,22,18791,16486
2026-08-28,23,18067,15557
2026-08-28,24,17077,14743
2026-08-29,1,16514,14092
2026-08-29,2,16255,13608
2026-08-29,3,15959,13350
2026-08-29,4,15767,13123
2026-08-29,5,15764,12731
2026-08-29,6,15954,12950
2026-08-29,7,16025,13342
2026-08-29,8,16124,13826
2026-08-29,9,16548,14423
2026-08-29,10,16882,14652
2026-08-29,11,17476,15164
2026-08-29,12,17804,15608
2026-08-29,13,18615,16103
2026-08-29,14,19078,16524
2026-08-29,15,19269,16986
2026-08-29,16,20383,17768
2026-08-29,17,20509,18380
2026-08-29,18,20306,18135
2026-08-29,19,20381,17698
2026-08-29,20,20398,17749
2026-08-29,21,20436,17786
2026-08-29,22,19828,17264
2026-08-29,23,17479,15569
2026-08-29,24,16878,14852
2026-08-30,1,16139,14316
2026-08-30,2,16059,13793
2026-08-30,3,15642,13407
2026-08-30,4,15887,13226
2026-08-30,5,15925,13360
2026-08-30,6,15792,13518
2026-08-30,7,15858,14003
2026-08-30,8,16552,14809
2026-08-30,9,17185,15540
2026-08-30,10,17723,16240
2026-08-30,11,18043,16646
2026-08-30,12,18524,17035
2026-08-30,13,18648,17092
2026-08-30,14,18876,17133
2026-08-30,15,19226,17312
2026-08-30,16,19477,17825
2026-08-30,17,19734,18097
2026-08-30,18,19802,18166
2026-08-30,19,20144,17874
2026-08-30,20,20476,17971
2026-08-30,21,19407,17301
2026-08-30,22,18765,16442
2026-08-30,23,17802,15586
2026-08-30,24,17274,14744
2026-08-31,1,16994,14427
2026-08-31,2,16529,14241
2026-08-31,3,16406,13950
2026-08-31,4,16295,13735
2026-08-31,5,16690,14106
2026-08-31,6,17796,15252
2026-08-31,7,18873,16472
2026-08-31,8,19603,17388
2026-08-31,9,19474,17871
2026-08-31,10,19942,18496
2026-08-31,11,20137,18720
2026-08-31,12,20437,19029
2026-08-31,13,20620,19270
2026-08-31,14,20866,19344
2026-08-31,15,21087,19259
2026-08-31,16,21110,19402
2026-08-31,17,21135,19655
2026-08-31,18,21307,19570
2026-08-31,19,21616,19426
2026-08-31,20,21747,19574
2026-08-31,21,21429,18962
2026-08-31,22,20615,17887
2026-08-31,23,19886,16865
2026-08-31,24,19012,15747
2026-09-01,1,18184,15194
2026-09-01,2,17958,14965
2026-09-01,3,17852,14832
2026-09-01,4,17573,14562
2026-09-01,5,17664,14896
2026-09-01,6,18266,15816
2026-09-01,7,18378,16586
2026-09-01,8,19126,17885
2026-09-01,9,19696,18653
2026-09-01,10,20694,19498
2026-09-01,11,21093,20007
2026-09-01,12,21127,20655
2026-09-01,13,21592,21053
2026-09-01,14,21606,20947
2026-09-01,15,22489,21401
2026-09-01,16,23435,21972
2026-09-01,17,23855,22414
2026-09-01,18,23527,22085
2026-09-01,19,23269,21640
2026-09-01,20,23522,21493
2026-09-01,21,22396,20733
2026-09-01,22,20666,19500
2026-09-01,23,19944,18483
2026-09-01,24,19143,17224
2026-09-02,1,18213,16586
2026-09-02,2,17657,16027
2026-09-02,3,17604,15707
2026-09-02,4,17362,15421
2026-09-02,5,18123,15973
2026-09-02,6,18943,16795
2026-09-02,7,19406,17727
2026-09-02,8,19478,18402
2026-09-02,9,19962,18857
2026-09-02,10,20413,19300
2026-09-02,11,20510,19622
2026-09-02,12,20715,20043
2026-09-02,13,21814,20727
2026-09-02,14,22998,21432
2026-09-02,15,23230,21639
2026-09-02,16,23644,21787
2026-09-02,17,23313,21400
2026-09-02,18,22312,20472
2026-09-02,19,22277,20351
2026-09-02,20,21775,20029
2026-09-02,21,19889,19243
2026-09-02,22,19865,18242
2026-09-02,23,19422,17304
2026-09-02,24,18355,16194
2026-09-03,1,17926,15634
2026-09-03,2,17235,15208
2026-09-03,3,17236,15062
2026-09-03,4,16968,14968
2026-09-03,5,17306,15040
2026-09-03,6,17859,16014
2026-09-03,7,18165,16897
2026-09-03,8,18594,17792
2026-09-03,9,19325,18557
2026-09-03,10,20124,19421
2026-09-03,11,20461,20159
2026-09-03,12,20920,20936
2026-09-03,13,21501,21517
2026-09-03,14,22405,21741
2026-09-03,15,22894,22114
2026-09-03,16,23378,22182
2026-09-03,17,23158,21723
2026-09-03,18,23077,21273
2026-09-03,19,22890,20845
2026-09-03,20,22698,20626
2026-09-03,21,21056,19806
2026-09-03,22,19251,18588
2026-09-03,23,18668,17406
2026-09-03,24,18206,16390
2026-09-04,1,17581,15516
2026-09-04,2,17111,15209
2026-09-04,3,16789,14757
2026-09-04,4,16809,14675
2026-09-04,5,17249,14799
2026-09-04,6,18425,15748
2026-09-04,7,18354,16098
2026-09-04,8,18544,16958
2026-09-04,9,19144,17654
2026-09-04,10,19973,18628
2026-09-04,11,20748,19204
2026-09-04,12,21075,19555
2026-09-04,13,21617,19814
2026-09-04,14,21210,19513
2026-09-04,15,21223,19497
2026-09-04,16,21540,19660
2026-09-04,17,22093,19907
2026-09-04,18,21868,19595
2026-09-04,19,22105,19379
2026-09-04,20,21819,19326
2026-09-04,21,20970,18665
2026-09-04,22,20305,17645
2026-09-04,23,19301,16569
2026-09-04,24,18132,15654
2026-09-05,1,17764,14884
2026-09-05,2,17354,14368
2026-09-05,3,17305,14180
2026-09-05,4,17214,14091
2026-09-05,5,17338,13960
2026-09-05,6,17421,13957
2026-09-05,7,17150,14279
2026-09-05,8,17137,14998
2026-09-05,9,17703,15804
2026-09-05,10,18512,16535
2026-09-05,11,19121,16965
2026-09-05,12,19530,17392
2026-09-05,13,20072,17805
2026-09-05,14,20253,17830
2026-09-05,15,20534,17894
2026-09-05,16,21375,18290
2026-09-05,17,21940,18677
2026-09-05,18,22479,18923
2026-09-05,19,21768,18427
2026-09-05,20,21251,18036
2026-09-05,21,20088,17442
2026-09-05,22,19363,16598
2026-09-05,23,18595,15671
2026-09-05,24,17815,14771
2026-09-06,1,17221,14279
2026-09-06,2,16833,13870
2026-09-06,3,16586,13663
2026-09-06,4,16618,13588
2026-09-06,5,16557,13538
2026-09-06,6,16511,13365
2026-09-06,7,16219,13567
2026-09-06,8,16322,14264
2026-09-06,9,16404,14899
2026-09-06,10,16643,15214
2026-09-06,11,17323,15707
2026-09-06,12,17954,16169
2026-09-06,13,18454,16445
2026-09-06,14,18549,16552
2026-09-06,15,18739,16848
2026-09-06,16,19255,17426
2026-09-06,17,19700,17970
2026-09-06,18,20932,18462
2026-09-06,19,20750,18123
2026-09-06,20,20113,17486
2026-09-06,21,19186,16797
2026-09-06,22,18196,15936
2026-09-06,23,17348,15097
2026-09-06,24,16825,14377
2026-09-07,1,16119,13885
2026-09-07,2,15824,13571
2026-09-07,3,15301,13380
2026-09-07,4,15161,13332
2026-09-07,5,14938,12996
2026-09-07,6,15140,13013
2026-09-07,7,15039,13301
2026-09-07,8,15154,13729
2026-09-07,9,15784,14387
2026-09-07,10,16406,15232
2026-09-07,11,17032,15808
2026-09-07,12,17684,16453
2026-09-07,13,18291,16913
2026-09-07,14,18495,17119
2026-09-07,15,18894,17509
2026-09-07,16,19760,18349
2026-09-07,17,20879,19322
2026-09-07,18,21278,19224
2026-09-07,19,20988,18813
2026-09-07,20,20647,18524
2026-09-07,21,19570,17690
2026-09-07,22,18251,16504
2026-09-07,23,17645,15593
2026-09-07,24,16726,14787
2026-09-08,1,16587,14306
2026-09-08,2,16315,14027
2026-09-08,3,15940,13861
2026-09-08,4,16019,13745
2026-09-08,5,16190,14309
2026-09-08,6,17231,15174
2026-09-08,7,18013,16275
2026-09-08,8,18268,16749
2026-09-08,9,18580,17337
2026-09-08,10,19231,17846
2026-09-08,11,19140,18058
2026-09-08,12,19493,18408
2026-09-08,13,20269,19005
2026-09-08,14,20516,19350
2026-09-08,15,20916,19879
2026-09-08,16,20947,20441
2026-09-08,17,22096,20924
2026-09-08,18,22560,20698
2026-09-08,19,22236,20035
2026-09-08,20,22019,19897
2026-09-08,21,21337,19019
2026-09-08,22,20423,17845
2026-09-08,23,19717,16724
2026-09-08,24,18740,15986
2026-09-09,1,18088,15231
2026-09-09,2,17858,14992
2026-09-09,3,17892,14894
2026-09-09,4,17750,14887
2026-09-09,5,18140,15318
2026-09-09,6,18856,16109
2026-09-09,7,19694,17354
2026-09-09,8,19782,18059
2026-09-09,9,20176,18524
2026-09-09,10,20536,18969
2026-09-09,11,20969,19151
2026-09-09,12,21089,19391
2026-09-09,13,21411,19478
2026-09-09,14,21724,19560
2026-09-09,15,22372,19609
2026-09-09,16,22564,19856
2026-09-09,17,23372,20116
2026-09-09,18,23124,20039
2026-09-09,19,23451,20085
2026-09-09,20,23248,20089
2026-09-09,21,22543,19339
2026-09-09,22,21222,18120
2026-09-09,23,20142,17055
2026-09-09,24,19306,16229
2026-09-10,1,18650,15463
2026-09-10,2,18410,14983
2026-09-10,3,18140,14908
2026-09-10,4,17825,14920
2026-09-10,5,17736,15007
2026-09-10,6,18871,15762
2026-09-10,7,19394,16773
2026-09-10,8,19283,17012
2026-09-10,9,19489,17515
2026-09-10,10,19882,17812
2026-09-10,11,20163,17936
2026-09-10,12,20470,18216
2026-09-10,13,21013,18642
2026-09-10,14,21329,18879
2026-09-10,15,21730,19324
2026-09-10,16,21894,19825
2026-09-10,17,22016,19851
2026-09-10,18,21465,19243
2026-09-10,19,21350,18813
2026-09-10,20,21144,18709
2026-09-10,21,20389,18077
2026-09-10,22,19568,16966
2026-09-10,23,18750,15881
2026-09-10,24,17572,15055
2026-09-11,1,16900,14551
2026-09-11,2,16615,14305
2026-09-11,3,16538,14133
2026-09-11,4,16619,14226
2026-09-11,5,17003,14289
2026-09-11,6,18140,14966
2026-09-11,7,18747,15961
2026-09-11,8,18265,16335
2026-09-11,9,17660,16191
2026-09-11,10,17659,16090
2026-09-11,11,18124,16288
2026-09-11,12,18427,16578
2026-09-11,13,18846,16997
2026-09-11,14,19161,17075
2026-09-11,15,19674,17345
2026-09-11,16,20144,17944
2026-09-11,17,21109,18825
2026-09-11,18,21454,18989
2026-09-11,19,21477,18651
2026-09-11,20,20902,18298
2026-09-11,21,19888,17513
2026-09-11,22,18779,16391
2026-09-11,23,18050,15454
2026-09-11,24,17585,14583
2026-09-12,1,17240,13947
2026-09-12,2,17026,13574
2026-09-12,3,17202,13731
2026-09-12,4,17479,13794
2026-09-12,5,17431,13739
2026-09-12,6,17479,13980
2026-09-12,7,17422,14536
2026-09-12,8,17056,14757
2026-09-12,9,16752,15077
2026-09-12,10,17466,15777
2026-09-12,11,18180,16375
2026-09-12,12,18967,16567
2026-09-12,13,19683,17174
2026-09-12,14,20468,17672
2026-09-12,15,20874,17938
2026-09-12,16,21521,18528
2026-09-12,17,21661,19068
2026-09-12,18,21825,18961
2026-09-12,19,21914,18710
2026-09-12,20,21411,18483
2026-09-12,21,21286,17802
2026-09-12,22,20623,17045
2026-09-12,23,19607,16125
2026-09-12,24,18399,15149
2026-09-13,1,18339,14830
2026-09-13,2,18289,14847
2026-09-13,3,17906,14697
2026-09-13,4,18029,14618
2026-09-13,5,18071,14660
2026-09-13,6,17980,14670
2026-09-13,7,17582,14736
2026-09-13,8,18202,15593
2026-09-13,9,19028,16399
2026-09-13,10,19103,17001
2026-09-13,11,19214,17422
2026-09-13,12,20131,17957
2026-09-13,13,20496,18414
2026-09-13,14,21307,18756
2026-09-13,15,21692,19162
2026-09-13,16,22133,19472
2026-09-13,17,22511,19745
2026-09-13,18,22541,19425
2026-09-13,19,22481,18778
2026-09-13,20,22162,18247
2026-09-13,21,21372,17339
2026-09-13,22,20473,16520
2026-09-13,23,19216,15548
2026-09-13,24,18226,14715
2026-09-14,1,17967,14141
2026-09-14,2,17872,13841
2026-09-14,3,17504,13461
2026-09-14,4,17028,13051
2026-09-14,5,17277,13628
2026-09-14,6,17802,14736
2026-09-14,7,18568,15776
2026-09-14,8,18150,16008
2026-09-14,9,18003,15927
2026-09-14,10,17405,15483
2026-09-14,11,18107,16028
2026-09-14,12,18090,16285
2026-09-14,13,18578,16585
2026-09-14,14,18667,16398
2026-09-14,15,19018,16533
2026-09-14,16,19896,17296
2026-09-14,17,21218,18212
2026-09-14,18,21137,18365
2026-09-14,19,21340,18371
2026-09-14,20,20847,18009
2026-09-14,21,20214,17290
2026-09-14,22,19039,16221
2026-09-14,23,18111,15011
2026-09-14,24,17154,14275
2026-09-15,1,16944,13778
2026-09-15,2,17142,13669
2026-09-15,3,17422,13597
2026-09-15,4,17476,13567
2026-09-15,5,18068,14242
2026-09-15,6,18660,15107
2026-09-15,7,18828,15865
2026-09-15,8,18829,16267
2026-09-15,9,18148,16059
2026-09-15,10,18454,16213
2026-09-15,11,18656,16407
2026-09-15,12,19495,16857
2026-09-15,13,20041,17249
2026-09-15,14,20193,17449
2026-09-15,15,20014,17412
2026-09-15,16,20103,17527
2026-09-15,17,20786,18001
2026-09-15,18,21162,18177
2026-09-15,19,21649,18335
2026-09-15,20,21177,18257
2026-09-15,21,20378,17684
2026-09-15,22,19259,16633
2026-09-15,23,18614,15637
2026-09-15,24,17889,14866
2026-09-16,1,17602,14557
2026-09-16,2,17444,14317
2026-09-16,3,17338,14503
2026-09-16,4,17379,14530
2026-09-16,5,17406,14989
2026-09-16,6,18901,15978
2026-09-16,7,18947,16810
2026-09-16,8,18878,17235
2026-09-16,9,18469,17393
2026-09-16,10,19171,17879
2026-09-16,11,19433,18152
2026-09-16,12,19623,18369
2026-09-16,13,20025,18686
2026-09-16,14,20475,18927
2026-09-16,15,20923,19201
2026-09-16,16,21231,19681
2026-09-16,17,21392,19946
2026-09-16,18,21828,19669
2026-09-16,19,21693,19556
2026-09-16,20,21692,19359
2026-09-16,21,21145,18558
2026-09-16,22,20512,17208
2026-09-16,23,19520,15957
2026-09-16,24,18204,15133
2026-09-17,1,17974,14792
2026-09-17,2,17684,14682
2026-09-17,3,17820,14572
2026-09-17,4,17923,14428
2026-09-17,5,17922,14781
2026-09-17,6,18694,15463
2026-09-17,7,19273,16439
2026-09-17,8,19765,16955
2026-09-17,9,19712,17090
2026-09-17,10,20114,17306
2026-09-17,11,20260,17425
2026-09-17,12,20224,18039
2026-09-17,13,21443,18570
2026-09-17,14,22094,18826
2026-09-17,15,21681,18597
2026-09-17,16,21701,18696
2026-09-17,17,21305,18759
2026-09-17,18,21212,18692
2026-09-17,19,21003,18617
2026-09-17,20,21397,18665
2026-09-17,21,21123,18014
2026-09-17,22,20404,16969
2026-09-17,23,19582,15842
2026-09-17,24,18409,14906
2026-09-18,1,17971,14426
2026-09-18,2,17859,14230
2026-09-18,3,17613,13867
2026-09-18,4,17647,13879
2026-09-18,5,18176,14387
2026-09-18,6,18807,15084
2026-09-18,7,19285,15972
2026-09-18,8,19232,16219
2026-09-18,9,18760,16361
2026-09-18,10,18940,16250
2026-09-18,11,19105,16222
2026-09-18,12,19568,16377
2026-09-18,13,19957,16590
2026-09-18,14,20296,16709
2026-09-18,15,20583,16721
2026-09-18,16,21006,17266
2026-09-18,17,21378,17432
2026-09-18,18,21097,17359
2026-09-18,19,21154,17292
2026-09-18,20,20940,17156
2026-09-18,21,19409,16378
2026-09-18,22,18330,15456
2026-09-18,23,17760,14504
2026-09-18,24,16872,13735
2026-09-19,1,16355,13125
2026-09-19,2,16341,12884
2026-09-19,3,16257,12574
2026-09-19,4,16468,12556
2026-09-19,5,16771,12757
2026-09-19,6,17041,13113
2026-09-19,7,17098,13563
2026-09-19,8,17310,14162
2026-09-19,9,17170,14444
2026-09-19,10,17334,14802
2026-09-19,11,17795,15220
2026-09-19,12,17816,15305
2026-09-19,13,17722,15115
2026-09-19,14,17541,14879
2026-09-19,15,17798,15038
2026-09-19,16,18425,15448
2026-09-19,17,18777,15567
2026-09-19,18,19186,15764
2026-09-19,19,19205,15744
2026-09-19,20,19067,15718
2026-09-19,21,18628,15165
2026-09-19,22,17853,14498
2026-09-19,23,17298,13958
2026-09-19,24,17183,13459
2026-09-20,1,16898,13134
2026-09-20,2,16802,12959
2026-09-20,3,16818,12963
2026-09-20,4,16779,12921
2026-09-20,5,16951,13042
2026-09-20,6,17045,13123
2026-09-20,7,17053,13370
2026-09-20,8,17422,13950
2026-09-20,9,17536,14458
2026-09-20,10,17689,14672
2026-09-20,11,17946,14882
2026-09-20,12,18293,14833
2026-09-20,13,18483,14765
2026-09-20,14,18773,15135
2026-09-20,15,19167,15485
2026-09-20,16,19522,15931
2026-09-20,17,19961,16584
2026-09-20,18,20019,16616
2026-09-20,19,20280,16594
2026-09-20,20,20030,16378
2026-09-20,21,19375,15742
2026-09-20,22,18737,14701
2026-09-20,23,17618,13748
2026-09-20,24,17258,13423
2026-09-21,1,17291,13306
2026-09-21,2,17202,13106
2026-09-21,3,17037,12949
2026-09-21,4,16753,12665
2026-09-21,5,16542,13064
2026-09-21,6,17719,14103
2026-09-21,7,18886,15456
2026-09-21,8,18772,15719
2026-09-21,9,17849,15375
2026-09-21,10,17340,15126
2026-09-21,11,17407,15113
2026-09-21,12,17324,15323
2026-09-21,13,17744,15416
2026-09-21,14,17838,15306
2026-09-21,15,17995,15561
2026-09-21,16,18762,15939
2026-09-21,17,19926,16814
2026-09-21,18,20305,16917
2026-09-21,19,20398,17151
2026-09-21,20,19997,16946
2026-09-21,21,19112,16189
2026-09-21,22,18286,15156
2026-09-21,23,17639,14311
2026-09-21,24,16831,13551
2026-09-22,1,16737,13418
2026-09-22,2,16631,13263
2026-09-22,3,16454,13031
2026-09-22,4,16331,12940
2026-09-22,5,16250,12938
2026-09-22,6,17387,14051
2026-09-22,7,18525,15367
2026-09-22,8,18640,15730
2026-09-22,9,18291,15508
2026-09-22,10,18080,15114
2026-09-22,11,17268,14731
2026-09-22,12,17359,14662
2026-09-22,13,17713,15035
2026-09-22,14,18521,15219
2026-09-22,15,18636,15308
2026-09-22,16,18823,15734
2026-09-22,17,19518,16433
2026-09-22,18,19433,16671
2026-09-22,19,19528,17012
2026-09-22,20,19636,16874
2026-09-22,21,18989,16120
2026-09-22,22,18291,15070
2026-09-22,23,17203,14175
2026-09-22,24,16709,13531
2026-09-23,1,16347,13166
2026-09-23,2,16274,13097
2026-09-23,3,16144,12937
2026-09-23,4,16365,13183
2026-09-23,5,16778,13513
2026-09-23,6,17712,14368
2026-09-23,7,18053,15484
2026-09-23,8,17952,15709
2026-09-23,9,17330,15528
2026-09-23,10,17559,15395
2026-09-23,11,17241,15103
2026-09-23,12,17318,15100
2026-09-23,13,17199,15133
2026-09-23,14,17041,14899
2026-09-23,15,17120,14971
2026-09-23,16,18086,15929
2026-09-23,17,19243,16711
2026-09-23,18,19489,16915
2026-09-23,19,19574,17073
2026-09-23,20,19418,17019
2026-09-23,21,18950,16257
2026-09-23,22,18393,15371
2026-09-23,23,17381,14417
2026-09-23,24,16985,13888
2026-09-24,1,16672,13564
2026-09-24,2,17085,13554
2026-09-24,3,16924,13333
2026-09-24,4,16778,13222
2026-09-24,5,17117,13574
2026-09-24,6,17865,14705
2026-09-24,7,18374,15788
2026-09-24,8,17790,15893
2026-09-24,9,17265,15664
2026-09-24,10,16999,15439
2026-09-24,11,17003,15185
2026-09-24,12,17068,15074
2026-09-24,13,17278,15216
2026-09-24,14,17273,14966
2026-09-24,15,17684,15177
2026-09-24,16,18118,15688
2026-09-24,17,18972,16563
2026-09-24,18,19611,16927
2026-09-24,19,19907,17136
2026-09-24,20,19581,16916
2026-09-24,21,18657,16254
2026-09-24,22,18303,15443
2026-09-24,23,17315,14623
2026-09-24,24,16744,14030
2026-09-25,1,16991,13855
2026-09-25,2,16487,13308
2026-09-25,3,16363,13196
2026-09-25,4,16319,13137
2026-09-25,5,16914,13576
2026-09-25,6,17735,14615
2026-09-25,7,18356,15739
2026-09-25,8,17994,15929
2026-09-25,9,17364,15571
2026-09-25,10,17236,15334
2026-09-25,11,16667,15158
2026-09-25,12,16522,15129
2026-09-25,13,16587,15204
2026-09-25,14,16766,15341
2026-09-25,15,17188,15487
2026-09-25,16,18003,16310
2026-09-25,17,18558,16956
2026-09-25,18,18939,16847
2026-09-25,19,19342,16867
2026-09-25,20,19223,16632
2026-09-25,21,18289,16032
2026-09-25,22,18041,15218
2026-09-25,23,17325,14543
2026-09-25,24,16792,13950
2026-09-26,1,16277,13312
2026-09-26,2,16062,13131
2026-09-26,3,15886,13031
2026-09-26,4,16179,12987
2026-09-26,5,15826,12710
2026-09-26,6,16012,12989
2026-09-26,7,16503,13673
2026-09-26,8,16543,14159
2026-09-26,9,16217,14530
2026-09-26,10,15914,14376
2026-09-26,11,15949,14522
2026-09-26,12,15965,14722
2026-09-26,13,16066,14757
2026-09-26,14,16249,14866
2026-09-26,15,16585,15009
2026-09-26,16,17573,15467
2026-09-26,17,18333,15961
2026-09-26,18,18761,16105
2026-09-26,19,18901,16158
2026-09-26,20,18561,15814
2026-09-26,21,17689,15182
2026-09-26,22,17360,14444
2026-09-26,23,16674,13648
2026-09-26,24,16199,13113
2026-09-27,1,15863,12968
